FlightID,RouteID,DepartureDateTime,AircraftType,TotalCapacity,FlightStatus,FuelCost,CrewCost,AirportCost,OtherOperatingCost
F000001,R001,2025-01-01 06:30:00,Boeing 737,160,Delayed,12858.94,5067.05,2515.05,1392.18
F000002,R002,2025-01-01 19:00:00,Boeing 737,160,Completed,12506.34,4817.67,2403.03,1061.25
F000003,R003,2025-01-01 13:45:00,Airbus A320,180,Completed,10781.33,3509.8,2708.73,1198.14
F000004,R003,2025-01-01 16:30:00,Boeing 737,160,Completed,9574.92,3789.28,1653.32,879.93
F000005,R004,2025-01-01 17:30:00,Boeing 737,160,Completed,10619.49,3705.38,2959.67,878.53
F000006,R004,2025-01-01 15:30:00,Boeing 737,160,Completed,10568.4,3524.32,1841.85,789.39
F000007,R005,2025-01-01 13:00:00,Airbus A320,180,Completed,3121.93,1204.12,2047.25,870.18
F000008,R006,2025-01-01 14:00:00,Boeing 737,160,Completed,3289.31,1157.68,2193.39,769.95
F000009,R007,2025-01-01 16:00:00,Boeing 737,160,Completed,3752.4,1321.11,2101.75,566.19
F000010,R008,2025-01-01 12:45:00,Airbus A320,180,Completed,3796.74,1300.31,1714.31,639.63
F000011,R008,2025-01-01 14:45:00,Airbus A320,180,Completed,3428.19,1345.76,1707.5,993.52
F000012,R009,2025-01-01 09:15:00,Boeing 737,160,Completed,1088.58,371.09,1595.29,881.62
F000013,R010,2025-01-01 22:30:00,Boeing 737,160,Completed,1065.58,359.58,2827.18,1250.88
F000014,R010,2025-01-01 16:00:00,Airbus A320,180,Completed,1015.08,372.27,2930.72,1375.85
F000015,R001,2025-01-02 22:15:00,Boeing 737,160,Completed,14621.24,4850.23,2458.42,1108.97
F000016,R001,2025-01-02 10:30:00,Boeing 737,160,Completed,13719.71,5087.92,2295.53,500.57
F000017,R002,2025-01-02 21:00:00,Boeing 737,160,Completed,14780.72,5137.47,2747.5,807.51
F000018,R002,2025-01-02 07:15:00,Boeing 737,160,Completed,12484.44,4943.07,1603.82,1260.6
F000019,R003,2025-01-02 10:45:00,Boeing 737,160,Completed,9675.92,3829.5,2134.71,711.8
F000020,R004,2025-01-02 15:45:00,Airbus A320,180,Completed,10027.31,3698.49,1681.51,724.7
F000021,R005,2025-01-02 06:15:00,Boeing 737,160,Completed,2945.0,1212.69,1588.31,567.4
F000022,R005,2025-01-02 07:30:00,Boeing 737,160,Completed,3276.25,1161.68,2228.12,1039.23
F000023,R006,2025-01-02 13:45:00,Airbus A320,180,Completed,3064.71,1140.12,2146.58,923.58
F000024,R006,2025-01-02 20:00:00,Boeing 737,160,Completed,2979.9,1215.11,2700.89,609.27
F000025,R007,2025-01-02 12:45:00,Boeing 737,160,Completed,3470.42,1253.61,1874.71,1423.27
F000026,R008,2025-01-02 09:00:00,Boeing 737,160,Completed,3856.19,1336.66,2773.04,666.31
F000027,R008,2025-01-02 21:45:00,Boeing 737,160,Completed,3782.61,1333.59,1746.96,502.16
F000028,R009,2025-01-02 14:45:00,Airbus A320,180,Completed,1012.66,391.1,2993.13,1055.77
F000029,R009,2025-01-02 21:15:00,Boeing 737,160,Completed,986.68,391.53,2368.77,1042.2
F000030,R010,2025-01-02 07:00:00,Airbus A320,180,Completed,1029.09,387.19,1736.15,1460.78
F000031,R010,2025-01-02 08:15:00,Boeing 737,160,Completed,1048.05,380.55,1852.81,619.89
F000032,R001,2025-01-03 07:00:00,Airbus A320,180,Completed,14040.95,4982.29,1974.55,760.77
F000033,R002,2025-01-03 13:30:00,Airbus A320,180,Completed,12607.57,5022.02,2185.84,1429.02
F000034,R002,2025-01-03 08:00:00,Airbus A320,180,Completed,13942.36,4981.18,1649.97,1037.63
F000035,R003,2025-01-03 10:30:00,Boeing 737,160,Completed,10923.15,3643.83,1736.62,1333.74
F000036,R003,2025-01-03 15:00:00,Airbus A320,180,Completed,11029.72,3545.64,2817.19,764.47
F000037,R004,2025-01-03 10:30:00,Airbus A320,180,Completed,10365.87,3772.34,1805.4,1134.24
F000038,R005,2025-01-03 22:45:00,Airbus A320,180,Completed,3531.85,1229.12,1638.45,923.58
F000039,R005,2025-01-03 14:00:00,Boeing 737,160,Delayed,3158.25,1144.14,2969.7,661.58
F000040,R006,2025-01-03 19:00:00,Boeing 737,160,Completed,2989.46,1233.51,2855.89,1045.59
F000041,R006,2025-01-03 17:15:00,Airbus A320,180,Completed,3023.57,1165.22,2848.47,1296.12
F000042,R007,2025-01-03 17:15:00,Boeing 737,160,Completed,3643.2,1263.24,2339.83,1374.71
F000043,R008,2025-01-03 13:15:00,Boeing 737,160,Delayed,3794.44,1221.08,2604.85,832.19
F000044,R009,2025-01-03 13:30:00,Boeing 737,160,Completed,1087.61,359.34,2808.25,1358.59
F000045,R009,2025-01-03 13:15:00,Airbus A320,180,Completed,997.57,385.99,2806.98,722.92
F000046,R010,2025-01-03 18:30:00,Airbus A320,180,Completed,1103.45,391.46,1918.69,1141.48
F000047,R001,2025-01-04 16:00:00,Boeing 737,160,Completed,14638.99,4831.8,2370.88,1483.55
F000048,R001,2025-01-04 07:00:00,Airbus A320,180,Completed,13192.38,5091.78,2154.59,1484.24
F000049,R002,2025-01-04 18:15:00,Airbus A320,180,Completed,12372.09,4918.35,2279.88,1306.51
F000050,R003,2025-01-04 17:45:00,Boeing 737,160,Completed,11064.48,3847.35,2434.73,1163.39
F000051,R004,2025-01-04 15:30:00,Airbus A320,180,Completed,9800.05,3764.81,2331.62,691.84
F000052,R005,2025-01-04 11:30:00,Airbus A320,180,Completed,3298.32,1128.65,1930.37,929.89
F000053,R005,2025-01-04 16:45:00,Airbus A320,180,Completed,3229.21,1153.99,2209.78,1401.18
F000054,R006,2025-01-04 08:30:00,Airbus A320,180,Completed,3001.32,1241.7,1852.3,810.42
F000055,R007,2025-01-04 10:00:00,Boeing 737,160,Completed,3345.59,1278.81,2774.61,572.83
F000056,R008,2025-01-04 12:45:00,Airbus A320,180,Completed,3454.75,1236.82,2531.43,1392.66
F000057,R008,2025-01-04 09:45:00,Boeing 737,160,Completed,3296.97,1340.71,2276.94,550.22
F000058,R009,2025-01-04 09:45:00,Boeing 737,160,Completed,1090.5,380.27,2981.84,1095.45
F000059,R010,2025-01-04 22:45:00,Airbus A320,180,Completed,1110.21,383.11,2212.01,759.19
F000060,R010,2025-01-04 13:30:00,Airbus A320,180,Completed,1054.57,365.57,1616.23,785.73
F000061,R001,2025-01-05 16:30:00,Boeing 737,160,Completed,12627.97,4816.97,2540.92,1206.42
F000062,R001,2025-01-05 08:45:00,Airbus A320,180,Completed,13152.07,4933.13,1593.4,1332.89
F000063,R002,2025-01-05 06:45:00,Airbus A320,180,Completed,12267.3,4876.62,2630.21,1353.45
F000064,R002,2025-01-05 19:15:00,Airbus A320,180,Completed,12848.63,4918.24,1543.54,836.13
F000065,R003,2025-01-05 11:45:00,Boeing 737,160,Completed,11129.15,3704.6,2860.39,1091.89
F000066,R003,2025-01-05 06:00:00,Airbus A320,180,Completed,9413.25,3677.86,1575.43,879.1
F000067,R004,2025-01-05 20:30:00,Airbus A320,180,Completed,10683.45,3647.37,2628.01,1331.92
F000068,R005,2025-01-05 08:45:00,Boeing 737,160,Delayed,3429.71,1134.79,2927.88,724.22
F000069,R005,2025-01-05 08:00:00,Boeing 737,160,Completed,3560.78,1152.28,1530.57,652.38
F000070,R006,2025-01-05 21:00:00,Boeing 737,160,Completed,3244.15,1159.04,2053.34,1105.89
F000071,R007,2025-01-05 11:30:00,Boeing 737,160,Completed,3580.98,1336.98,2363.7,1408.03
F000072,R008,2025-01-05 18:15:00,Boeing 737,160,Completed,3590.44,1324.38,1864.27,1197.19
F000073,R008,2025-01-05 15:00:00,Boeing 737,160,Completed,3417.76,1272.82,2055.86,1005.96
F000074,R009,2025-01-05 06:45:00,Airbus A320,180,Completed,947.36,391.23,2453.38,1328.71
F000075,R009,2025-01-05 10:45:00,Boeing 737,160,Completed,1076.59,391.41,1905.12,1308.2
F000076,R010,2025-01-05 20:45:00,Airbus A320,180,Completed,991.95,364.48,2901.93,778.93
F000077,R010,2025-01-05 20:15:00,Airbus A320,180,Completed,1042.87,380.29,2004.59,994.31
F000078,R001,2025-01-06 11:45:00,Boeing 737,160,Completed,13217.26,4830.38,1919.49,1096.16
F000079,R001,2025-01-06 14:00:00,Boeing 737,160,Completed,12484.33,5058.94,2232.87,1258.16
F000080,R002,2025-01-06 21:45:00,Boeing 737,160,Completed,12504.59,4812.19,2537.68,806.21
F000081,R002,2025-01-06 17:45:00,Airbus A320,180,Completed,13409.68,5071.74,1996.19,1202.85
F000082,R003,2025-01-06 15:30:00,Boeing 737,160,Completed,9382.7,3578.5,1679.33,1035.86
F000083,R003,2025-01-06 11:15:00,Boeing 737,160,Completed,10637.51,3609.48,2384.38,1260.21
F000084,R004,2025-01-06 09:15:00,Airbus A320,180,Completed,9599.63,3573.65,1521.22,1034.14
F000085,R004,2025-01-06 14:00:00,Boeing 737,160,Completed,10261.35,3764.89,1689.42,1368.46
F000086,R005,2025-01-06 09:00:00,Airbus A320,180,Completed,3247.0,1180.93,1776.55,551.38
F000087,R005,2025-01-06 21:00:00,Boeing 737,160,Completed,3202.12,1137.4,2444.17,553.61
F000088,R006,2025-01-06 15:00:00,Boeing 737,160,Completed,3017.7,1219.42,2409.48,1290.74
F000089,R007,2025-01-06 22:45:00,Airbus A320,180,Completed,3813.54,1256.02,2382.79,928.83
F000090,R008,2025-01-06 09:15:00,Boeing 737,160,Completed,3359.55,1228.31,1859.8,1051.99
F000091,R009,2025-01-06 06:45:00,Airbus A320,180,Completed,1067.45,372.87,1548.96,788.1
F000092,R010,2025-01-06 20:00:00,Boeing 737,160,Completed,1115.7,384.76,2437.59,1161.18
F000093,R010,2025-01-06 12:45:00,Boeing 737,160,Completed,1037.67,379.52,2862.62,1326.63
F000094,R001,2025-01-07 07:15:00,Airbus A320,180,Completed,13871.26,5110.5,2881.79,939.15
F000095,R002,2025-01-07 15:45:00,Airbus A320,180,Completed,13613.79,4946.93,1620.66,539.86
F000096,R002,2025-01-07 19:30:00,Airbus A320,180,Completed,12321.67,4815.82,2511.45,1360.52
F000097,R003,2025-01-07 14:00:00,Boeing 737,160,Completed,10093.1,3747.94,2874.11,681.49
F000098,R004,2025-01-07 21:00:00,Airbus A320,180,Completed,9844.27,3630.46,2505.2,1357.73
F000099,R004,2025-01-07 16:45:00,Airbus A320,180,Completed,9722.96,3856.37,2720.35,1050.1
F000100,R005,2025-01-07 08:30:00,Airbus A320,180,Completed,3151.53,1243.86,2106.26,1014.6
F000101,R005,2025-01-07 06:45:00,Airbus A320,180,Delayed,2975.72,1190.19,2433.95,998.49
F000102,R006,2025-01-07 07:15:00,Airbus A320,180,Completed,3299.16,1238.81,2157.17,1198.25
F000103,R006,2025-01-07 09:00:00,Boeing 737,160,Completed,3404.07,1165.52,1520.51,907.99
F000104,R007,2025-01-07 09:45:00,Boeing 737,160,Delayed,3629.65,1237.64,2898.98,791.86
F000105,R008,2025-01-07 19:45:00,Airbus A320,180,Completed,3344.8,1288.57,2075.38,1421.87
F000106,R008,2025-01-07 22:15:00,Boeing 737,160,Completed,3367.73,1319.18,2122.41,1434.25
F000107,R009,2025-01-07 06:30:00,Airbus A320,180,Cancelled,1097.92,376.99,2489.91,1365.26
F000108,R009,2025-01-07 20:45:00,Airbus A320,180,Completed,994.03,383.83,2065.82,1432.85
F000109,R010,2025-01-07 13:45:00,Boeing 737,160,Completed,1101.73,370.66,1977.26,972.98
F000110,R001,2025-01-08 18:15:00,Airbus A320,180,Completed,14877.98,4764.99,2948.03,831.99
F000111,R001,2025-01-08 09:45:00,Boeing 737,160,Completed,13683.15,4928.68,2583.67,909.98
F000112,R002,2025-01-08 08:45:00,Airbus A320,180,Completed,13172.98,5045.39,2474.75,1351.77
F000113,R003,2025-01-08 16:45:00,Boeing 737,160,Completed,10391.51,3594.08,2526.6,787.38
F000114,R003,2025-01-08 13:00:00,Airbus A320,180,Completed,11124.31,3788.13,2555.84,600.51
F000115,R004,2025-01-08 15:00:00,Boeing 737,160,Completed,9796.38,3528.12,2037.7,930.69
F000116,R005,2025-01-08 22:45:00,Boeing 737,160,Completed,3051.37,1137.98,2806.26,1119.71
F000117,R006,2025-01-08 21:15:00,Boeing 737,160,Completed,3241.62,1158.77,1882.99,509.4
F000118,R007,2025-01-08 15:15:00,Boeing 737,160,Completed,3484.41,1262.2,2381.36,1138.94
F000119,R007,2025-01-08 19:30:00,Airbus A320,180,Completed,3768.97,1243.44,2077.04,983.21
F000120,R008,2025-01-08 18:30:00,Airbus A320,180,Delayed,3872.9,1255.75,2966.92,1158.23
F000121,R009,2025-01-08 06:00:00,Airbus A320,180,Completed,1096.96,389.07,2663.61,730.12
F000122,R009,2025-01-08 17:15:00,Boeing 737,160,Completed,1053.37,380.65,2581.39,1159.18
F000123,R010,2025-01-08 09:00:00,Airbus A320,180,Completed,1087.87,356.55,2047.29,631.41
F000124,R001,2025-01-09 16:45:00,Boeing 737,160,Completed,12797.91,5091.82,2814.69,865.86
F000125,R001,2025-01-09 22:30:00,Boeing 737,160,Completed,12950.85,5110.72,2222.77,1306.49
F000126,R002,2025-01-09 09:45:00,Boeing 737,160,Completed,12634.46,5180.92,2790.21,1224.22
F000127,R002,2025-01-09 18:30:00,Boeing 737,160,Completed,14403.88,4709.39,2304.86,954.79
F000128,R003,2025-01-09 18:30:00,Boeing 737,160,Completed,10508.02,3681.47,2429.32,1443.17
F000129,R003,2025-01-09 16:15:00,Boeing 737,160,Completed,10427.95,3678.81,2551.62,1149.24
F000130,R004,2025-01-09 10:00:00,Boeing 737,160,Completed,9755.74,3689.28,1645.79,1387.26
F000131,R005,2025-01-09 18:45:00,Airbus A320,180,Completed,3378.4,1216.89,2918.96,919.13
F000132,R006,2025-01-09 19:00:00,Airbus A320,180,Completed,3342.57,1240.16,1919.61,1190.28
F000133,R007,2025-01-09 20:45:00,Boeing 737,160,Completed,3776.13,1230.64,2528.52,1044.47
F000134,R008,2025-01-09 07:45:00,Airbus A320,180,Completed,3306.78,1233.56,2772.05,954.72
F000135,R008,2025-01-09 12:00:00,Boeing 737,160,Completed,3727.72,1249.13,1688.89,1064.58
F000136,R009,2025-01-09 12:15:00,Boeing 737,160,Completed,993.23,360.82,2850.8,502.84
F000137,R010,2025-01-09 10:30:00,Boeing 737,160,Delayed,948.26,387.71,1697.7,858.24
F000138,R001,2025-01-10 16:00:00,Boeing 737,160,Completed,12973.71,4765.25,2131.44,613.65
F000139,R002,2025-01-10 21:45:00,Airbus A320,180,Completed,13648.54,4756.48,2255.76,1445.42
F000140,R003,2025-01-10 22:30:00,Airbus A320,180,Completed,10444.07,3518.9,2997.88,1347.3
F000141,R004,2025-01-10 09:45:00,Airbus A320,180,Completed,9286.93,3537.23,2412.45,565.68
F000142,R004,2025-01-10 14:30:00,Airbus A320,180,Completed,11157.39,3703.28,2180.57,1105.43
F000143,R005,2025-01-10 09:15:00,Airbus A320,180,Cancelled,3235.35,1155.75,2008.4,953.5
F000144,R006,2025-01-10 09:30:00,Airbus A320,180,Completed,3144.5,1158.88,2930.39,1186.82
F000145,R006,2025-01-10 21:00:00,Boeing 737,160,Delayed,3483.78,1139.68,1644.85,1238.8
F000146,R007,2025-01-10 07:30:00,Boeing 737,160,Completed,3462.61,1329.9,2911.69,922.94
F000147,R008,2025-01-10 15:30:00,Airbus A320,180,Completed,3246.0,1282.95,1732.1,982.19
F000148,R009,2025-01-10 17:30:00,Boeing 737,160,Completed,1082.52,376.77,2710.83,1345.16
F000149,R010,2025-01-10 14:00:00,Boeing 737,160,Completed,981.86,383.81,2882.31,851.02
F000150,R001,2025-01-11 10:45:00,Boeing 737,160,Completed,12637.5,5015.92,1545.99,1246.11
F000151,R002,2025-01-11 18:45:00,Airbus A320,180,Completed,13179.34,4885.68,2582.39,1276.84
F000152,R003,2025-01-11 07:15:00,Boeing 737,160,Completed,10669.66,3525.77,1622.37,943.11
F000153,R004,2025-01-11 21:45:00,Airbus A320,180,Completed,9692.39,3786.13,1670.73,929.91
F000154,R004,2025-01-11 15:45:00,Airbus A320,180,Completed,9229.92,3653.33,2398.99,507.69
F000155,R005,2025-01-11 12:15:00,Airbus A320,180,Completed,3129.42,1142.85,2246.08,930.66
F000156,R005,2025-01-11 10:45:00,Boeing 737,160,Completed,3267.17,1227.6,2709.3,572.08
F000157,R006,2025-01-11 19:00:00,Airbus A320,180,Completed,3542.19,1231.02,2363.64,1073.4
F000158,R007,2025-01-11 15:00:00,Airbus A320,180,Completed,3187.66,1259.54,2701.98,1118.13
F000159,R007,2025-01-11 17:00:00,Airbus A320,180,Completed,3768.4,1249.09,2383.31,1023.96
F000160,R008,2025-01-11 15:30:00,Boeing 737,160,Completed,3407.8,1239.45,2265.72,614.03
F000161,R008,2025-01-11 22:15:00,Airbus A320,180,Completed,3420.51,1340.74,2468.16,647.69
F000162,R009,2025-01-11 10:30:00,Boeing 737,160,Completed,961.34,361.02,2638.73,575.35
F000163,R010,2025-01-11 20:45:00,Airbus A320,180,Completed,1103.43,378.76,1726.44,568.29
F000164,R010,2025-01-11 20:30:00,Airbus A320,180,Completed,1047.31,368.46,1611.29,961.74
F000165,R001,2025-01-12 07:30:00,Airbus A320,180,Completed,12460.15,5130.3,2782.94,1115.01
F000166,R002,2025-01-12 20:00:00,Airbus A320,180,Completed,14726.14,4985.47,1782.36,1105.01
F000167,R002,2025-01-12 22:15:00,Boeing 737,160,Completed,13477.8,5103.93,2756.07,1482.39
F000168,R003,2025-01-12 22:15:00,Boeing 737,160,Completed,9640.77,3669.02,2159.13,1022.75
F000169,R004,2025-01-12 17:30:00,Airbus A320,180,Completed,9924.39,3793.33,2518.35,552.37
F000170,R005,2025-01-12 08:30:00,Boeing 737,160,Completed,3304.87,1174.52,1877.99,1351.57
F000171,R005,2025-01-12 10:30:00,Boeing 737,160,Delayed,3321.06,1145.4,2024.73,1467.7
F000172,R006,2025-01-12 10:00:00,Airbus A320,180,Completed,3305.5,1205.05,1992.71,627.79
F000173,R006,2025-01-12 22:00:00,Airbus A320,180,Delayed,3272.55,1130.77,1963.3,1451.17
F000174,R007,2025-01-12 21:15:00,Boeing 737,160,Completed,3878.03,1237.76,1943.69,1288.12
F000175,R007,2025-01-12 22:00:00,Airbus A320,180,Completed,3790.89,1297.13,2395.87,654.25
F000176,R008,2025-01-12 11:45:00,Boeing 737,160,Completed,3462.65,1304.61,1856.3,944.2
F000177,R009,2025-01-12 20:15:00,Boeing 737,160,Completed,989.31,385.54,2203.52,1335.11
F000178,R009,2025-01-12 17:45:00,Airbus A320,180,Completed,1083.92,384.4,2254.36,918.66
F000179,R010,2025-01-12 12:15:00,Airbus A320,180,Completed,936.38,373.27,2056.82,1434.29
F000180,R001,2025-01-13 15:00:00,Boeing 737,160,Completed,12993.92,5150.63,1721.02,937.47
F000181,R002,2025-01-13 20:30:00,Boeing 737,160,Completed,13380.81,4898.74,2060.94,886.17
F000182,R003,2025-01-13 17:15:00,Boeing 737,160,Completed,9784.82,3543.98,2572.06,835.29
F000183,R004,2025-01-13 10:00:00,Airbus A320,180,Completed,11000.56,3681.83,2746.67,1258.84
F000184,R005,2025-01-13 20:00:00,Boeing 737,160,Completed,2952.72,1154.22,1724.28,1440.23
F000185,R005,2025-01-13 22:45:00,Boeing 737,160,Completed,3447.45,1156.83,1682.77,738.44
F000186,R006,2025-01-13 08:00:00,Airbus A320,180,Completed,3330.21,1130.55,2273.06,741.94
F000187,R006,2025-01-13 10:30:00,Airbus A320,180,Completed,2941.32,1170.51,2356.0,687.31
F000188,R007,2025-01-13 22:30:00,Boeing 737,160,Completed,3845.19,1287.65,2679.62,1007.62
F000189,R008,2025-01-13 18:45:00,Boeing 737,160,Completed,3621.16,1343.67,1880.48,516.24
F000190,R009,2025-01-13 17:15:00,Boeing 737,160,Completed,1084.35,382.8,1998.78,544.34
F000191,R010,2025-01-13 11:45:00,Airbus A320,180,Completed,1055.6,385.65,1594.65,1276.19
F000192,R010,2025-01-13 20:00:00,Airbus A320,180,Completed,967.12,384.89,2828.69,815.6
F000193,R001,2025-01-14 22:45:00,Airbus A320,180,Completed,12940.9,5075.38,1786.66,856.97
F000194,R001,2025-01-14 07:30:00,Airbus A320,180,Completed,12590.13,4884.67,2834.23,1243.31
F000195,R002,2025-01-14 16:15:00,Airbus A320,180,Completed,14135.41,4884.34,2695.94,766.72
F000196,R002,2025-01-14 08:45:00,Boeing 737,160,Completed,13423.58,5195.07,1770.68,793.77
F000197,R003,2025-01-14 08:30:00,Airbus A320,180,Completed,9760.07,3729.89,2139.17,1189.76
F000198,R004,2025-01-14 20:00:00,Airbus A320,180,Completed,10386.22,3667.98,2459.2,1291.48
F000199,R004,2025-01-14 07:00:00,Airbus A320,180,Completed,9875.44,3803.16,2519.12,1452.79
F000200,R005,2025-01-14 20:00:00,Boeing 737,160,Completed,2984.23,1221.09,2049.49,882.85
F000201,R006,2025-01-14 10:45:00,Airbus A320,180,Delayed,3183.37,1219.25,2360.88,1029.46
F000202,R007,2025-01-14 16:30:00,Boeing 737,160,Completed,3850.21,1221.22,1779.07,1017.75
F000203,R007,2025-01-14 09:30:00,Airbus A320,180,Completed,3669.37,1245.41,2417.82,1193.98
F000204,R008,2025-01-14 12:00:00,Boeing 737,160,Completed,3774.28,1275.85,2848.02,945.11
F000205,R008,2025-01-14 08:30:00,Airbus A320,180,Completed,3673.25,1288.41,1935.54,799.96
F000206,R009,2025-01-14 11:30:00,Boeing 737,160,Completed,950.61,362.82,1708.32,1290.37
F000207,R010,2025-01-14 17:30:00,Airbus A320,180,Delayed,1090.96,375.93,2417.92,586.22
F000208,R001,2025-01-15 18:45:00,Airbus A320,180,Completed,14345.3,5110.05,1610.63,1472.38
F000209,R001,2025-01-15 08:45:00,Airbus A320,180,Completed,14102.85,4873.03,2816.94,1280.26
F000210,R002,2025-01-15 10:45:00,Boeing 737,160,Completed,14514.71,4958.96,1956.19,661.97
F000211,R003,2025-01-15 17:30:00,Boeing 737,160,Completed,9646.58,3741.86,2326.26,625.17
F000212,R004,2025-01-15 08:15:00,Boeing 737,160,Completed,9485.34,3737.96,2853.0,837.62
F000213,R004,2025-01-15 07:00:00,Boeing 737,160,Completed,9230.01,3744.22,2365.16,1151.13
F000214,R005,2025-01-15 06:45:00,Airbus A320,180,Completed,3359.72,1164.49,1867.32,1307.35
F000215,R005,2025-01-15 18:30:00,Airbus A320,180,Completed,2987.98,1135.72,2159.41,984.25
F000216,R006,2025-01-15 16:15:00,Airbus A320,180,Completed,3503.19,1166.53,2982.04,845.37
F000217,R007,2025-01-15 10:30:00,Boeing 737,160,Completed,3397.96,1277.7,1901.21,747.92
F000218,R007,2025-01-15 09:00:00,Airbus A320,180,Completed,3839.54,1328.69,2127.2,1462.69
F000219,R008,2025-01-15 16:30:00,Boeing 737,160,Completed,3711.03,1281.78,2272.09,998.76
F000220,R009,2025-01-15 21:00:00,Boeing 737,160,Completed,1120.08,374.2,2950.03,715.14
F000221,R009,2025-01-15 17:00:00,Boeing 737,160,Completed,983.52,377.65,2764.27,1172.52
F000222,R010,2025-01-15 06:00:00,Airbus A320,180,Completed,953.2,365.19,2048.67,903.25
F000223,R010,2025-01-15 07:45:00,Boeing 737,160,Completed,1042.96,362.58,2329.83,573.53
F000224,R001,2025-01-16 14:00:00,Boeing 737,160,Completed,14905.91,4897.48,2692.35,839.09
F000225,R001,2025-01-16 17:15:00,Boeing 737,160,Completed,13891.46,4901.19,1560.38,538.91
F000226,R002,2025-01-16 21:45:00,Boeing 737,160,Completed,13901.79,4957.68,1991.95,1113.07
F000227,R002,2025-01-16 11:45:00,Airbus A320,180,Completed,13867.67,4953.62,2264.57,989.85
F000228,R003,2025-01-16 21:00:00,Airbus A320,180,Completed,9810.32,3547.87,2124.81,807.68
F000229,R003,2025-01-16 06:45:00,Airbus A320,180,Completed,11101.43,3796.45,2664.24,1077.63
F000230,R004,2025-01-16 21:15:00,Airbus A320,180,Completed,9437.77,3758.72,1547.36,1448.21
F000231,R005,2025-01-16 12:00:00,Airbus A320,180,Completed,3145.27,1146.59,2535.75,910.38
F000232,R006,2025-01-16 07:15:00,Boeing 737,160,Completed,3306.78,1247.18,2217.56,876.82
F000233,R006,2025-01-16 11:45:00,Airbus A320,180,Completed,3297.23,1208.89,2801.48,1180.75
F000234,R007,2025-01-16 21:15:00,Boeing 737,160,Completed,3369.68,1256.17,2912.23,1482.26
F000235,R007,2025-01-16 15:15:00,Airbus A320,180,Delayed,3396.5,1262.62,2900.55,1295.41
F000236,R008,2025-01-16 15:00:00,Airbus A320,180,Completed,3804.55,1268.48,2017.7,1273.06
F000237,R008,2025-01-16 10:30:00,Boeing 737,160,Completed,3375.76,1309.45,2019.55,942.38
F000238,R009,2025-01-16 21:15:00,Boeing 737,160,Completed,1095.96,365.44,2343.03,771.62
F000239,R009,2025-01-16 09:15:00,Boeing 737,160,Completed,936.09,389.15,1838.51,732.84
F000240,R010,2025-01-16 19:30:00,Airbus A320,180,Completed,946.33,384.13,1507.77,1050.35
F000241,R001,2025-01-17 19:45:00,Airbus A320,180,Completed,14022.34,5076.68,1930.87,785.42
F000242,R002,2025-01-17 08:15:00,Boeing 737,160,Completed,14737.52,4789.16,2823.37,675.79
F000243,R003,2025-01-17 18:45:00,Boeing 737,160,Completed,11039.58,3862.62,2889.06,1376.74
F000244,R004,2025-01-17 15:00:00,Airbus A320,180,Completed,9715.53,3872.58,2314.95,993.91
F000245,R005,2025-01-17 22:45:00,Airbus A320,180,Completed,3066.28,1141.98,1743.74,958.91
F000246,R006,2025-01-17 11:00:00,Airbus A320,180,Completed,3456.99,1196.05,2635.92,675.49
F000247,R006,2025-01-17 18:45:00,Airbus A320,180,Completed,2996.97,1208.11,1777.17,640.61
F000248,R007,2025-01-17 13:00:00,Airbus A320,180,Completed,3443.41,1275.17,1900.49,829.63
F000249,R007,2025-01-17 06:30:00,Airbus A320,180,Completed,3661.42,1225.86,1677.34,806.81
F000250,R008,2025-01-17 22:30:00,Boeing 737,160,Completed,3623.31,1338.49,2051.32,720.85
F000251,R008,2025-01-17 10:45:00,Boeing 737,160,Completed,3493.76,1344.67,2060.44,1201.94
F000252,R009,2025-01-17 12:15:00,Boeing 737,160,Completed,1033.75,375.05,2042.68,1417.24
F000253,R009,2025-01-17 09:00:00,Boeing 737,160,Completed,1043.45,360.9,1992.18,1020.34
F000254,R010,2025-01-17 12:45:00,Boeing 737,160,Completed,1110.55,371.96,1583.45,631.94
F000255,R001,2025-01-18 20:00:00,Airbus A320,180,Completed,14082.86,4855.04,1532.66,754.46
F000256,R001,2025-01-18 06:15:00,Boeing 737,160,Completed,12374.55,4873.04,1595.64,1494.12
F000257,R002,2025-01-18 21:00:00,Airbus A320,180,Completed,13364.39,5083.14,2648.74,1478.33
F000258,R003,2025-01-18 17:45:00,Airbus A320,180,Completed,10903.55,3842.18,2063.47,1182.73
F000259,R003,2025-01-18 10:30:00,Boeing 737,160,Completed,9500.11,3705.76,2293.26,1227.86
F000260,R004,2025-01-18 06:00:00,Airbus A320,180,Completed,10077.88,3772.89,2136.19,879.28
F000261,R005,2025-01-18 13:45:00,Airbus A320,180,Completed,3041.66,1150.99,2812.81,1265.49
F000262,R006,2025-01-18 19:00:00,Boeing 737,160,Completed,3074.95,1140.59,1550.36,1097.78
F000263,R007,2025-01-18 13:00:00,Airbus A320,180,Completed,3482.46,1287.1,2631.58,1276.06
F000264,R008,2025-01-18 22:30:00,Boeing 737,160,Completed,3748.16,1311.68,1978.36,1097.92
F000265,R009,2025-01-18 13:30:00,Boeing 737,160,Completed,1128.41,374.79,2120.34,775.15
F000266,R009,2025-01-18 11:45:00,Airbus A320,180,Completed,935.29,368.18,2464.97,881.15
F000267,R010,2025-01-18 19:45:00,Boeing 737,160,Delayed,987.34,362.18,2306.89,740.97
F000268,R010,2025-01-18 13:30:00,Boeing 737,160,Completed,1091.4,389.51,2343.58,1467.79
F000269,R001,2025-01-19 18:15:00,Airbus A320,180,Completed,12804.83,5022.62,2883.34,1347.13
F000270,R002,2025-01-19 12:00:00,Airbus A320,180,Completed,13278.09,5001.96,1559.32,572.78
F000271,R003,2025-01-19 21:15:00,Airbus A320,180,Completed,9753.35,3843.0,1817.71,690.02
F000272,R004,2025-01-19 21:15:00,Boeing 737,160,Completed,9943.1,3595.76,1982.42,783.06
F000273,R005,2025-01-19 17:30:00,Airbus A320,180,Completed,3175.29,1233.48,2199.01,1302.82
F000274,R005,2025-01-19 21:30:00,Boeing 737,160,Completed,3182.52,1177.77,2343.79,721.27
F000275,R006,2025-01-19 06:30:00,Airbus A320,180,Completed,3133.18,1151.91,1845.03,1069.79
F000276,R007,2025-01-19 21:30:00,Airbus A320,180,Completed,3711.2,1280.54,2585.34,1239.59
F000277,R008,2025-01-19 11:30:00,Boeing 737,160,Completed,3271.63,1287.97,1776.07,1389.36
F000278,R008,2025-01-19 07:00:00,Boeing 737,160,Completed,3839.4,1303.57,2646.51,912.39
F000279,R009,2025-01-19 08:15:00,Boeing 737,160,Completed,970.64,372.35,1590.68,1137.73
F000280,R010,2025-01-19 21:00:00,Boeing 737,160,Completed,1035.13,370.68,1525.09,1222.19
F000281,R010,2025-01-19 15:00:00,Airbus A320,180,Completed,1091.48,389.33,1660.52,596.31
F000282,R001,2025-01-20 13:15:00,Airbus A320,180,Completed,14470.67,4834.83,2095.34,873.05
F000283,R002,2025-01-20 20:15:00,Boeing 737,160,Completed,13067.93,5112.39,1620.93,1491.67
F000284,R002,2025-01-20 07:00:00,Airbus A320,180,Completed,13283.8,4976.09,1584.17,509.45
F000285,R003,2025-01-20 08:45:00,Airbus A320,180,Completed,10447.25,3629.71,2965.99,1473.84
F000286,R004,2025-01-20 13:15:00,Airbus A320,180,Completed,9688.19,3848.6,2526.64,780.37
F000287,R005,2025-01-20 11:30:00,Boeing 737,160,Completed,3568.52,1198.34,2628.38,1212.71
F000288,R006,2025-01-20 08:30:00,Boeing 737,160,Completed,3308.79,1195.92,2774.16,1177.03
F000289,R006,2025-01-20 16:45:00,Boeing 737,160,Completed,3456.81,1210.49,1617.64,1245.46
F000290,R007,2025-01-20 07:00:00,Airbus A320,180,Completed,3336.63,1227.65,2407.75,1113.87
F000291,R007,2025-01-20 18:30:00,Boeing 737,160,Completed,3620.07,1318.35,2175.83,728.14
F000292,R008,2025-01-20 19:15:00,Airbus A320,180,Completed,3233.37,1297.21,2697.08,1213.11
F000293,R008,2025-01-20 08:30:00,Boeing 737,160,Completed,3440.89,1318.39,1731.42,889.62
F000294,R009,2025-01-20 09:00:00,Boeing 737,160,Completed,1119.62,371.93,2642.02,602.23
F000295,R009,2025-01-20 08:15:00,Airbus A320,180,Completed,1017.98,376.05,2112.07,526.26
F000296,R010,2025-01-20 08:30:00,Airbus A320,180,Completed,928.19,370.78,2668.75,1224.84
F000297,R010,2025-01-20 13:15:00,Airbus A320,180,Completed,960.52,365.36,1902.61,645.93
F000298,R001,2025-01-21 19:30:00,Airbus A320,180,Completed,13067.33,5089.92,2041.69,1444.22
F000299,R002,2025-01-21 12:45:00,Boeing 737,160,Completed,12620.12,4705.85,2093.54,1341.61
F000300,R002,2025-01-21 18:30:00,Airbus A320,180,Completed,13162.57,5106.16,2789.26,1474.23
F000301,R003,2025-01-21 15:30:00,Boeing 737,160,Completed,10110.38,3572.98,2097.36,819.14
F000302,R004,2025-01-21 13:30:00,Airbus A320,180,Completed,9706.88,3797.54,2047.52,1432.07
F000303,R004,2025-01-21 12:15:00,Boeing 737,160,Completed,11072.87,3677.83,2562.55,938.45
F000304,R005,2025-01-21 08:45:00,Airbus A320,180,Completed,3031.24,1164.58,1879.02,654.14
F000305,R005,2025-01-21 19:45:00,Boeing 737,160,Completed,3233.72,1199.63,2373.37,1034.37
F000306,R006,2025-01-21 07:30:00,Boeing 737,160,Completed,3011.76,1158.09,2497.04,666.34
F000307,R006,2025-01-21 07:45:00,Airbus A320,180,Completed,3571.3,1179.74,1515.82,758.74
F000308,R007,2025-01-21 20:30:00,Airbus A320,180,Completed,3499.46,1305.02,2535.66,650.74
F000309,R008,2025-01-21 21:00:00,Airbus A320,180,Completed,3466.25,1341.19,1674.1,1440.68
F000310,R009,2025-01-21 17:30:00,Airbus A320,180,Completed,1019.31,363.04,2224.39,976.16
F000311,R010,2025-01-21 20:30:00,Boeing 737,160,Completed,987.41,385.6,1672.63,1349.18
F000312,R010,2025-01-21 09:15:00,Boeing 737,160,Completed,1031.79,375.94,1996.48,926.37
F000313,R001,2025-01-22 13:45:00,Boeing 737,160,Completed,12758.69,5027.87,2093.37,1237.39
F000314,R001,2025-01-22 12:45:00,Airbus A320,180,Completed,13309.86,5051.34,1808.68,1252.33
F000315,R002,2025-01-22 09:15:00,Airbus A320,180,Completed,13138.74,4928.99,1893.53,1362.64
F000316,R003,2025-01-22 18:45:00,Boeing 737,160,Completed,9844.2,3819.57,2426.04,1313.74
F000317,R003,2025-01-22 15:00:00,Boeing 737,160,Completed,9773.65,3595.48,1675.42,873.31
F000318,R004,2025-01-22 22:45:00,Airbus A320,180,Completed,10348.8,3719.62,2134.56,986.67
F000319,R005,2025-01-22 11:45:00,Airbus A320,180,Completed,3031.97,1165.97,2176.5,553.61
F000320,R006,2025-01-22 06:45:00,Boeing 737,160,Completed,3067.8,1174.21,2342.37,1153.07
F000321,R006,2025-01-22 19:45:00,Airbus A320,180,Completed,3404.31,1181.33,1750.88,1065.4
F000322,R007,2025-01-22 15:00:00,Airbus A320,180,Completed,3331.49,1254.91,2671.11,1065.65
F000323,R008,2025-01-22 22:00:00,Boeing 737,160,Completed,3361.84,1287.53,2986.34,1042.04
F000324,R008,2025-01-22 07:45:00,Boeing 737,160,Completed,3870.84,1231.03,2745.11,1251.35
F000325,R009,2025-01-22 07:45:00,Airbus A320,180,Completed,997.35,385.85,2158.6,1493.96
F000326,R009,2025-01-22 13:15:00,Airbus A320,180,Completed,1102.77,378.12,2142.25,1116.15
F000327,R010,2025-01-22 12:00:00,Airbus A320,180,Completed,1035.14,377.62,1752.57,1479.0
F000328,R001,2025-01-23 15:30:00,Boeing 737,160,Completed,12620.39,5073.8,2117.39,559.29
F000329,R001,2025-01-23 14:15:00,Boeing 737,160,Completed,12931.0,5054.64,2742.72,1261.47
F000330,R002,2025-01-23 21:15:00,Airbus A320,180,Completed,13960.47,4888.21,1613.27,1294.6
F000331,R002,2025-01-23 08:45:00,Airbus A320,180,Completed,14142.58,5136.77,2182.04,988.04
F000332,R003,2025-01-23 08:45:00,Airbus A320,180,Completed,10863.93,3801.16,2096.57,1468.13
F000333,R004,2025-01-23 21:30:00,Airbus A320,180,Completed,10819.73,3632.1,2366.9,1066.14
F000334,R005,2025-01-23 16:00:00,Boeing 737,160,Completed,3005.36,1221.73,2189.37,624.24
F000335,R005,2025-01-23 11:45:00,Airbus A320,180,Completed,2940.74,1242.41,1803.48,1188.59
F000336,R006,2025-01-23 15:15:00,Airbus A320,180,Completed,3001.29,1171.42,1623.63,1164.51
F000337,R007,2025-01-23 07:45:00,Airbus A320,180,Completed,3684.84,1314.72,2143.85,591.2
F000338,R008,2025-01-23 06:15:00,Airbus A320,180,Completed,3227.9,1294.01,2279.17,945.07
F000339,R009,2025-01-23 16:00:00,Airbus A320,180,Completed,1068.41,373.17,1843.42,589.33
F000340,R010,2025-01-23 09:30:00,Airbus A320,180,Completed,1106.87,360.43,2660.19,1253.16
F000341,R001,2025-01-24 10:00:00,Boeing 737,160,Completed,13912.84,4783.74,2026.78,713.06
F000342,R002,2025-01-24 19:45:00,Boeing 737,160,Completed,12487.26,4752.23,2628.67,1089.57
F000343,R003,2025-01-24 17:45:00,Airbus A320,180,Completed,10744.06,3598.88,2466.93,748.17
F000344,R003,2025-01-24 15:00:00,Airbus A320,180,Completed,9554.88,3731.48,1782.97,891.75
F000345,R004,2025-01-24 13:45:00,Airbus A320,180,Completed,9366.64,3691.85,2390.89,1028.29
F000346,R005,2025-01-24 17:30:00,Boeing 737,160,Delayed,3193.06,1228.27,2131.3,1046.36
F000347,R006,2025-01-24 21:00:00,Boeing 737,160,Completed,3324.08,1130.24,1823.61,1422.58
F000348,R007,2025-01-24 22:30:00,Airbus A320,180,Completed,3471.61,1269.47,2460.81,1037.66
F000349,R007,2025-01-24 10:30:00,Boeing 737,160,Completed,3391.47,1283.45,1804.8,1308.06
F000350,R008,2025-01-24 18:00:00,Airbus A320,180,Completed,3665.59,1311.48,2769.7,557.91
F000351,R008,2025-01-24 08:45:00,Boeing 737,160,Completed,3492.62,1295.95,1963.94,1241.69
F000352,R009,2025-01-24 09:00:00,Boeing 737,160,Delayed,1069.95,361.43,2929.52,1023.01
F000353,R010,2025-01-24 11:30:00,Boeing 737,160,Completed,1079.88,387.97,2599.4,618.06
F000354,R010,2025-01-24 06:30:00,Airbus A320,180,Completed,981.6,357.69,2568.48,1076.65
F000355,R001,2025-01-25 21:45:00,Airbus A320,180,Completed,12402.18,5127.88,1750.32,657.31
F000356,R002,2025-01-25 09:15:00,Boeing 737,160,Completed,12371.14,5129.65,1866.83,971.76
F000357,R003,2025-01-25 10:15:00,Boeing 737,160,Completed,10260.35,3844.83,2611.0,919.37
F000358,R003,2025-01-25 16:15:00,Airbus A320,180,Completed,10997.43,3625.52,2739.0,1071.54
F000359,R004,2025-01-25 22:00:00,Boeing 737,160,Completed,9590.9,3697.82,1568.89,900.92
F000360,R005,2025-01-25 15:30:00,Airbus A320,180,Completed,2996.74,1182.86,2053.38,791.6
F000361,R005,2025-01-25 15:15:00,Airbus A320,180,Completed,3180.93,1244.06,2996.68,1275.89
F000362,R006,2025-01-25 10:00:00,Airbus A320,180,Completed,2955.92,1192.94,2453.91,1193.46
F000363,R007,2025-01-25 16:00:00,Airbus A320,180,Completed,3771.58,1311.13,1655.92,1029.81
F000364,R008,2025-01-25 19:45:00,Boeing 737,160,Completed,3858.7,1236.15,1919.74,543.9
F000365,R009,2025-01-25 22:45:00,Airbus A320,180,Completed,1019.95,383.27,2371.16,1005.43
F000366,R010,2025-01-25 08:00:00,Airbus A320,180,Completed,1061.91,360.19,1937.51,1350.91
F000367,R010,2025-01-25 18:30:00,Airbus A320,180,Completed,1018.78,364.04,2915.33,636.11
F000368,R001,2025-01-26 10:00:00,Boeing 737,160,Completed,13475.2,4857.95,1681.11,858.29
F000369,R002,2025-01-26 20:30:00,Airbus A320,180,Completed,12972.73,4761.86,1736.42,1186.05
F000370,R003,2025-01-26 12:30:00,Boeing 737,160,Completed,9322.92,3599.04,2033.61,1013.46
F000371,R004,2025-01-26 14:15:00,Boeing 737,160,Completed,11071.03,3822.92,2333.93,1050.12
F000372,R004,2025-01-26 09:45:00,Boeing 737,160,Completed,10770.09,3559.01,1517.94,1330.37
F000373,R005,2025-01-26 10:15:00,Airbus A320,180,Completed,3183.52,1203.48,2467.03,1082.32
F000374,R006,2025-01-26 08:00:00,Boeing 737,160,Completed,3069.51,1205.34,2713.95,591.98
F000375,R006,2025-01-26 16:00:00,Boeing 737,160,Completed,3555.99,1134.62,2886.2,933.16
F000376,R007,2025-01-26 21:00:00,Airbus A320,180,Completed,3654.68,1240.05,1822.07,687.15
F000377,R007,2025-01-26 14:45:00,Boeing 737,160,Completed,3197.38,1297.28,1868.68,795.11
F000378,R008,2025-01-26 21:00:00,Boeing 737,160,Completed,3370.22,1235.49,1799.19,1384.65
F000379,R008,2025-01-26 22:15:00,Boeing 737,160,Completed,3870.58,1318.14,2038.67,1044.52
F000380,R009,2025-01-26 17:30:00,Airbus A320,180,Completed,981.28,356.27,2395.67,529.3
F000381,R009,2025-01-26 14:00:00,Airbus A320,180,Completed,1034.55,383.98,2999.41,1473.98
F000382,R010,2025-01-26 13:15:00,Airbus A320,180,Completed,1035.43,384.89,2605.59,1264.05
F000383,R001,2025-01-27 18:30:00,Boeing 737,160,Completed,12730.68,4995.8,2709.32,1197.63
F000384,R002,2025-01-27 17:15:00,Boeing 737,160,Delayed,14529.16,5103.65,2955.58,1042.12
F000385,R003,2025-01-27 21:00:00,Boeing 737,160,Completed,9251.75,3729.53,1529.89,977.99
F000386,R004,2025-01-27 12:15:00,Airbus A320,180,Completed,10593.51,3846.61,2766.43,823.59
F000387,R004,2025-01-27 06:15:00,Boeing 737,160,Completed,10710.13,3819.92,2791.0,1460.56
F000388,R005,2025-01-27 18:00:00,Airbus A320,180,Completed,3137.47,1144.81,1736.26,1448.69
F000389,R005,2025-01-27 21:30:00,Boeing 737,160,Completed,3402.37,1195.36,2834.4,1113.71
F000390,R006,2025-01-27 13:15:00,Airbus A320,180,Completed,3140.78,1210.39,1691.02,1228.83
F000391,R006,2025-01-27 18:00:00,Boeing 737,160,Completed,3333.9,1238.02,2951.3,720.9
F000392,R007,2025-01-27 21:15:00,Airbus A320,180,Completed,3698.49,1248.41,2973.57,667.89
F000393,R008,2025-01-27 16:45:00,Boeing 737,160,Completed,3359.95,1249.89,1601.69,756.66
F000394,R009,2025-01-27 06:00:00,Airbus A320,180,Completed,1015.79,371.0,1749.51,914.02
F000395,R010,2025-01-27 17:45:00,Boeing 737,160,Completed,1096.14,384.8,2367.08,1258.24
F000396,R010,2025-01-27 13:15:00,Airbus A320,180,Completed,940.81,386.93,1942.36,818.72
F000397,R001,2025-01-28 08:30:00,Boeing 737,160,Completed,14668.64,4782.15,1612.5,1441.83
F000398,R002,2025-01-28 16:45:00,Boeing 737,160,Completed,13425.53,5026.05,2410.98,934.2
F000399,R003,2025-01-28 09:30:00,Boeing 737,160,Completed,11116.31,3658.51,2331.17,1425.57
F000400,R004,2025-01-28 15:30:00,Boeing 737,160,Completed,9332.47,3652.46,2324.49,990.95
F000401,R004,2025-01-28 07:30:00,Boeing 737,160,Completed,10006.0,3616.15,2493.03,1100.22
F000402,R005,2025-01-28 09:00:00,Boeing 737,160,Completed,3051.92,1163.27,1622.9,1343.77
F000403,R006,2025-01-28 18:45:00,Airbus A320,180,Completed,3525.01,1160.08,2462.8,887.53
F000404,R006,2025-01-28 17:45:00,Airbus A320,180,Completed,3062.21,1133.9,2159.61,763.4
F000405,R007,2025-01-28 07:15:00,Boeing 737,160,Completed,3233.38,1261.97,2312.17,1470.71
F000406,R007,2025-01-28 13:00:00,Airbus A320,180,Completed,3750.01,1271.57,2303.27,1366.89
F000407,R008,2025-01-28 13:45:00,Airbus A320,180,Completed,3228.62,1333.64,2571.46,1002.1
F000408,R008,2025-01-28 22:15:00,Boeing 737,160,Completed,3842.27,1275.47,2923.59,667.16
F000409,R009,2025-01-28 12:15:00,Boeing 737,160,Completed,1012.74,392.26,2153.09,1497.27
F000410,R010,2025-01-28 14:30:00,Boeing 737,160,Completed,943.55,376.11,2328.08,1356.62
F000411,R001,2025-01-29 06:45:00,Boeing 737,160,Completed,13379.57,4775.86,2381.9,1258.38
F000412,R001,2025-01-29 09:00:00,Boeing 737,160,Completed,14390.44,5131.9,2820.2,1377.89
F000413,R002,2025-01-29 18:45:00,Airbus A320,180,Completed,12353.25,4838.83,1715.78,1108.66
F000414,R002,2025-01-29 18:00:00,Airbus A320,180,Completed,14673.12,4866.59,1856.37,1245.75
F000415,R003,2025-01-29 17:00:00,Airbus A320,180,Completed,10797.48,3619.29,1920.52,991.62
F000416,R003,2025-01-29 09:15:00,Boeing 737,160,Completed,9747.86,3781.98,2661.05,820.87
F000417,R004,2025-01-29 08:15:00,Airbus A320,180,Completed,9566.95,3811.61,2611.42,1259.49
F000418,R004,2025-01-29 17:00:00,Boeing 737,160,Completed,9270.94,3769.37,2105.08,1280.52
F000419,R005,2025-01-29 11:15:00,Boeing 737,160,Completed,3487.18,1158.24,2184.67,1418.03
F000420,R006,2025-01-29 14:30:00,Airbus A320,180,Completed,3270.35,1204.09,1685.81,530.56
F000421,R007,2025-01-29 21:45:00,Boeing 737,160,Completed,3850.21,1278.74,2327.0,844.25
F000422,R007,2025-01-29 14:00:00,Airbus A320,180,Completed,3192.31,1224.27,2780.73,1279.83
F000423,R008,2025-01-29 13:15:00,Boeing 737,160,Completed,3362.68,1270.4,1530.08,1280.3
F000424,R009,2025-01-29 21:15:00,Boeing 737,160,Completed,1049.3,355.62,1878.59,1305.09
F000425,R010,2025-01-29 14:45:00,Airbus A320,180,Completed,1100.82,372.47,1827.31,802.15
F000426,R010,2025-01-29 22:45:00,Boeing 737,160,Completed,927.16,392.68,2949.73,1339.38
F000427,R001,2025-01-30 15:00:00,Airbus A320,180,Completed,12425.05,5191.74,2460.89,1361.49
F000428,R001,2025-01-30 14:30:00,Boeing 737,160,Completed,12659.43,5081.41,2849.53,1305.43
F000429,R002,2025-01-30 16:15:00,Boeing 737,160,Completed,14035.58,5196.25,1889.14,918.57
F000430,R002,2025-01-30 18:00:00,Boeing 737,160,Completed,13185.52,5055.62,2529.48,1138.31
F000431,R003,2025-01-30 17:30:00,Boeing 737,160,Completed,10844.7,3831.0,1771.7,597.6
F000432,R003,2025-01-30 10:30:00,Boeing 737,160,Completed,11060.52,3839.53,2481.65,722.25
F000433,R004,2025-01-30 15:45:00,Airbus A320,180,Completed,9892.44,3723.59,2195.64,617.78
F000434,R005,2025-01-30 08:45:00,Boeing 737,160,Completed,3267.31,1231.66,2072.5,798.36
F000435,R006,2025-01-30 10:15:00,Boeing 737,160,Completed,3164.2,1245.88,2839.27,1486.65
F000436,R007,2025-01-30 16:15:00,Boeing 737,160,Completed,3516.74,1298.8,1765.24,1134.5
F000437,R008,2025-01-30 20:30:00,Boeing 737,160,Completed,3709.67,1239.52,2646.73,989.58
F000438,R009,2025-01-30 10:45:00,Airbus A320,180,Completed,1008.63,391.4,2074.97,537.73
F000439,R010,2025-01-30 17:00:00,Airbus A320,180,Completed,1081.33,375.16,1526.87,504.12
F000440,R001,2025-01-31 13:30:00,Airbus A320,180,Completed,12602.26,4892.36,2383.01,667.02
F000441,R002,2025-01-31 15:30:00,Airbus A320,180,Completed,14232.77,4997.7,2006.75,1387.97
F000442,R003,2025-01-31 16:45:00,Airbus A320,180,Completed,10660.88,3568.27,2860.34,1312.01
F000443,R004,2025-01-31 13:15:00,Boeing 737,160,Completed,9566.54,3515.49,2256.95,623.16
F000444,R005,2025-01-31 18:30:00,Boeing 737,160,Completed,3328.37,1134.3,1662.17,1336.12
F000445,R006,2025-01-31 09:45:00,Airbus A320,180,Completed,3188.76,1193.62,2211.59,653.13
F000446,R007,2025-01-31 15:45:00,Boeing 737,160,Completed,3640.07,1252.51,2408.45,637.16
F000447,R008,2025-01-31 22:00:00,Airbus A320,180,Completed,3253.34,1231.52,1797.97,699.75
F000448,R009,2025-01-31 22:15:00,Airbus A320,180,Completed,1070.35,366.35,1559.11,996.35
F000449,R009,2025-01-31 12:45:00,Airbus A320,180,Cancelled,973.89,355.78,1633.5,610.43
F000450,R010,2025-01-31 10:00:00,Boeing 737,160,Completed,1074.49,359.09,1883.84,731.16
F000451,R010,2025-01-31 15:30:00,Airbus A320,180,Completed,935.95,385.71,2811.21,1352.25
F000452,R001,2025-02-01 16:45:00,Boeing 737,160,Completed,12509.88,5077.81,1568.83,1352.0
F000453,R001,2025-02-01 11:30:00,Airbus A320,180,Completed,14686.6,5175.27,1902.46,1233.07
F000454,R002,2025-02-01 16:15:00,Boeing 737,160,Completed,13342.37,5178.84,1907.75,885.72
F000455,R002,2025-02-01 21:45:00,Boeing 737,160,Completed,12559.05,5047.1,1587.97,1442.47
F000456,R003,2025-02-01 09:45:00,Airbus A320,180,Completed,10766.78,3757.86,1771.89,879.75
F000457,R004,2025-02-01 06:15:00,Airbus A320,180,Completed,11006.66,3549.1,2116.93,545.97
F000458,R004,2025-02-01 14:30:00,Boeing 737,160,Completed,10568.4,3757.69,2651.29,1076.65
F000459,R005,2025-02-01 16:00:00,Airbus A320,180,Completed,3372.66,1158.13,2018.62,1176.3
F000460,R006,2025-02-01 10:00:00,Boeing 737,160,Completed,3360.7,1147.24,2773.27,1351.87
F000461,R006,2025-02-01 11:00:00,Airbus A320,180,Completed,3149.8,1167.91,1917.24,1006.93
F000462,R007,2025-02-01 18:15:00,Boeing 737,160,Delayed,3496.66,1320.62,2172.15,1356.59
F000463,R007,2025-02-01 20:30:00,Boeing 737,160,Completed,3864.42,1313.44,1526.65,903.44
F000464,R008,2025-02-01 06:00:00,Airbus A320,180,Delayed,3800.57,1289.99,2481.89,956.21
F000465,R009,2025-02-01 17:00:00,Boeing 737,160,Completed,1099.33,367.72,2651.12,1099.95
F000466,R009,2025-02-01 17:45:00,Boeing 737,160,Completed,945.69,379.94,1503.3,855.14
F000467,R010,2025-02-01 22:30:00,Boeing 737,160,Completed,935.07,361.44,1710.67,1216.86
F000468,R010,2025-02-01 19:00:00,Airbus A320,180,Completed,1051.3,362.31,2895.32,892.9
F000469,R001,2025-02-02 12:30:00,Boeing 737,160,Completed,14312.59,4725.52,2449.86,1172.14
F000470,R001,2025-02-02 09:45:00,Airbus A320,180,Completed,14043.9,5175.81,1701.95,998.83
F000471,R002,2025-02-02 19:45:00,Boeing 737,160,Completed,14134.72,4788.46,2722.87,603.55
F000472,R003,2025-02-02 22:45:00,Airbus A320,180,Completed,11126.67,3845.55,2643.56,773.6
F000473,R003,2025-02-02 16:30:00,Airbus A320,180,Completed,10771.92,3558.42,2403.79,1386.44
F000474,R004,2025-02-02 16:15:00,Boeing 737,160,Completed,9563.54,3771.15,2529.92,1421.19
F000475,R004,2025-02-02 10:15:00,Airbus A320,180,Completed,10580.14,3788.28,2343.42,1082.81
F000476,R005,2025-02-02 15:45:00,Boeing 737,160,Completed,3281.85,1131.6,1717.99,1170.25
F000477,R005,2025-02-02 12:30:00,Boeing 737,160,Completed,3582.94,1209.79,1719.64,562.03
F000478,R006,2025-02-02 12:00:00,Airbus A320,180,Completed,3472.18,1140.77,2802.05,1239.49
F000479,R006,2025-02-02 13:45:00,Boeing 737,160,Completed,3274.14,1223.26,2544.19,1192.94
F000480,R007,2025-02-02 18:45:00,Airbus A320,180,Completed,3847.52,1343.0,1968.98,1052.12
F000481,R008,2025-02-02 14:15:00,Airbus A320,180,Completed,3758.17,1334.75,2556.94,1147.63
F000482,R009,2025-02-02 12:30:00,Airbus A320,180,Completed,962.15,380.83,1780.46,673.8
F000483,R010,2025-02-02 18:00:00,Airbus A320,180,Completed,983.06,365.18,1741.39,1346.01
F000484,R001,2025-02-03 16:45:00,Boeing 737,160,Completed,12359.99,5162.17,2395.32,1273.66
F000485,R002,2025-02-03 21:30:00,Boeing 737,160,Completed,14385.78,4859.84,1829.94,683.87
F000486,R002,2025-02-03 08:15:00,Airbus A320,180,Completed,13729.79,4902.19,2024.1,1383.4
F000487,R003,2025-02-03 16:30:00,Airbus A320,180,Completed,9581.27,3785.28,2295.75,1496.63
F000488,R003,2025-02-03 06:00:00,Airbus A320,180,Completed,10042.67,3841.34,2420.55,1121.13
F000489,R004,2025-02-03 16:45:00,Boeing 737,160,Completed,9921.26,3706.86,1924.24,1411.34
F000490,R005,2025-02-03 22:45:00,Airbus A320,180,Completed,2968.95,1235.32,1788.77,1013.89
F000491,R005,2025-02-03 09:15:00,Boeing 737,160,Completed,3349.94,1153.64,2444.27,713.18
F000492,R006,2025-02-03 09:15:00,Airbus A320,180,Completed,3362.76,1240.24,2620.34,653.75
F000493,R006,2025-02-03 20:30:00,Boeing 737,160,Completed,2997.49,1135.05,2691.32,1058.08
F000494,R007,2025-02-03 14:45:00,Airbus A320,180,Completed,3491.04,1269.75,1974.61,889.5
F000495,R008,2025-02-03 06:00:00,Boeing 737,160,Completed,3667.14,1227.21,2892.07,606.14
F000496,R009,2025-02-03 08:30:00,Airbus A320,180,Completed,1004.11,386.05,1546.23,656.32
F000497,R009,2025-02-03 13:15:00,Airbus A320,180,Completed,1089.55,387.07,1942.47,1134.05
F000498,R010,2025-02-03 17:00:00,Boeing 737,160,Completed,951.0,355.49,2394.98,1037.15
F000499,R010,2025-02-03 08:30:00,Boeing 737,160,Completed,1079.57,389.09,2015.78,912.65
F000500,R001,2025-02-04 11:15:00,Boeing 737,160,Completed,13930.72,4827.61,1671.93,1170.98
F000501,R002,2025-02-04 20:00:00,Airbus A320,180,Completed,14079.91,4826.59,1796.13,1080.6
F000502,R003,2025-02-04 17:15:00,Boeing 737,160,Completed,9340.85,3736.13,2850.18,817.79
F000503,R003,2025-02-04 20:30:00,Airbus A320,180,Completed,10545.84,3563.66,2350.29,1307.7
F000504,R004,2025-02-04 11:00:00,Airbus A320,180,Completed,9637.58,3589.19,2609.72,936.12
F000505,R004,2025-02-04 17:15:00,Airbus A320,180,Completed,10920.33,3678.28,2038.11,805.47
F000506,R005,2025-02-04 11:00:00,Airbus A320,180,Completed,3501.38,1145.23,2307.93,763.23
F000507,R006,2025-02-04 08:00:00,Boeing 737,160,Completed,3471.28,1197.37,2653.8,712.76
F000508,R007,2025-02-04 14:45:00,Boeing 737,160,Completed,3430.89,1246.53,2658.22,1233.23
F000509,R008,2025-02-04 10:45:00,Boeing 737,160,Completed,3452.72,1282.28,2494.02,1347.98
F000510,R008,2025-02-04 11:15:00,Airbus A320,180,Completed,3285.22,1290.51,2348.72,1372.2
F000511,R009,2025-02-04 21:30:00,Boeing 737,160,Completed,970.66,373.54,1594.29,869.44
F000512,R010,2025-02-04 12:30:00,Airbus A320,180,Completed,1022.26,372.3,1569.66,1480.59
F000513,R001,2025-02-05 09:30:00,Airbus A320,180,Completed,13826.57,4984.73,2064.99,878.52
F000514,R001,2025-02-05 08:30:00,Airbus A320,180,Completed,14899.36,4812.84,2108.76,1317.24
F000515,R002,2025-02-05 21:45:00,Boeing 737,160,Delayed,13617.5,4771.29,1748.41,577.09
F000516,R002,2025-02-05 14:15:00,Boeing 737,160,Completed,12760.1,4881.8,2575.95,618.33
F000517,R003,2025-02-05 19:30:00,Boeing 737,160,Completed,10115.47,3684.18,1816.06,661.25
F000518,R004,2025-02-05 06:15:00,Boeing 737,160,Completed,9397.38,3726.09,1702.09,1012.64
F000519,R004,2025-02-05 10:00:00,Boeing 737,160,Completed,9662.12,3573.87,2937.36,1099.36
F000520,R005,2025-02-05 15:00:00,Boeing 737,160,Completed,3233.81,1246.54,2800.95,670.57
F000521,R006,2025-02-05 10:15:00,Airbus A320,180,Completed,3049.89,1210.05,2883.53,1096.53
F000522,R006,2025-02-05 08:15:00,Airbus A320,180,Completed,3192.16,1141.5,1803.52,1359.59
F000523,R007,2025-02-05 10:00:00,Boeing 737,160,Completed,3508.49,1296.71,1558.55,1283.87
F000524,R007,2025-02-05 22:00:00,Boeing 737,160,Completed,3512.98,1234.61,2405.21,1327.52
F000525,R008,2025-02-05 22:45:00,Airbus A320,180,Completed,3789.79,1307.34,2143.43,1438.42
F000526,R008,2025-02-05 21:45:00,Airbus A320,180,Completed,3588.29,1312.95,2642.31,1196.71
F000527,R009,2025-02-05 19:15:00,Airbus A320,180,Completed,1023.8,364.0,2788.58,783.27
F000528,R010,2025-02-05 14:15:00,Boeing 737,160,Completed,1071.52,384.82,2366.98,617.83
F000529,R010,2025-02-05 06:45:00,Boeing 737,160,Completed,1067.12,367.11,2043.4,654.78
F000530,R001,2025-02-06 14:45:00,Airbus A320,180,Completed,13917.1,5193.44,2096.18,703.69
F000531,R001,2025-02-06 21:15:00,Airbus A320,180,Delayed,13773.38,4941.96,2982.76,1077.65
F000532,R002,2025-02-06 10:00:00,Boeing 737,160,Completed,13467.1,5048.66,1742.69,714.46
F000533,R002,2025-02-06 18:30:00,Boeing 737,160,Completed,12688.86,5179.96,1507.94,591.09
F000534,R003,2025-02-06 21:45:00,Boeing 737,160,Completed,9267.82,3589.28,1620.06,537.76
F000535,R004,2025-02-06 18:30:00,Boeing 737,160,Completed,11058.07,3810.23,2460.44,938.97
F000536,R004,2025-02-06 12:30:00,Boeing 737,160,Completed,9205.95,3728.74,2273.72,731.67
F000537,R005,2025-02-06 07:30:00,Boeing 737,160,Completed,3368.29,1244.51,1630.26,775.94
F000538,R006,2025-02-06 17:45:00,Airbus A320,180,Completed,3323.24,1190.11,2605.39,568.62
F000539,R006,2025-02-06 08:30:00,Airbus A320,180,Completed,3167.34,1225.48,1839.44,1463.06
F000540,R007,2025-02-06 18:00:00,Airbus A320,180,Completed,3296.37,1282.8,2337.95,1003.17
F000541,R007,2025-02-06 16:00:00,Airbus A320,180,Completed,3790.7,1322.15,2362.34,1194.19
F000542,R008,2025-02-06 21:15:00,Airbus A320,180,Completed,3850.72,1276.72,2191.08,1086.83
F000543,R008,2025-02-06 06:45:00,Boeing 737,160,Completed,3354.74,1266.96,2682.98,720.38
F000544,R009,2025-02-06 16:45:00,Airbus A320,180,Completed,1031.89,355.66,2748.27,748.26
F000545,R010,2025-02-06 18:30:00,Boeing 737,160,Completed,1039.72,361.98,1970.81,718.57
F000546,R001,2025-02-07 11:15:00,Airbus A320,180,Completed,14258.04,4818.76,1863.08,765.41
F000547,R001,2025-02-07 13:15:00,Boeing 737,160,Completed,14528.17,4878.73,2668.41,619.88
F000548,R002,2025-02-07 21:00:00,Boeing 737,160,Completed,14559.96,4886.24,1973.13,1398.12
F000549,R003,2025-02-07 21:15:00,Airbus A320,180,Completed,9945.63,3784.36,1692.37,1025.74
F000550,R003,2025-02-07 19:45:00,Boeing 737,160,Completed,10158.03,3652.76,2529.51,674.8
F000551,R004,2025-02-07 22:45:00,Airbus A320,180,Completed,10537.21,3511.76,1816.13,1081.01
F000552,R005,2025-02-07 17:30:00,Boeing 737,160,Completed,3298.73,1156.77,2207.02,1113.08
F000553,R005,2025-02-07 17:15:00,Airbus A320,180,Completed,3217.3,1178.39,2628.29,865.08
F000554,R006,2025-02-07 14:45:00,Boeing 737,160,Completed,3313.66,1244.94,2529.02,1314.19
F000555,R006,2025-02-07 14:15:00,Airbus A320,180,Completed,3499.81,1151.89,2700.06,1238.54
F000556,R007,2025-02-07 06:15:00,Airbus A320,180,Completed,3525.22,1345.53,2774.08,1017.01
F000557,R007,2025-02-07 16:45:00,Airbus A320,180,Completed,3349.91,1327.96,1571.56,598.97
F000558,R008,2025-02-07 07:15:00,Airbus A320,180,Completed,3508.96,1298.65,2174.78,834.66
F000559,R009,2025-02-07 17:30:00,Airbus A320,180,Completed,929.73,359.83,2801.05,1463.12
F000560,R009,2025-02-07 12:15:00,Airbus A320,180,Completed,998.7,380.48,2231.24,1236.53
F000561,R010,2025-02-07 18:30:00,Airbus A320,180,Completed,1055.59,360.72,1751.36,1307.72
F000562,R001,2025-02-08 19:45:00,Boeing 737,160,Completed,12466.63,4872.59,1970.22,1153.01
F000563,R001,2025-02-08 14:45:00,Airbus A320,180,Delayed,14667.99,5089.08,2908.15,1247.9
F000564,R002,2025-02-08 19:15:00,Boeing 737,160,Delayed,14576.84,4764.39,1851.94,751.65
F000565,R002,2025-02-08 08:15:00,Boeing 737,160,Completed,13332.21,4749.8,2905.19,973.19
F000566,R003,2025-02-08 06:45:00,Boeing 737,160,Completed,9348.74,3735.6,1626.47,1431.59
F000567,R004,2025-02-08 15:15:00,Boeing 737,160,Completed,10635.46,3671.01,1689.62,1026.74
F000568,R004,2025-02-08 11:00:00,Boeing 737,160,Completed,10485.1,3825.05,1987.8,976.15
F000569,R005,2025-02-08 20:15:00,Boeing 737,160,Completed,3326.35,1182.84,2623.37,1377.29
F000570,R005,2025-02-08 19:30:00,Airbus A320,180,Completed,3255.01,1155.58,1634.33,807.87
F000571,R006,2025-02-08 14:15:00,Airbus A320,180,Completed,2947.2,1190.77,2637.44,636.3
F000572,R006,2025-02-08 15:45:00,Boeing 737,160,Completed,3389.69,1187.04,2633.21,799.61
F000573,R007,2025-02-08 15:15:00,Boeing 737,160,Delayed,3559.49,1242.07,2823.24,937.11
F000574,R007,2025-02-08 13:15:00,Airbus A320,180,Completed,3757.07,1246.18,1618.81,1125.32
F000575,R008,2025-02-08 15:30:00,Airbus A320,180,Completed,3305.51,1226.68,1704.94,610.36
F000576,R008,2025-02-08 20:45:00,Airbus A320,180,Completed,3666.85,1280.97,1980.97,652.15
F000577,R009,2025-02-08 11:00:00,Airbus A320,180,Completed,981.02,382.05,2590.66,732.81
F000578,R010,2025-02-08 06:45:00,Boeing 737,160,Completed,995.98,366.95,2699.19,1497.96
F000579,R001,2025-02-09 07:30:00,Boeing 737,160,Completed,14547.8,5173.56,1584.06,1275.65
F000580,R001,2025-02-09 08:45:00,Boeing 737,160,Delayed,12774.49,5119.06,2725.88,1328.25
F000581,R002,2025-02-09 13:45:00,Airbus A320,180,Completed,12924.15,5194.8,1798.77,1235.32
F000582,R003,2025-02-09 22:15:00,Airbus A320,180,Completed,9927.85,3862.28,2904.32,658.61
F000583,R004,2025-02-09 22:00:00,Airbus A320,180,Delayed,10114.88,3617.72,2040.64,552.09
F000584,R005,2025-02-09 09:15:00,Airbus A320,180,Completed,3152.34,1148.48,1914.15,619.65
F000585,R006,2025-02-09 06:00:00,Airbus A320,180,Completed,3390.1,1147.01,2656.2,748.72
F000586,R007,2025-02-09 08:30:00,Boeing 737,160,Completed,3215.1,1300.53,2551.99,1291.47
F000587,R007,2025-02-09 10:45:00,Boeing 737,160,Completed,3396.28,1289.48,2466.97,847.32
F000588,R008,2025-02-09 12:00:00,Airbus A320,180,Completed,3425.49,1235.17,2847.99,985.3
F000589,R008,2025-02-09 20:30:00,Airbus A320,180,Completed,3306.76,1241.83,2021.5,1232.4
F000590,R009,2025-02-09 11:00:00,Boeing 737,160,Completed,1018.09,385.95,2312.41,954.08
F000591,R009,2025-02-09 22:45:00,Boeing 737,160,Completed,1107.27,378.48,2046.11,1120.2
F000592,R010,2025-02-09 08:45:00,Boeing 737,160,Completed,1033.45,373.91,2327.2,1113.04
F000593,R010,2025-02-09 16:45:00,Airbus A320,180,Completed,948.37,374.87,1600.02,1335.19
F000594,R001,2025-02-10 11:00:00,Boeing 737,160,Completed,12542.71,4797.35,1547.73,1141.75
F000595,R002,2025-02-10 21:30:00,Boeing 737,160,Completed,13248.65,5002.45,1606.31,1430.21
F000596,R002,2025-02-10 12:45:00,Boeing 737,160,Completed,13525.54,5018.76,2041.39,1243.48
F000597,R003,2025-02-10 17:00:00,Airbus A320,180,Completed,10211.93,3778.5,2751.68,577.94
F000598,R003,2025-02-10 12:00:00,Boeing 737,160,Completed,10610.23,3703.69,1784.19,1026.19
F000599,R004,2025-02-10 11:45:00,Boeing 737,160,Completed,10693.72,3720.27,2511.74,1202.55
F000600,R005,2025-02-10 09:15:00,Boeing 737,160,Completed,3299.65,1188.56,2486.3,1033.9
F000601,R005,2025-02-10 20:30:00,Airbus A320,180,Completed,3299.72,1247.03,2767.28,912.34
F000602,R006,2025-02-10 16:15:00,Boeing 737,160,Completed,3185.37,1193.97,2616.87,860.01
F000603,R006,2025-02-10 20:45:00,Airbus A320,180,Completed,2940.43,1132.72,1926.72,516.3
F000604,R007,2025-02-10 15:00:00,Airbus A320,180,Completed,3867.05,1245.44,1972.36,1271.52
F000605,R008,2025-02-10 22:15:00,Boeing 737,160,Completed,3199.56,1263.5,1707.61,867.08
F000606,R008,2025-02-10 13:15:00,Airbus A320,180,Completed,3744.84,1229.68,2099.7,1417.88
F000607,R009,2025-02-10 16:45:00,Boeing 737,160,Delayed,1026.09,388.92,2554.27,1319.52
F000608,R010,2025-02-10 15:00:00,Airbus A320,180,Completed,941.79,357.39,2656.35,847.93
F000609,R001,2025-02-11 19:00:00,Boeing 737,160,Completed,14286.81,5122.99,2892.98,1133.89
F000610,R001,2025-02-11 18:00:00,Airbus A320,180,Completed,13678.88,4860.56,2347.37,826.83
F000611,R002,2025-02-11 10:00:00,Airbus A320,180,Completed,14894.91,5075.16,2362.88,590.08
F000612,R003,2025-02-11 15:45:00,Boeing 737,160,Completed,9406.12,3537.88,2357.16,549.31
F000613,R003,2025-02-11 18:30:00,Boeing 737,160,Completed,9946.95,3667.81,2546.81,1262.03
F000614,R004,2025-02-11 12:45:00,Airbus A320,180,Completed,10462.16,3579.8,2424.0,1235.67
F000615,R004,2025-02-11 13:15:00,Boeing 737,160,Completed,9678.36,3666.18,2527.11,1076.02
F000616,R005,2025-02-11 19:45:00,Airbus A320,180,Cancelled,3167.88,1166.7,2390.82,524.21
F000617,R006,2025-02-11 11:30:00,Airbus A320,180,Completed,3347.49,1180.93,2886.32,733.49
F000618,R006,2025-02-11 17:15:00,Boeing 737,160,Completed,3013.72,1135.08,2923.41,1426.73
F000619,R007,2025-02-11 06:30:00,Boeing 737,160,Completed,3388.09,1278.31,1997.82,1240.01
F000620,R007,2025-02-11 12:15:00,Airbus A320,180,Completed,3559.91,1297.77,2988.45,1195.07
F000621,R008,2025-02-11 18:00:00,Airbus A320,180,Completed,3293.04,1254.31,2683.78,1117.96
F000622,R009,2025-02-11 20:00:00,Boeing 737,160,Completed,1005.59,365.45,2778.12,1160.1
F000623,R010,2025-02-11 06:30:00,Airbus A320,180,Completed,973.2,369.54,2964.92,599.6
F000624,R001,2025-02-12 21:00:00,Boeing 737,160,Completed,12792.69,5181.06,2341.03,1212.47
F000625,R001,2025-02-12 07:15:00,Airbus A320,180,Completed,13159.39,4897.23,1735.51,846.78
F000626,R002,2025-02-12 17:30:00,Boeing 737,160,Completed,14962.84,5186.9,1913.82,562.01
F000627,R002,2025-02-12 14:45:00,Boeing 737,160,Completed,14821.66,5172.31,1838.37,841.79
F000628,R003,2025-02-12 10:00:00,Airbus A320,180,Completed,10195.07,3757.72,2809.05,1186.52
F000629,R003,2025-02-12 19:15:00,Boeing 737,160,Completed,10003.68,3622.73,2408.05,949.17
F000630,R004,2025-02-12 12:15:00,Boeing 737,160,Cancelled,10889.27,3621.48,2557.7,1023.81
F000631,R005,2025-02-12 19:15:00,Boeing 737,160,Completed,3147.75,1194.81,2922.9,618.39
F000632,R006,2025-02-12 10:00:00,Airbus A320,180,Completed,3515.38,1177.79,2116.88,943.0
F000633,R006,2025-02-12 14:15:00,Boeing 737,160,Completed,3010.06,1150.55,2643.67,1111.98
F000634,R007,2025-02-12 13:15:00,Boeing 737,160,Completed,3657.62,1263.96,2532.21,976.6
F000635,R007,2025-02-12 22:45:00,Airbus A320,180,Completed,3302.67,1267.57,2210.77,663.79
F000636,R008,2025-02-12 07:45:00,Boeing 737,160,Completed,3825.47,1339.72,1833.83,1171.34
F000637,R009,2025-02-12 12:00:00,Boeing 737,160,Completed,1116.36,392.16,2800.69,989.94
F000638,R010,2025-02-12 20:15:00,Airbus A320,180,Delayed,1008.93,356.86,2603.0,880.37
F000639,R010,2025-02-12 16:45:00,Boeing 737,160,Completed,1032.75,372.19,2740.52,542.42
F000640,R001,2025-02-13 22:45:00,Boeing 737,160,Completed,13769.59,4957.98,2445.97,549.3
F000641,R002,2025-02-13 20:45:00,Airbus A320,180,Completed,14357.59,4844.03,1749.73,794.42
F000642,R002,2025-02-13 07:15:00,Airbus A320,180,Completed,14510.64,4926.09,2583.97,613.17
F000643,R003,2025-02-13 18:45:00,Airbus A320,180,Completed,10053.27,3573.44,2385.47,1212.63
F000644,R004,2025-02-13 20:00:00,Airbus A320,180,Delayed,9795.77,3746.85,2567.2,663.99
F000645,R005,2025-02-13 08:00:00,Airbus A320,180,Completed,3354.6,1138.73,2560.92,1226.87
F000646,R006,2025-02-13 18:45:00,Boeing 737,160,Completed,3442.28,1236.98,2348.24,1159.53
F000647,R007,2025-02-13 11:15:00,Boeing 737,160,Completed,3715.28,1224.48,1962.09,1230.16
F000648,R008,2025-02-13 15:15:00,Boeing 737,160,Completed,3806.51,1341.03,1505.3,1265.4
F000649,R008,2025-02-13 06:45:00,Airbus A320,180,Completed,3776.1,1287.58,1508.63,1382.7
F000650,R009,2025-02-13 12:45:00,Airbus A320,180,Completed,1010.02,358.27,2400.15,744.71
F000651,R010,2025-02-13 12:00:00,Boeing 737,160,Completed,956.15,379.73,1555.08,1353.83
F000652,R010,2025-02-13 15:30:00,Boeing 737,160,Completed,935.74,370.89,1767.37,1172.09
F000653,R001,2025-02-14 20:30:00,Boeing 737,160,Cancelled,12504.79,4850.65,2052.85,878.94
F000654,R002,2025-02-14 19:00:00,Airbus A320,180,Completed,13533.05,4762.9,2789.11,829.21
F000655,R003,2025-02-14 22:15:00,Boeing 737,160,Completed,10380.54,3547.75,2594.59,1128.98
F000656,R003,2025-02-14 08:45:00,Airbus A320,180,Completed,10004.88,3820.41,1889.49,1075.14
F000657,R004,2025-02-14 10:45:00,Airbus A320,180,Completed,10137.78,3573.82,2414.11,1208.59
F000658,R004,2025-02-14 12:00:00,Boeing 737,160,Completed,9186.41,3738.32,1676.89,1348.07
F000659,R005,2025-02-14 19:00:00,Airbus A320,180,Delayed,3168.76,1224.36,1818.51,1140.62
F000660,R005,2025-02-14 15:30:00,Boeing 737,160,Completed,3141.4,1188.79,1985.89,506.13
F000661,R006,2025-02-14 16:45:00,Boeing 737,160,Completed,3483.96,1151.65,2750.74,1422.28
F000662,R006,2025-02-14 21:45:00,Boeing 737,160,Completed,3362.17,1185.8,2440.8,1392.06
F000663,R007,2025-02-14 20:45:00,Boeing 737,160,Completed,3761.78,1256.28,2587.45,815.5
F000664,R007,2025-02-14 06:15:00,Airbus A320,180,Completed,3736.7,1331.75,2030.39,1469.61
F000665,R008,2025-02-14 06:30:00,Airbus A320,180,Completed,3614.7,1325.9,2356.47,889.57
F000666,R008,2025-02-14 09:30:00,Airbus A320,180,Completed,3673.46,1252.71,1630.2,1377.05
F000667,R009,2025-02-14 20:30:00,Boeing 737,160,Completed,1033.66,361.85,2061.32,537.4
F000668,R009,2025-02-14 12:00:00,Airbus A320,180,Completed,1029.73,385.18,2857.43,654.08
F000669,R010,2025-02-14 21:30:00,Airbus A320,180,Completed,955.13,387.91,2733.21,1438.02
F000670,R010,2025-02-14 10:15:00,Boeing 737,160,Completed,1020.14,381.99,2283.52,504.11
F000671,R001,2025-02-15 08:30:00,Airbus A320,180,Completed,14672.06,4753.54,2649.27,1245.55
F000672,R002,2025-02-15 15:15:00,Airbus A320,180,Completed,12797.26,4844.35,2298.41,1272.79
F000673,R003,2025-02-15 14:15:00,Boeing 737,160,Completed,9693.35,3513.03,2434.42,1014.06
F000674,R004,2025-02-15 17:30:00,Airbus A320,180,Completed,9425.15,3767.45,1924.9,744.83
F000675,R005,2025-02-15 15:30:00,Airbus A320,180,Completed,2973.44,1132.04,2854.94,550.46
F000676,R006,2025-02-15 07:00:00,Airbus A320,180,Completed,3196.38,1212.32,2836.91,1129.47
F000677,R006,2025-02-15 20:30:00,Airbus A320,180,Completed,3157.45,1152.14,2637.6,1309.3
F000678,R007,2025-02-15 20:15:00,Boeing 737,160,Completed,3746.09,1335.8,2202.41,955.58
F000679,R008,2025-02-15 21:15:00,Boeing 737,160,Completed,3274.29,1332.73,1887.08,863.45
F000680,R008,2025-02-15 11:30:00,Airbus A320,180,Completed,3492.56,1221.78,2213.0,851.44
F000681,R009,2025-02-15 11:30:00,Airbus A320,180,Completed,1049.98,360.06,1654.4,1317.55
F000682,R009,2025-02-15 09:30:00,Boeing 737,160,Completed,1088.65,375.22,2101.22,913.44
F000683,R010,2025-02-15 11:45:00,Airbus A320,180,Completed,939.24,363.09,2541.09,931.15
F000684,R001,2025-02-16 16:15:00,Boeing 737,160,Cancelled,14055.21,4741.06,2896.29,1074.19
F000685,R001,2025-02-16 21:00:00,Airbus A320,180,Completed,13137.09,4750.84,2167.82,808.04
F000686,R002,2025-02-16 08:00:00,Airbus A320,180,Completed,13142.62,5021.77,1592.22,717.61
F000687,R002,2025-02-16 10:00:00,Boeing 737,160,Completed,14050.5,4926.72,1937.25,1115.57
F000688,R003,2025-02-16 12:15:00,Airbus A320,180,Completed,9746.34,3800.67,2519.34,1418.5
F000689,R003,2025-02-16 19:30:00,Boeing 737,160,Completed,10320.99,3733.16,2265.64,1347.64
F000690,R004,2025-02-16 07:30:00,Boeing 737,160,Completed,9139.41,3714.16,2968.04,609.7
F000691,R004,2025-02-16 15:00:00,Boeing 737,160,Completed,10014.34,3725.29,2437.82,1211.77
F000692,R005,2025-02-16 18:45:00,Boeing 737,160,Completed,3373.17,1185.01,1782.34,884.6
F000693,R005,2025-02-16 17:45:00,Boeing 737,160,Completed,3128.79,1232.28,1688.32,511.6
F000694,R006,2025-02-16 10:45:00,Airbus A320,180,Completed,3577.35,1144.73,1705.83,1305.94
F000695,R007,2025-02-16 19:15:00,Airbus A320,180,Completed,3532.14,1288.67,2175.07,855.31
F000696,R007,2025-02-16 11:45:00,Boeing 737,160,Completed,3580.45,1326.46,1855.12,1001.73
F000697,R008,2025-02-16 17:00:00,Boeing 737,160,Delayed,3573.55,1308.27,1669.75,981.53
F000698,R008,2025-02-16 08:15:00,Airbus A320,180,Completed,3500.78,1227.93,2834.87,588.45
F000699,R009,2025-02-16 08:30:00,Boeing 737,160,Completed,1111.52,375.31,1516.18,954.03
F000700,R009,2025-02-16 21:30:00,Airbus A320,180,Cancelled,998.24,391.87,1941.93,667.51
F000701,R010,2025-02-16 14:00:00,Airbus A320,180,Completed,1044.57,376.72,2484.48,791.75
F000702,R010,2025-02-16 06:30:00,Airbus A320,180,Completed,942.62,374.21,2777.17,777.85
F000703,R001,2025-02-17 14:30:00,Airbus A320,180,Completed,12289.92,4757.72,1761.92,1091.77
F000704,R002,2025-02-17 20:30:00,Boeing 737,160,Completed,12962.51,5049.38,2227.38,1299.37
F000705,R003,2025-02-17 16:00:00,Boeing 737,160,Completed,10347.01,3810.78,2756.42,1252.76
F000706,R004,2025-02-17 18:15:00,Airbus A320,180,Completed,10611.91,3569.16,2366.64,1341.83
F000707,R004,2025-02-17 07:30:00,Boeing 737,160,Completed,9244.35,3678.71,2214.35,976.27
F000708,R005,2025-02-17 18:45:00,Airbus A320,180,Completed,3111.9,1191.62,2152.1,788.79
F000709,R006,2025-02-17 18:30:00,Boeing 737,160,Delayed,3003.92,1191.72,2030.74,1344.24
F000710,R006,2025-02-17 14:30:00,Airbus A320,180,Completed,3114.82,1140.28,2481.51,891.15
F000711,R007,2025-02-17 12:30:00,Boeing 737,160,Completed,3393.84,1219.26,1512.71,567.95
F000712,R008,2025-02-17 09:00:00,Airbus A320,180,Completed,3420.8,1310.88,1877.84,534.04
F000713,R008,2025-02-17 08:00:00,Boeing 737,160,Completed,3843.14,1299.7,2562.11,619.98
F000714,R009,2025-02-17 18:15:00,Boeing 737,160,Completed,1068.75,364.77,2200.43,1436.18
F000715,R010,2025-02-17 14:45:00,Airbus A320,180,Completed,978.58,384.5,1915.93,562.39
F000716,R010,2025-02-17 18:30:00,Boeing 737,160,Completed,978.77,385.7,1766.89,569.4
F000717,R001,2025-02-18 18:15:00,Airbus A320,180,Completed,12546.45,4970.11,2146.88,1113.97
F000718,R002,2025-02-18 20:30:00,Boeing 737,160,Completed,12346.16,4737.35,2591.32,1277.24
F000719,R003,2025-02-18 21:15:00,Boeing 737,160,Completed,11032.03,3752.77,1899.65,1200.06
F000720,R004,2025-02-18 06:45:00,Airbus A320,180,Completed,10023.16,3819.02,2671.41,1285.38
F000721,R004,2025-02-18 13:00:00,Airbus A320,180,Completed,11075.21,3809.4,2223.1,1067.24
F000722,R005,2025-02-18 16:30:00,Airbus A320,180,Completed,2976.36,1247.05,2470.61,865.36
F000723,R005,2025-02-18 16:00:00,Airbus A320,180,Completed,3437.18,1163.05,1804.68,1054.48
F000724,R006,2025-02-18 12:30:00,Airbus A320,180,Completed,3526.05,1203.52,2038.89,584.86
F000725,R006,2025-02-18 20:15:00,Boeing 737,160,Completed,2963.63,1131.61,2994.58,738.49
F000726,R007,2025-02-18 08:30:00,Airbus A320,180,Completed,3549.43,1324.85,2173.96,1495.83
F000727,R007,2025-02-18 07:30:00,Boeing 737,160,Completed,3411.08,1310.33,2108.26,711.68
F000728,R008,2025-02-18 10:15:00,Boeing 737,160,Completed,3198.95,1236.05,2480.75,971.22
F000729,R008,2025-02-18 07:15:00,Boeing 737,160,Completed,3183.08,1299.01,2856.99,1320.74
F000730,R009,2025-02-18 20:15:00,Boeing 737,160,Completed,1093.87,359.28,2245.72,1299.18
F000731,R010,2025-02-18 08:15:00,Airbus A320,180,Completed,995.04,386.56,2606.89,902.01
F000732,R001,2025-02-19 10:30:00,Boeing 737,160,Completed,14331.86,4996.08,2003.26,620.75
F000733,R002,2025-02-19 19:15:00,Airbus A320,180,Completed,13757.9,4919.64,2888.51,540.7
F000734,R003,2025-02-19 18:15:00,Boeing 737,160,Completed,10923.87,3537.2,1510.84,1426.14
F000735,R004,2025-02-19 19:45:00,Boeing 737,160,Completed,9556.33,3743.62,2284.63,912.03
F000736,R004,2025-02-19 11:00:00,Boeing 737,160,Completed,10594.04,3733.37,1632.03,1326.48
F000737,R005,2025-02-19 17:45:00,Boeing 737,160,Completed,3304.71,1151.4,2979.91,1476.79
F000738,R005,2025-02-19 17:15:00,Airbus A320,180,Completed,3443.63,1206.93,1914.64,693.72
F000739,R006,2025-02-19 21:45:00,Boeing 737,160,Completed,3044.69,1238.21,1581.04,864.19
F000740,R007,2025-02-19 19:30:00,Airbus A320,180,Completed,3607.87,1332.01,2179.72,604.42
F000741,R008,2025-02-19 11:15:00,Boeing 737,160,Completed,3514.97,1232.78,2842.62,1221.4
F000742,R009,2025-02-19 19:15:00,Airbus A320,180,Completed,972.97,359.42,1841.67,737.12
F000743,R009,2025-02-19 19:15:00,Airbus A320,180,Completed,1109.0,358.05,2377.64,554.34
F000744,R010,2025-02-19 10:15:00,Airbus A320,180,Completed,962.28,369.27,2186.61,694.15
F000745,R010,2025-02-19 17:30:00,Boeing 737,160,Completed,994.74,356.5,2353.0,780.6
F000746,R001,2025-02-20 20:45:00,Airbus A320,180,Delayed,12717.35,4872.57,2829.61,1103.64
F000747,R002,2025-02-20 13:00:00,Airbus A320,180,Completed,14584.36,4944.66,2993.5,1091.58
F000748,R003,2025-02-20 14:00:00,Airbus A320,180,Completed,10632.58,3598.46,1990.94,1079.47
F000749,R003,2025-02-20 10:00:00,Airbus A320,180,Completed,11128.06,3522.19,2205.98,1268.61
F000750,R004,2025-02-20 19:45:00,Airbus A320,180,Completed,10781.91,3764.6,1647.0,995.29
F000751,R005,2025-02-20 06:45:00,Boeing 737,160,Completed,3027.01,1163.74,2471.46,590.73
F000752,R006,2025-02-20 15:15:00,Airbus A320,180,Completed,3500.87,1217.38,1536.62,954.84
F000753,R006,2025-02-20 10:45:00,Boeing 737,160,Cancelled,3456.39,1172.61,2196.44,1133.4
F000754,R007,2025-02-20 18:30:00,Boeing 737,160,Completed,3382.08,1314.42,2547.08,1112.5
F000755,R008,2025-02-20 08:30:00,Boeing 737,160,Completed,3535.89,1334.56,2045.99,551.56
F000756,R009,2025-02-20 17:45:00,Boeing 737,160,Completed,1000.85,361.86,2338.19,567.01
F000757,R009,2025-02-20 12:15:00,Airbus A320,180,Completed,974.74,359.55,2217.74,1439.15
F000758,R010,2025-02-20 13:30:00,Airbus A320,180,Completed,1110.35,374.13,2134.39,554.46
F000759,R001,2025-02-21 17:45:00,Airbus A320,180,Completed,13616.45,5113.13,2205.25,1031.9
F000760,R001,2025-02-21 15:45:00,Airbus A320,180,Completed,14428.99,5170.46,2713.19,1440.88
F000761,R002,2025-02-21 12:45:00,Boeing 737,160,Completed,12469.51,5146.98,1932.56,1456.63
F000762,R003,2025-02-21 11:30:00,Boeing 737,160,Completed,10553.19,3690.64,2812.49,1020.69
F000763,R004,2025-02-21 15:45:00,Boeing 737,160,Completed,10100.01,3662.51,2606.56,521.48
F000764,R005,2025-02-21 08:00:00,Boeing 737,160,Completed,3485.85,1190.33,2003.82,1078.7
F000765,R006,2025-02-21 21:45:00,Airbus A320,180,Completed,3138.99,1144.28,2684.02,671.74
F000766,R006,2025-02-21 14:15:00,Airbus A320,180,Completed,3183.3,1162.83,2768.27,648.34
F000767,R007,2025-02-21 20:15:00,Boeing 737,160,Completed,3674.85,1254.47,2959.81,1339.33
F000768,R007,2025-02-21 10:15:00,Boeing 737,160,Completed,3255.39,1345.3,2361.79,940.89
F000769,R008,2025-02-21 11:15:00,Boeing 737,160,Completed,3642.23,1343.28,1721.92,948.43
F000770,R008,2025-02-21 11:30:00,Boeing 737,160,Completed,3821.95,1269.76,2249.13,645.38
F000771,R009,2025-02-21 16:15:00,Boeing 737,160,Completed,1125.21,375.73,2261.11,1147.24
F000772,R009,2025-02-21 15:45:00,Airbus A320,180,Completed,1125.1,383.51,2991.1,1166.89
F000773,R010,2025-02-21 16:00:00,Airbus A320,180,Completed,1110.82,360.51,2326.44,808.08
F000774,R010,2025-02-21 18:15:00,Airbus A320,180,Completed,999.17,367.51,2412.23,695.15
F000775,R001,2025-02-22 14:15:00,Boeing 737,160,Completed,12478.82,5122.98,2515.6,1457.62
F000776,R002,2025-02-22 12:45:00,Airbus A320,180,Completed,13893.39,4955.72,1584.07,1166.77
F000777,R002,2025-02-22 18:15:00,Airbus A320,180,Completed,13257.57,4887.05,1926.98,851.36
F000778,R003,2025-02-22 08:15:00,Airbus A320,180,Completed,10643.45,3660.84,2163.76,663.79
F000779,R003,2025-02-22 19:45:00,Boeing 737,160,Completed,10834.29,3728.16,1715.46,803.23
F000780,R004,2025-02-22 08:45:00,Boeing 737,160,Completed,9151.14,3743.25,1909.99,674.89
F000781,R004,2025-02-22 20:15:00,Boeing 737,160,Completed,9515.4,3648.35,2330.8,542.23
F000782,R005,2025-02-22 15:45:00,Airbus A320,180,Completed,3087.0,1222.6,1731.04,800.17
F000783,R005,2025-02-22 21:00:00,Airbus A320,180,Completed,3212.87,1187.04,2531.76,744.75
F000784,R006,2025-02-22 14:45:00,Boeing 737,160,Completed,3331.62,1171.58,2220.73,936.07
F000785,R007,2025-02-22 21:00:00,Airbus A320,180,Completed,3534.33,1291.65,2767.92,662.85
F000786,R007,2025-02-22 07:15:00,Airbus A320,180,Completed,3498.03,1306.78,2036.08,552.89
F000787,R008,2025-02-22 19:30:00,Boeing 737,160,Completed,3377.33,1285.8,2904.48,1013.87
F000788,R008,2025-02-22 11:00:00,Boeing 737,160,Completed,3556.32,1329.75,2740.23,1184.97
F000789,R009,2025-02-22 14:30:00,Boeing 737,160,Completed,1035.58,368.45,1715.58,636.95
F000790,R009,2025-02-22 15:30:00,Airbus A320,180,Completed,1010.4,389.74,1744.54,717.88
F000791,R010,2025-02-22 12:00:00,Airbus A320,180,Completed,1020.37,358.16,2728.27,1423.41
F000792,R001,2025-02-23 17:30:00,Airbus A320,180,Completed,12629.72,4921.26,2981.37,1023.12
F000793,R001,2025-02-23 16:15:00,Airbus A320,180,Completed,12329.55,5105.71,1833.54,1356.82
F000794,R002,2025-02-23 13:30:00,Boeing 737,160,Completed,12822.54,5188.15,2137.21,1263.02
F000795,R003,2025-02-23 08:00:00,Airbus A320,180,Completed,10675.54,3523.1,1661.73,1293.06
F000796,R004,2025-02-23 21:00:00,Airbus A320,180,Completed,9225.59,3618.77,1515.41,596.5
F000797,R005,2025-02-23 12:15:00,Boeing 737,160,Completed,3378.47,1132.08,1718.34,1246.2
F000798,R006,2025-02-23 17:30:00,Boeing 737,160,Completed,3499.05,1221.36,2419.43,1004.91
F000799,R006,2025-02-23 08:00:00,Boeing 737,160,Completed,3285.84,1213.64,2946.4,671.77
F000800,R007,2025-02-23 09:15:00,Airbus A320,180,Completed,3431.34,1293.46,2159.5,1457.75
F000801,R008,2025-02-23 17:45:00,Airbus A320,180,Completed,3324.03,1247.07,1669.27,1484.61
F000802,R009,2025-02-23 20:00:00,Boeing 737,160,Completed,1027.64,368.81,1932.41,1222.14
F000803,R010,2025-02-23 16:45:00,Boeing 737,160,Completed,1004.8,372.39,2604.26,1187.05
F000804,R001,2025-02-24 13:45:00,Airbus A320,180,Completed,14932.81,4914.34,2785.16,1394.75
F000805,R001,2025-02-24 21:30:00,Boeing 737,160,Cancelled,12286.06,5036.21,2508.14,896.37
F000806,R002,2025-02-24 09:15:00,Airbus A320,180,Completed,13341.95,4994.83,1652.58,1425.29
F000807,R003,2025-02-24 08:30:00,Boeing 737,160,Completed,9825.33,3727.06,2985.99,622.76
F000808,R004,2025-02-24 21:30:00,Airbus A320,180,Completed,10673.45,3803.12,2914.84,856.1
F000809,R004,2025-02-24 18:45:00,Airbus A320,180,Completed,9436.96,3675.25,1683.29,989.34
F000810,R005,2025-02-24 10:00:00,Boeing 737,160,Completed,3422.38,1227.24,2247.2,526.75
F000811,R006,2025-02-24 18:30:00,Boeing 737,160,Completed,3138.12,1202.64,2640.26,1161.08
F000812,R007,2025-02-24 20:15:00,Airbus A320,180,Completed,3639.79,1280.75,1892.5,843.62
F000813,R007,2025-02-24 06:00:00,Airbus A320,180,Completed,3793.53,1233.17,2175.17,1352.87
F000814,R008,2025-02-24 20:00:00,Boeing 737,160,Completed,3297.66,1302.44,2669.07,1384.7
F000815,R008,2025-02-24 11:45:00,Airbus A320,180,Completed,3267.78,1309.66,2231.18,609.38
F000816,R009,2025-02-24 21:45:00,Boeing 737,160,Completed,1029.88,369.94,2242.04,1470.87
F000817,R009,2025-02-24 17:30:00,Airbus A320,180,Completed,938.28,377.38,1692.3,866.41
F000818,R010,2025-02-24 16:45:00,Boeing 737,160,Completed,1013.72,392.4,2117.89,556.45
F000819,R001,2025-02-25 13:15:00,Airbus A320,180,Completed,13864.42,5153.14,1598.25,804.91
F000820,R002,2025-02-25 11:00:00,Airbus A320,180,Completed,12353.01,5028.1,2133.71,1014.76
F000821,R002,2025-02-25 19:30:00,Boeing 737,160,Completed,14146.0,4993.55,2978.65,877.74
F000822,R003,2025-02-25 16:00:00,Airbus A320,180,Completed,9340.88,3756.65,2003.95,1002.77
F000823,R003,2025-02-25 16:15:00,Airbus A320,180,Completed,9875.49,3668.37,2245.43,1347.33
F000824,R004,2025-02-25 12:30:00,Airbus A320,180,Completed,9234.22,3875.21,2103.04,725.89
F000825,R005,2025-02-25 09:30:00,Airbus A320,180,Completed,2984.25,1223.78,2212.9,709.74
F000826,R006,2025-02-25 15:30:00,Airbus A320,180,Completed,3373.8,1165.83,2121.47,751.26
F000827,R007,2025-02-25 11:00:00,Boeing 737,160,Delayed,3579.68,1245.2,2943.18,1242.21
F000828,R007,2025-02-25 20:30:00,Airbus A320,180,Completed,3831.96,1311.05,1589.82,700.65
F000829,R008,2025-02-25 10:15:00,Boeing 737,160,Completed,3699.26,1316.04,2766.18,910.26
F000830,R008,2025-02-25 08:15:00,Airbus A320,180,Completed,3361.17,1254.7,1740.88,1186.85
F000831,R009,2025-02-25 18:15:00,Boeing 737,160,Completed,956.5,356.34,2695.57,810.54
F000832,R010,2025-02-25 19:45:00,Boeing 737,160,Completed,967.2,365.5,1543.71,1289.67
F000833,R010,2025-02-25 14:15:00,Boeing 737,160,Completed,1123.9,373.47,1529.86,1359.58
F000834,R001,2025-02-26 16:30:00,Boeing 737,160,Completed,14703.07,4903.97,2045.15,1157.43
F000835,R002,2025-02-26 18:15:00,Boeing 737,160,Completed,12555.99,5066.07,2899.4,1021.96
F000836,R003,2025-02-26 21:00:00,Boeing 737,160,Completed,10355.7,3792.86,1970.12,1332.33
F000837,R003,2025-02-26 18:15:00,Airbus A320,180,Completed,9580.39,3546.84,1821.16,774.55
F000838,R004,2025-02-26 14:00:00,Airbus A320,180,Completed,10220.96,3765.7,1669.44,1045.75
F000839,R004,2025-02-26 21:15:00,Airbus A320,180,Delayed,10923.48,3853.33,2044.5,1215.67
F000840,R005,2025-02-26 06:00:00,Boeing 737,160,Completed,3391.59,1222.31,1859.51,1052.73
F000841,R005,2025-02-26 15:30:00,Boeing 737,160,Completed,3289.81,1156.68,2163.6,507.87
F000842,R006,2025-02-26 14:30:00,Boeing 737,160,Completed,3552.09,1218.49,1946.13,1359.42
F000843,R006,2025-02-26 11:45:00,Airbus A320,180,Completed,3514.94,1219.69,2109.43,533.88
F000844,R007,2025-02-26 21:45:00,Airbus A320,180,Completed,3826.22,1260.55,2133.55,1418.55
F000845,R008,2025-02-26 11:30:00,Boeing 737,160,Completed,3421.04,1295.09,2720.14,1237.79
F000846,R009,2025-02-26 06:00:00,Boeing 737,160,Completed,1055.27,384.88,1704.14,900.66
F000847,R009,2025-02-26 15:30:00,Boeing 737,160,Completed,948.45,364.64,2570.35,1267.61
F000848,R010,2025-02-26 19:30:00,Airbus A320,180,Completed,1024.05,382.8,1891.02,1187.47
F000849,R001,2025-02-27 15:15:00,Boeing 737,160,Completed,13379.72,4792.54,2814.59,1444.76
F000850,R001,2025-02-27 13:00:00,Boeing 737,160,Completed,14764.42,5022.82,2439.94,1406.84
F000851,R002,2025-02-27 12:30:00,Boeing 737,160,Completed,12386.78,5008.41,2400.59,649.25
F000852,R002,2025-02-27 17:15:00,Boeing 737,160,Completed,12289.68,4962.79,2660.04,1428.28
F000853,R003,2025-02-27 09:15:00,Boeing 737,160,Completed,9524.62,3825.63,2673.18,787.96
F000854,R003,2025-02-27 21:45:00,Boeing 737,160,Completed,10013.52,3583.68,1823.35,1324.09
F000855,R004,2025-02-27 19:15:00,Airbus A320,180,Completed,10746.88,3518.02,2964.19,735.49
F000856,R005,2025-02-27 13:30:00,Airbus A320,180,Completed,2996.32,1184.3,2807.17,1474.4
F000857,R005,2025-02-27 18:15:00,Airbus A320,180,Delayed,3403.2,1216.05,1884.34,595.28
F000858,R006,2025-02-27 07:30:00,Boeing 737,160,Completed,3248.01,1170.69,2409.56,1170.79
F000859,R007,2025-02-27 06:30:00,Airbus A320,180,Completed,3386.25,1268.5,2056.35,1468.06
F000860,R008,2025-02-27 11:30:00,Boeing 737,160,Completed,3528.14,1337.17,2816.85,631.92
F000861,R009,2025-02-27 22:45:00,Boeing 737,160,Completed,979.22,367.02,2967.77,999.21
F000862,R009,2025-02-27 14:30:00,Airbus A320,180,Completed,983.85,388.1,2419.4,1261.56
F000863,R010,2025-02-27 22:30:00,Airbus A320,180,Completed,1109.27,367.1,2991.85,1263.68
F000864,R010,2025-02-27 10:45:00,Boeing 737,160,Completed,964.51,357.34,1774.71,970.25
F000865,R001,2025-02-28 20:45:00,Boeing 737,160,Completed,14960.69,5161.47,1561.19,856.52
F000866,R002,2025-02-28 20:45:00,Boeing 737,160,Delayed,14554.04,5131.61,1685.48,593.58
F000867,R002,2025-02-28 15:15:00,Boeing 737,160,Completed,14292.95,5109.67,2344.87,1163.14
F000868,R003,2025-02-28 06:15:00,Airbus A320,180,Completed,11006.69,3598.28,2247.17,594.31
F000869,R004,2025-02-28 06:30:00,Boeing 737,160,Completed,9938.1,3725.35,2926.83,1336.98
F000870,R004,2025-02-28 10:00:00,Boeing 737,160,Completed,10072.25,3768.69,2219.78,1128.36
F000871,R005,2025-02-28 06:30:00,Boeing 737,160,Completed,3369.04,1241.57,1987.37,1231.55
F000872,R005,2025-02-28 10:15:00,Boeing 737,160,Completed,3464.04,1162.21,2697.22,1243.8
F000873,R006,2025-02-28 08:45:00,Airbus A320,180,Completed,3056.61,1243.25,2798.27,589.19
F000874,R006,2025-02-28 12:15:00,Airbus A320,180,Completed,3449.62,1162.45,2628.84,1154.06
F000875,R007,2025-02-28 15:45:00,Airbus A320,180,Completed,3691.83,1336.06,2855.6,1103.51
F000876,R008,2025-02-28 09:30:00,Boeing 737,160,Completed,3518.18,1331.41,2214.66,1063.06
F000877,R008,2025-02-28 19:00:00,Airbus A320,180,Completed,3744.78,1296.6,2151.16,926.02
F000878,R009,2025-02-28 22:30:00,Airbus A320,180,Completed,1064.79,379.52,2570.45,1430.67
F000879,R010,2025-02-28 15:45:00,Airbus A320,180,Completed,941.94,385.28,1950.59,1484.19
F000880,R001,2025-03-01 13:45:00,Airbus A320,180,Completed,13799.09,4975.24,2875.95,1013.41
F000881,R001,2025-03-01 22:45:00,Airbus A320,180,Delayed,12508.48,5029.62,2352.72,753.38
F000882,R002,2025-03-01 08:00:00,Boeing 737,160,Completed,14267.31,4931.63,2679.27,1342.91
F000883,R002,2025-03-01 07:00:00,Airbus A320,180,Completed,14638.22,4849.84,2380.81,955.0
F000884,R003,2025-03-01 14:30:00,Boeing 737,160,Completed,9566.3,3536.28,2973.28,759.32
F000885,R003,2025-03-01 09:45:00,Boeing 737,160,Completed,9149.57,3550.48,1757.6,977.12
F000886,R004,2025-03-01 21:30:00,Airbus A320,180,Completed,10540.16,3862.99,2512.65,1304.64
F000887,R004,2025-03-01 08:15:00,Boeing 737,160,Completed,9165.88,3548.72,1523.83,1470.52
F000888,R005,2025-03-01 12:45:00,Boeing 737,160,Completed,3364.84,1180.37,2439.09,1290.01
F000889,R006,2025-03-01 08:30:00,Airbus A320,180,Delayed,3037.11,1178.72,1674.69,1402.42
F000890,R007,2025-03-01 21:45:00,Boeing 737,160,Completed,3779.19,1292.93,1802.01,1069.43
F000891,R007,2025-03-01 18:00:00,Airbus A320,180,Completed,3178.5,1298.72,2569.64,1479.49
F000892,R008,2025-03-01 15:00:00,Airbus A320,180,Completed,3454.76,1283.71,2586.92,1435.28
F000893,R008,2025-03-01 21:15:00,Boeing 737,160,Completed,3545.46,1272.0,1973.78,563.51
F000894,R009,2025-03-01 21:00:00,Airbus A320,180,Completed,1053.74,379.47,2172.49,936.23
F000895,R009,2025-03-01 11:30:00,Boeing 737,160,Completed,1022.17,371.69,2261.45,1087.66
F000896,R010,2025-03-01 20:15:00,Airbus A320,180,Completed,1074.37,369.9,2125.29,1441.2
F000897,R010,2025-03-01 17:45:00,Boeing 737,160,Completed,1053.56,365.86,2623.88,1167.06
F000898,R001,2025-03-02 11:15:00,Boeing 737,160,Completed,13900.4,4752.45,2123.98,1493.77
F000899,R002,2025-03-02 13:15:00,Boeing 737,160,Completed,14971.74,4880.1,1891.21,1176.93
F000900,R002,2025-03-02 11:00:00,Boeing 737,160,Completed,13170.73,4758.91,1840.04,1061.98
F000901,R003,2025-03-02 14:30:00,Airbus A320,180,Completed,10699.99,3791.72,2335.53,1396.32
F000902,R003,2025-03-02 22:00:00,Boeing 737,160,Completed,11019.32,3669.05,2185.7,1341.6
F000903,R004,2025-03-02 09:00:00,Boeing 737,160,Delayed,10167.84,3569.07,1677.09,705.39
F000904,R005,2025-03-02 11:30:00,Airbus A320,180,Completed,3438.17,1187.81,2805.74,654.3
F000905,R005,2025-03-02 17:30:00,Boeing 737,160,Cancelled,3020.66,1152.58,2954.46,1269.22
F000906,R006,2025-03-02 13:45:00,Airbus A320,180,Completed,3127.67,1148.95,1899.02,1215.2
F000907,R007,2025-03-02 17:15:00,Boeing 737,160,Completed,3704.04,1285.8,2680.82,637.99
F000908,R007,2025-03-02 19:45:00,Airbus A320,180,Completed,3806.18,1339.93,2274.23,1182.2
F000909,R008,2025-03-02 20:15:00,Boeing 737,160,Completed,3678.95,1284.22,1604.37,838.3
F000910,R009,2025-03-02 11:45:00,Boeing 737,160,Completed,1006.54,356.69,2883.78,650.95
F000911,R009,2025-03-02 07:30:00,Airbus A320,180,Completed,1008.34,380.76,2330.42,804.32
F000912,R010,2025-03-02 17:00:00,Airbus A320,180,Completed,1110.82,378.13,1720.29,903.94
F000913,R010,2025-03-02 12:45:00,Airbus A320,180,Completed,1108.24,384.53,2106.76,697.3
F000914,R001,2025-03-03 08:00:00,Airbus A320,180,Completed,13313.01,5058.35,2819.81,1020.47
F000915,R001,2025-03-03 15:15:00,Boeing 737,160,Completed,13644.28,4857.06,2011.06,1135.69
F000916,R002,2025-03-03 06:30:00,Boeing 737,160,Completed,14516.99,4852.95,2134.12,1005.27
F000917,R003,2025-03-03 17:30:00,Airbus A320,180,Completed,9389.11,3786.72,2912.01,948.74
F000918,R004,2025-03-03 20:30:00,Boeing 737,160,Completed,10773.12,3872.54,2348.4,1394.34
F000919,R005,2025-03-03 17:30:00,Airbus A320,180,Completed,3376.07,1225.43,2359.15,639.97
F000920,R006,2025-03-03 22:15:00,Boeing 737,160,Completed,3154.52,1197.79,2734.26,861.27
F000921,R006,2025-03-03 09:15:00,Airbus A320,180,Completed,3481.6,1138.34,1593.29,1388.51
F000922,R007,2025-03-03 12:45:00,Boeing 737,160,Completed,3433.34,1285.37,2382.36,1018.94
F000923,R007,2025-03-03 18:30:00,Airbus A320,180,Completed,3621.72,1345.65,2533.53,1447.82
F000924,R008,2025-03-03 11:15:00,Boeing 737,160,Completed,3514.76,1276.58,2952.05,1013.19
F000925,R008,2025-03-03 22:00:00,Boeing 737,160,Completed,3494.08,1222.08,1735.26,1059.03
F000926,R009,2025-03-03 19:00:00,Boeing 737,160,Completed,1001.67,366.13,2284.17,617.74
F000927,R010,2025-03-03 17:30:00,Airbus A320,180,Completed,1025.6,384.89,1713.21,1089.62
F000928,R010,2025-03-03 07:30:00,Airbus A320,180,Delayed,970.0,385.94,2233.19,622.33
F000929,R001,2025-03-04 08:00:00,Airbus A320,180,Completed,13561.25,4855.8,2178.56,837.82
F000930,R001,2025-03-04 18:45:00,Boeing 737,160,Completed,14325.66,4952.36,2191.4,949.93
F000931,R002,2025-03-04 10:30:00,Boeing 737,160,Completed,14428.74,5031.43,2114.44,732.82
F000932,R002,2025-03-04 18:30:00,Boeing 737,160,Completed,14859.62,5143.07,2603.87,1145.92
F000933,R003,2025-03-04 06:30:00,Boeing 737,160,Completed,10445.23,3538.84,2932.75,1041.83
F000934,R004,2025-03-04 22:15:00,Airbus A320,180,Completed,10158.36,3514.29,2487.38,1031.86
F000935,R005,2025-03-04 14:15:00,Boeing 737,160,Completed,3482.42,1228.26,2369.33,584.65
F000936,R006,2025-03-04 18:00:00,Airbus A320,180,Completed,3503.51,1131.36,2155.53,914.94
F000937,R006,2025-03-04 22:30:00,Airbus A320,180,Completed,3108.34,1142.22,1649.0,668.16
F000938,R007,2025-03-04 11:30:00,Boeing 737,160,Completed,3281.7,1339.97,2517.91,558.91
F000939,R008,2025-03-04 11:00:00,Boeing 737,160,Completed,3383.09,1230.56,1713.69,1393.01
F000940,R008,2025-03-04 14:45:00,Boeing 737,160,Completed,3209.53,1248.62,2395.51,736.49
F000941,R009,2025-03-04 09:30:00,Boeing 737,160,Completed,991.13,375.99,1598.19,528.91
F000942,R009,2025-03-04 13:00:00,Airbus A320,180,Completed,1039.62,377.22,1652.26,1262.98
F000943,R010,2025-03-04 15:45:00,Airbus A320,180,Completed,942.91,379.08,1805.19,1467.91
F000944,R001,2025-03-05 11:15:00,Airbus A320,180,Completed,14868.53,4977.3,1562.69,1312.64
F000945,R001,2025-03-05 15:15:00,Boeing 737,160,Completed,12415.08,5158.8,1909.95,750.89
F000946,R002,2025-03-05 17:15:00,Airbus A320,180,Completed,12375.08,5068.4,2344.62,800.64
F000947,R002,2025-03-05 18:00:00,Boeing 737,160,Completed,14225.26,5196.92,2817.42,710.85
F000948,R003,2025-03-05 16:30:00,Airbus A320,180,Completed,9692.08,3751.91,1982.46,710.62
F000949,R003,2025-03-05 16:00:00,Boeing 737,160,Completed,10450.37,3508.16,2214.79,1401.44
F000950,R004,2025-03-05 19:45:00,Airbus A320,180,Completed,10230.43,3798.07,2473.65,577.52
F000951,R005,2025-03-05 20:00:00,Airbus A320,180,Completed,3575.43,1173.31,2401.97,886.75
F000952,R006,2025-03-05 09:45:00,Airbus A320,180,Delayed,3552.04,1181.42,1832.28,519.78
F000953,R007,2025-03-05 17:15:00,Boeing 737,160,Completed,3748.51,1298.06,2712.62,721.15
F000954,R007,2025-03-05 21:30:00,Boeing 737,160,Cancelled,3370.91,1333.86,2560.45,709.09
F000955,R008,2025-03-05 18:00:00,Airbus A320,180,Delayed,3574.22,1281.23,2327.68,1159.84
F000956,R009,2025-03-05 08:15:00,Boeing 737,160,Completed,951.86,390.22,2783.22,1381.0
F000957,R010,2025-03-05 12:00:00,Airbus A320,180,Completed,1065.67,388.33,1502.93,927.11
F000958,R010,2025-03-05 07:30:00,Airbus A320,180,Completed,1099.33,370.52,1682.58,1018.3
F000959,R001,2025-03-06 17:00:00,Boeing 737,160,Completed,12379.11,5157.1,2298.62,816.24
F000960,R001,2025-03-06 18:15:00,Airbus A320,180,Completed,12473.97,4985.55,1538.06,1237.44
F000961,R002,2025-03-06 08:15:00,Boeing 737,160,Completed,12699.05,4856.35,2438.99,596.73
F000962,R002,2025-03-06 21:45:00,Boeing 737,160,Completed,13864.42,5012.52,2001.45,750.41
F000963,R003,2025-03-06 21:15:00,Airbus A320,180,Completed,10828.21,3810.75,2279.51,736.74
F000964,R004,2025-03-06 20:00:00,Airbus A320,180,Completed,10313.28,3538.98,1591.03,533.34
F000965,R005,2025-03-06 08:15:00,Boeing 737,160,Completed,3540.85,1181.1,1952.21,1126.19
F000966,R005,2025-03-06 08:00:00,Boeing 737,160,Completed,3305.72,1163.64,2072.18,595.83
F000967,R006,2025-03-06 13:00:00,Airbus A320,180,Completed,3191.15,1223.07,2819.91,1119.23
F000968,R006,2025-03-06 16:00:00,Airbus A320,180,Completed,3278.25,1198.43,1662.01,512.29
F000969,R007,2025-03-06 12:15:00,Airbus A320,180,Completed,3423.54,1279.62,2431.28,685.92
F000970,R008,2025-03-06 07:00:00,Boeing 737,160,Completed,3392.71,1273.78,2939.61,1254.37
F000971,R009,2025-03-06 10:15:00,Airbus A320,180,Completed,989.14,368.12,2053.24,508.08
F000972,R009,2025-03-06 10:00:00,Boeing 737,160,Completed,1029.96,386.54,2788.05,922.06
F000973,R010,2025-03-06 12:15:00,Boeing 737,160,Completed,995.91,380.28,2542.17,1481.92
F000974,R001,2025-03-07 16:30:00,Airbus A320,180,Cancelled,13145.92,4754.4,2814.16,1410.54
F000975,R001,2025-03-07 21:15:00,Boeing 737,160,Completed,13990.29,5045.64,2199.81,713.14
F000976,R002,2025-03-07 16:45:00,Boeing 737,160,Completed,13341.1,5111.41,1510.09,509.89
F000977,R002,2025-03-07 17:00:00,Boeing 737,160,Delayed,12638.94,4920.5,2447.0,1412.71
F000978,R003,2025-03-07 07:00:00,Boeing 737,160,Cancelled,9539.4,3571.69,2828.07,1218.84
F000979,R003,2025-03-07 16:15:00,Boeing 737,160,Completed,9535.67,3572.41,1892.68,601.19
F000980,R004,2025-03-07 18:00:00,Airbus A320,180,Completed,11038.57,3620.03,1860.22,1309.49
F000981,R005,2025-03-07 22:45:00,Boeing 737,160,Completed,3017.72,1233.47,1696.19,689.64
F000982,R006,2025-03-07 17:30:00,Airbus A320,180,Completed,3578.66,1157.65,1569.29,1116.03
F000983,R006,2025-03-07 12:30:00,Boeing 737,160,Completed,3154.41,1134.93,2693.42,1372.85
F000984,R007,2025-03-07 12:00:00,Airbus A320,180,Completed,3730.68,1296.73,1751.15,888.12
F000985,R007,2025-03-07 22:30:00,Airbus A320,180,Completed,3538.82,1240.85,2568.73,1025.48
F000986,R008,2025-03-07 21:45:00,Airbus A320,180,Completed,3582.74,1299.71,2685.94,1149.74
F000987,R008,2025-03-07 12:15:00,Boeing 737,160,Completed,3491.71,1247.95,1827.89,925.02
F000988,R009,2025-03-07 11:30:00,Airbus A320,180,Completed,1038.9,360.32,1626.04,944.51
F000989,R009,2025-03-07 17:15:00,Boeing 737,160,Completed,1021.35,378.53,2139.15,967.55
F000990,R010,2025-03-07 17:45:00,Airbus A320,180,Completed,981.81,356.22,2162.53,765.62
F000991,R010,2025-03-07 08:30:00,Boeing 737,160,Completed,986.23,374.07,2319.98,578.16
F000992,R001,2025-03-08 13:00:00,Boeing 737,160,Completed,12445.5,4721.45,1800.46,696.65
F000993,R001,2025-03-08 16:30:00,Airbus A320,180,Completed,14280.09,5082.9,2768.17,690.64
F000994,R002,2025-03-08 14:00:00,Airbus A320,180,Completed,13018.57,4874.08,2995.26,1445.82
F000995,R003,2025-03-08 21:15:00,Airbus A320,180,Completed,9599.82,3774.46,1814.81,733.72
F000996,R004,2025-03-08 20:30:00,Boeing 737,160,Completed,9773.43,3576.75,2655.2,1197.94
F000997,R004,2025-03-08 12:45:00,Airbus A320,180,Cancelled,10869.69,3518.51,1708.43,1373.75
F000998,R005,2025-03-08 06:45:00,Airbus A320,180,Completed,3162.34,1178.39,2528.64,903.37
F000999,R005,2025-03-08 15:30:00,Boeing 737,160,Completed,3311.16,1132.43,1708.7,1477.24
F001000,R006,2025-03-08 18:45:00,Boeing 737,160,Completed,3560.18,1136.17,2079.65,974.78
F001001,R006,2025-03-08 16:45:00,Airbus A320,180,Completed,3001.22,1140.99,2329.36,532.06
F001002,R007,2025-03-08 06:15:00,Boeing 737,160,Completed,3221.95,1341.36,1925.73,733.04
F001003,R007,2025-03-08 22:00:00,Airbus A320,180,Completed,3213.46,1284.38,1757.74,1359.71
F001004,R008,2025-03-08 18:15:00,Boeing 737,160,Completed,3264.0,1271.54,2614.71,888.99
F001005,R008,2025-03-08 12:15:00,Boeing 737,160,Completed,3391.36,1322.75,2497.19,658.78
F001006,R009,2025-03-08 12:45:00,Airbus A320,180,Completed,967.14,392.37,2168.6,1324.58
F001007,R009,2025-03-08 13:30:00,Airbus A320,180,Completed,1020.31,376.85,2605.94,787.91
F001008,R010,2025-03-08 17:30:00,Airbus A320,180,Completed,1051.75,385.59,1762.69,749.13
F001009,R010,2025-03-08 19:45:00,Airbus A320,180,Completed,1113.01,362.16,2352.92,893.55
F001010,R001,2025-03-09 13:15:00,Airbus A320,180,Completed,14654.01,4968.68,2499.99,566.74
F001011,R002,2025-03-09 21:45:00,Boeing 737,160,Completed,14961.0,4740.38,1657.84,1266.54
F001012,R003,2025-03-09 19:45:00,Boeing 737,160,Completed,9650.97,3694.24,2193.25,573.2
F001013,R003,2025-03-09 20:45:00,Airbus A320,180,Completed,10652.44,3823.35,2095.01,510.74
F001014,R004,2025-03-09 10:30:00,Airbus A320,180,Completed,10122.05,3532.59,2322.64,742.29
F001015,R005,2025-03-09 10:45:00,Airbus A320,180,Completed,3490.18,1148.87,1527.1,600.52
F001016,R005,2025-03-09 15:00:00,Airbus A320,180,Completed,3050.37,1208.36,1516.82,773.25
F001017,R006,2025-03-09 17:15:00,Boeing 737,160,Completed,3407.1,1234.65,2298.45,942.06
F001018,R006,2025-03-09 07:00:00,Airbus A320,180,Cancelled,3391.37,1181.35,2397.31,548.66
F001019,R007,2025-03-09 12:15:00,Airbus A320,180,Completed,3813.71,1243.54,1524.06,527.94
F001020,R007,2025-03-09 06:30:00,Boeing 737,160,Completed,3652.39,1226.0,2938.12,596.6
F001021,R008,2025-03-09 11:00:00,Airbus A320,180,Completed,3534.31,1322.46,1984.02,1126.79
F001022,R009,2025-03-09 18:45:00,Boeing 737,160,Delayed,973.46,359.26,1985.05,514.99
F001023,R010,2025-03-09 06:45:00,Boeing 737,160,Completed,1020.02,357.77,2722.63,1149.94
F001024,R010,2025-03-09 17:00:00,Boeing 737,160,Completed,1107.79,370.68,2651.32,999.58
F001025,R001,2025-03-10 11:30:00,Boeing 737,160,Completed,13884.39,5188.3,2544.47,1177.9
F001026,R002,2025-03-10 16:15:00,Airbus A320,180,Completed,14913.91,5032.35,1601.27,517.65
F001027,R003,2025-03-10 18:15:00,Boeing 737,160,Completed,9610.03,3734.96,2845.17,808.85
F001028,R003,2025-03-10 19:15:00,Boeing 737,160,Completed,9259.38,3645.67,1944.92,651.67
F001029,R004,2025-03-10 07:15:00,Airbus A320,180,Completed,10638.83,3628.75,1917.19,1143.6
F001030,R005,2025-03-10 22:45:00,Airbus A320,180,Completed,3430.71,1155.81,2599.31,842.73
F001031,R006,2025-03-10 07:15:00,Boeing 737,160,Completed,3337.61,1173.92,1982.46,942.36
F001032,R007,2025-03-10 08:45:00,Boeing 737,160,Completed,3845.38,1224.58,2988.02,1438.27
F001033,R008,2025-03-10 08:15:00,Boeing 737,160,Completed,3339.57,1227.92,2587.48,811.46
F001034,R009,2025-03-10 13:45:00,Boeing 737,160,Completed,1050.27,366.64,2364.63,1467.73
F001035,R010,2025-03-10 14:45:00,Boeing 737,160,Completed,1121.27,368.75,2066.58,970.71
F001036,R001,2025-03-11 22:45:00,Boeing 737,160,Completed,14482.62,5095.31,1529.72,881.42
F001037,R001,2025-03-11 08:30:00,Boeing 737,160,Delayed,13756.39,4789.47,2070.68,805.85
F001038,R002,2025-03-11 18:45:00,Boeing 737,160,Completed,13158.48,5056.36,1793.57,1416.13
F001039,R002,2025-03-11 06:00:00,Airbus A320,180,Completed,13589.23,5160.72,2910.43,1470.49
F001040,R003,2025-03-11 18:45:00,Airbus A320,180,Completed,10439.41,3724.6,2113.18,538.83
F001041,R003,2025-03-11 09:45:00,Boeing 737,160,Completed,9532.1,3668.48,1882.89,1413.09
F001042,R004,2025-03-11 22:45:00,Airbus A320,180,Completed,10551.92,3747.71,2889.78,1235.66
F001043,R004,2025-03-11 13:45:00,Boeing 737,160,Completed,11008.83,3640.83,2559.84,528.26
F001044,R005,2025-03-11 14:45:00,Boeing 737,160,Completed,3106.45,1200.14,2927.67,1341.52
F001045,R006,2025-03-11 09:00:00,Airbus A320,180,Cancelled,3200.14,1198.24,2851.49,1018.54
F001046,R007,2025-03-11 19:15:00,Airbus A320,180,Delayed,3351.25,1256.64,2951.53,1158.49
F001047,R008,2025-03-11 15:45:00,Boeing 737,160,Completed,3250.0,1291.31,2696.3,1314.23
F001048,R008,2025-03-11 14:15:00,Airbus A320,180,Completed,3665.82,1218.72,1752.6,991.72
F001049,R009,2025-03-11 08:45:00,Airbus A320,180,Completed,1060.29,382.72,1755.95,874.65
F001050,R010,2025-03-11 12:45:00,Boeing 737,160,Completed,1029.04,359.42,2350.64,712.57
F001051,R001,2025-03-12 07:15:00,Boeing 737,160,Completed,12957.34,5149.13,2113.19,1126.84
F001052,R002,2025-03-12 11:00:00,Airbus A320,180,Completed,12484.59,4764.22,1596.39,529.67
F001053,R003,2025-03-12 21:45:00,Boeing 737,160,Completed,9157.0,3605.64,2932.82,1165.32
F001054,R004,2025-03-12 09:15:00,Boeing 737,160,Completed,9900.53,3699.41,2943.09,765.84
F001055,R005,2025-03-12 21:30:00,Airbus A320,180,Completed,3160.2,1209.6,2014.62,815.22
F001056,R005,2025-03-12 13:30:00,Airbus A320,180,Completed,3187.57,1135.4,2034.04,830.26
F001057,R006,2025-03-12 06:45:00,Airbus A320,180,Completed,3414.16,1234.09,1708.29,1101.91
F001058,R007,2025-03-12 13:30:00,Airbus A320,180,Completed,3608.95,1302.37,2212.8,913.13
F001059,R007,2025-03-12 12:00:00,Airbus A320,180,Completed,3184.68,1264.08,1568.63,1307.56
F001060,R008,2025-03-12 20:15:00,Airbus A320,180,Completed,3455.11,1296.43,1622.05,927.92
F001061,R008,2025-03-12 21:00:00,Airbus A320,180,Completed,3380.15,1242.91,1714.74,1020.05
F001062,R009,2025-03-12 10:45:00,Boeing 737,160,Completed,987.64,380.47,2323.12,1374.79
F001063,R010,2025-03-12 20:00:00,Airbus A320,180,Completed,1061.96,364.31,1817.46,1253.25
F001064,R001,2025-03-13 09:45:00,Boeing 737,160,Completed,12687.49,5162.34,2853.97,1266.31
F001065,R002,2025-03-13 14:45:00,Boeing 737,160,Completed,14063.01,5159.25,2450.32,991.96
F001066,R003,2025-03-13 13:00:00,Airbus A320,180,Completed,9903.26,3772.28,2604.0,881.65
F001067,R003,2025-03-13 19:15:00,Boeing 737,160,Completed,9663.82,3614.83,1667.07,840.24
F001068,R004,2025-03-13 09:30:00,Boeing 737,160,Delayed,10870.47,3859.64,2365.38,501.68
F001069,R005,2025-03-13 12:45:00,Airbus A320,180,Completed,3149.15,1171.96,2518.95,1296.57
F001070,R006,2025-03-13 09:45:00,Boeing 737,160,Completed,3292.02,1183.32,1717.05,1442.89
F001071,R007,2025-03-13 21:45:00,Boeing 737,160,Completed,3597.04,1236.6,2498.03,1301.29
F001072,R008,2025-03-13 16:30:00,Boeing 737,160,Completed,3365.76,1326.57,2360.96,1131.08
F001073,R009,2025-03-13 21:30:00,Airbus A320,180,Completed,937.75,385.6,1729.05,1216.77
F001074,R010,2025-03-13 07:15:00,Airbus A320,180,Completed,1075.28,366.49,2722.52,1412.38
F001075,R001,2025-03-14 06:45:00,Airbus A320,180,Completed,13401.34,4936.84,2022.46,891.36
F001076,R002,2025-03-14 22:30:00,Airbus A320,180,Completed,14147.13,4799.07,2784.38,893.77
F001077,R003,2025-03-14 16:00:00,Airbus A320,180,Completed,10066.77,3567.84,1706.34,1195.96
F001078,R004,2025-03-14 10:15:00,Boeing 737,160,Completed,10771.03,3579.64,2476.86,862.23
F001079,R004,2025-03-14 09:15:00,Airbus A320,180,Completed,11067.58,3665.09,2762.49,1425.99
F001080,R005,2025-03-14 17:45:00,Boeing 737,160,Completed,3557.8,1142.54,2273.15,838.49
F001081,R006,2025-03-14 10:45:00,Boeing 737,160,Completed,2962.51,1157.21,2232.94,1187.98
F001082,R006,2025-03-14 11:45:00,Boeing 737,160,Completed,3448.47,1231.35,2475.47,775.22
F001083,R007,2025-03-14 17:00:00,Boeing 737,160,Completed,3255.18,1233.55,2462.11,1408.48
F001084,R007,2025-03-14 13:00:00,Airbus A320,180,Completed,3365.95,1313.46,2691.52,681.1
F001085,R008,2025-03-14 19:30:00,Boeing 737,160,Delayed,3243.07,1226.04,2863.32,1295.22
F001086,R008,2025-03-14 11:45:00,Boeing 737,160,Completed,3450.62,1322.7,2675.21,1030.09
F001087,R009,2025-03-14 22:00:00,Boeing 737,160,Completed,1124.29,388.87,1771.0,1099.1
F001088,R010,2025-03-14 06:45:00,Airbus A320,180,Completed,950.96,360.12,1809.34,661.21
F001089,R001,2025-03-15 07:00:00,Boeing 737,160,Completed,13629.24,4882.46,2316.64,923.05
F001090,R001,2025-03-15 06:15:00,Airbus A320,180,Completed,12376.94,5170.67,2856.93,793.4
F001091,R002,2025-03-15 10:45:00,Airbus A320,180,Completed,13674.21,5190.58,2028.18,1038.21
F001092,R002,2025-03-15 12:00:00,Boeing 737,160,Completed,12896.76,4795.6,1949.56,1332.63
F001093,R003,2025-03-15 12:30:00,Airbus A320,180,Completed,9398.62,3737.16,1611.54,754.97
F001094,R004,2025-03-15 11:45:00,Airbus A320,180,Completed,9306.76,3601.24,2138.02,1194.52
F001095,R004,2025-03-15 12:00:00,Airbus A320,180,Completed,11158.88,3764.66,1788.94,872.14
F001096,R005,2025-03-15 19:15:00,Airbus A320,180,Completed,3588.77,1180.11,1538.86,1103.61
F001097,R006,2025-03-15 14:00:00,Boeing 737,160,Completed,3387.21,1176.93,1994.04,588.97
F001098,R007,2025-03-15 14:15:00,Boeing 737,160,Completed,3365.9,1230.46,2969.23,722.23
F001099,R007,2025-03-15 09:00:00,Boeing 737,160,Completed,3544.17,1330.14,2383.24,1306.8
F001100,R008,2025-03-15 22:30:00,Airbus A320,180,Completed,3561.84,1295.78,2844.86,670.75
F001101,R009,2025-03-15 11:30:00,Airbus A320,180,Completed,1023.74,360.07,1514.25,1013.57
F001102,R009,2025-03-15 10:15:00,Boeing 737,160,Completed,1003.57,382.8,1579.3,1225.42
F001103,R010,2025-03-15 13:45:00,Airbus A320,180,Completed,963.31,392.19,2697.7,1002.23
F001104,R010,2025-03-15 14:45:00,Boeing 737,160,Completed,988.43,387.39,2921.18,906.51
F001105,R001,2025-03-16 08:00:00,Boeing 737,160,Completed,14238.55,5170.21,1747.67,557.41
F001106,R001,2025-03-16 15:45:00,Boeing 737,160,Completed,14870.75,4912.37,2263.02,1230.8
F001107,R002,2025-03-16 21:00:00,Airbus A320,180,Completed,12289.09,4796.64,2747.1,507.29
F001108,R002,2025-03-16 19:30:00,Boeing 737,160,Delayed,14958.02,5029.78,2880.69,1499.17
F001109,R003,2025-03-16 20:15:00,Boeing 737,160,Completed,9492.68,3642.92,1699.98,853.29
F001110,R004,2025-03-16 19:45:00,Airbus A320,180,Completed,9483.88,3865.42,2006.94,1179.06
F001111,R005,2025-03-16 15:30:00,Airbus A320,180,Completed,3132.1,1153.91,2607.04,1068.84
F001112,R006,2025-03-16 15:00:00,Airbus A320,180,Completed,3523.46,1229.38,1586.25,505.89
F001113,R007,2025-03-16 16:30:00,Airbus A320,180,Completed,3248.51,1262.73,2583.65,902.07
F001114,R007,2025-03-16 06:00:00,Airbus A320,180,Cancelled,3519.89,1228.76,2271.48,653.71
F001115,R008,2025-03-16 21:00:00,Boeing 737,160,Completed,3715.49,1249.97,2206.05,874.31
F001116,R009,2025-03-16 19:15:00,Airbus A320,180,Completed,948.01,371.7,2759.04,661.83
F001117,R009,2025-03-16 17:45:00,Boeing 737,160,Completed,999.54,387.86,1797.7,689.57
F001118,R010,2025-03-16 10:45:00,Airbus A320,180,Completed,1078.68,389.0,1740.47,698.99
F001119,R001,2025-03-17 14:00:00,Airbus A320,180,Completed,13582.74,4947.81,2522.6,627.43
F001120,R001,2025-03-17 18:45:00,Boeing 737,160,Completed,12550.0,4755.9,1531.73,655.54
F001121,R002,2025-03-17 13:00:00,Airbus A320,180,Completed,13421.01,4998.06,1512.04,980.19
F001122,R003,2025-03-17 21:00:00,Airbus A320,180,Completed,9640.78,3563.7,2266.86,749.47
F001123,R003,2025-03-17 09:30:00,Boeing 737,160,Completed,10490.75,3665.85,2210.84,1282.72
F001124,R004,2025-03-17 22:15:00,Boeing 737,160,Cancelled,11153.18,3725.67,2451.72,729.38
F001125,R005,2025-03-17 18:00:00,Airbus A320,180,Completed,3587.43,1238.98,2139.45,1116.47
F001126,R006,2025-03-17 07:45:00,Airbus A320,180,Completed,3283.32,1211.78,2970.19,721.78
F001127,R007,2025-03-17 21:00:00,Airbus A320,180,Completed,3626.94,1256.91,1903.87,780.56
F001128,R007,2025-03-17 17:45:00,Boeing 737,160,Completed,3398.47,1224.0,1561.33,552.13
F001129,R008,2025-03-17 12:30:00,Airbus A320,180,Completed,3370.49,1295.66,2146.36,752.26
F001130,R008,2025-03-17 21:30:00,Airbus A320,180,Completed,3387.55,1230.32,1520.49,1051.77
F001131,R009,2025-03-17 16:30:00,Airbus A320,180,Completed,1078.47,377.33,2407.07,738.25
F001132,R010,2025-03-17 12:45:00,Boeing 737,160,Delayed,1108.15,360.18,2613.88,620.35
F001133,R010,2025-03-17 12:15:00,Airbus A320,180,Completed,1116.03,358.1,2319.87,842.9
F001134,R001,2025-03-18 12:15:00,Boeing 737,160,Completed,12599.27,4909.52,2567.4,1391.59
F001135,R001,2025-03-18 17:30:00,Airbus A320,180,Delayed,13966.06,4760.63,2154.19,982.82
F001136,R002,2025-03-18 11:30:00,Boeing 737,160,Completed,13039.84,5175.62,1591.19,1472.47
F001137,R003,2025-03-18 18:45:00,Boeing 737,160,Completed,9473.8,3784.57,2076.23,1279.37
F001138,R004,2025-03-18 14:15:00,Boeing 737,160,Delayed,9145.01,3718.54,2388.17,508.86
F001139,R004,2025-03-18 22:45:00,Airbus A320,180,Completed,9753.8,3588.75,2562.38,1052.15
F001140,R005,2025-03-18 13:00:00,Boeing 737,160,Completed,3130.99,1204.59,2913.07,777.76
F001141,R006,2025-03-18 14:00:00,Boeing 737,160,Completed,3586.86,1153.54,1674.28,1148.65
F001142,R007,2025-03-18 16:00:00,Airbus A320,180,Delayed,3682.09,1270.25,2417.22,824.64
F001143,R007,2025-03-18 07:00:00,Airbus A320,180,Completed,3327.56,1341.64,1765.1,1471.6
F001144,R008,2025-03-18 18:30:00,Boeing 737,160,Completed,3748.91,1246.19,1903.19,1081.66
F001145,R009,2025-03-18 10:45:00,Boeing 737,160,Delayed,1075.77,371.53,1722.5,979.01
F001146,R009,2025-03-18 21:15:00,Airbus A320,180,Delayed,963.71,387.55,1783.29,990.52
F001147,R010,2025-03-18 15:00:00,Airbus A320,180,Completed,959.16,361.95,2091.3,1107.82
F001148,R001,2025-03-19 10:00:00,Airbus A320,180,Completed,12918.95,5152.52,2955.58,600.23
F001149,R002,2025-03-19 06:00:00,Airbus A320,180,Completed,13296.66,4756.97,1520.33,1330.52
F001150,R003,2025-03-19 10:15:00,Boeing 737,160,Completed,9681.2,3853.93,2399.46,1292.4
F001151,R004,2025-03-19 09:30:00,Boeing 737,160,Completed,9548.53,3684.77,2344.28,944.33
F001152,R005,2025-03-19 15:30:00,Airbus A320,180,Completed,3041.26,1135.24,2538.06,1127.49
F001153,R006,2025-03-19 06:00:00,Boeing 737,160,Completed,3296.17,1140.78,2829.69,915.28
F001154,R007,2025-03-19 13:00:00,Boeing 737,160,Completed,3474.12,1236.79,2483.05,725.88
F001155,R008,2025-03-19 09:45:00,Boeing 737,160,Completed,3871.54,1246.68,2934.7,781.81
F001156,R008,2025-03-19 08:30:00,Boeing 737,160,Completed,3427.13,1336.45,1627.21,543.35
F001157,R009,2025-03-19 11:45:00,Airbus A320,180,Completed,1048.99,380.71,1725.33,1167.27
F001158,R010,2025-03-19 15:30:00,Boeing 737,160,Completed,981.41,373.97,2053.67,765.4
F001159,R010,2025-03-19 08:00:00,Boeing 737,160,Completed,1085.64,360.78,1721.67,946.7
F001160,R001,2025-03-20 08:00:00,Airbus A320,180,Completed,14863.72,4840.35,1635.67,1494.77
F001161,R001,2025-03-20 11:45:00,Airbus A320,180,Completed,13120.59,4912.3,2540.13,913.94
F001162,R002,2025-03-20 10:15:00,Airbus A320,180,Delayed,13391.05,4948.57,2300.66,1032.47
F001163,R002,2025-03-20 13:45:00,Boeing 737,160,Completed,13832.92,4911.31,2366.81,1193.5
F001164,R003,2025-03-20 08:15:00,Airbus A320,180,Completed,9143.52,3874.35,1525.73,1058.37
F001165,R004,2025-03-20 09:00:00,Airbus A320,180,Completed,9870.46,3820.97,2667.97,639.35
F001166,R005,2025-03-20 10:45:00,Boeing 737,160,Completed,3078.0,1155.28,2620.49,617.24
F001167,R005,2025-03-20 10:45:00,Boeing 737,160,Completed,3395.15,1179.06,1581.13,606.01
F001168,R006,2025-03-20 21:15:00,Boeing 737,160,Completed,3036.28,1145.38,1867.57,512.48
F001169,R007,2025-03-20 10:15:00,Airbus A320,180,Completed,3697.23,1313.81,2547.85,799.51
F001170,R007,2025-03-20 19:30:00,Airbus A320,180,Completed,3723.91,1307.03,1930.15,655.89
F001171,R008,2025-03-20 11:15:00,Boeing 737,160,Completed,3452.45,1272.21,2922.36,954.3
F001172,R009,2025-03-20 22:30:00,Boeing 737,160,Completed,1012.8,361.16,2959.68,1021.5
F001173,R009,2025-03-20 10:15:00,Airbus A320,180,Completed,1052.99,363.49,1775.54,1246.0
F001174,R010,2025-03-20 20:45:00,Airbus A320,180,Completed,1059.91,370.45,2070.71,554.67
F001175,R001,2025-03-21 19:15:00,Airbus A320,180,Completed,12546.37,4741.02,2404.79,1346.61
F001176,R001,2025-03-21 06:15:00,Airbus A320,180,Completed,12694.37,4755.2,1817.86,510.98
F001177,R002,2025-03-21 12:15:00,Boeing 737,160,Completed,12905.56,4744.59,2355.18,544.87
F001178,R002,2025-03-21 21:00:00,Boeing 737,160,Completed,13107.69,5169.54,1512.72,856.65
F001179,R003,2025-03-21 18:15:00,Airbus A320,180,Completed,10664.39,3775.32,2960.78,1202.66
F001180,R003,2025-03-21 09:30:00,Airbus A320,180,Completed,10958.16,3693.32,2253.27,1275.06
F001181,R004,2025-03-21 18:45:00,Boeing 737,160,Completed,9726.82,3563.35,2194.66,1385.2
F001182,R005,2025-03-21 13:15:00,Boeing 737,160,Completed,3442.65,1147.73,2945.5,1016.3
F001183,R006,2025-03-21 20:15:00,Airbus A320,180,Completed,3130.34,1202.67,2910.21,540.01
F001184,R006,2025-03-21 18:15:00,Boeing 737,160,Completed,3591.75,1200.7,2937.02,1066.9
F001185,R007,2025-03-21 09:00:00,Boeing 737,160,Completed,3713.28,1257.58,2801.3,1297.38
F001186,R007,2025-03-21 08:45:00,Boeing 737,160,Completed,3493.64,1239.66,1943.41,568.16
F001187,R008,2025-03-21 17:00:00,Boeing 737,160,Completed,3299.29,1316.86,1886.92,973.26
F001188,R008,2025-03-21 14:45:00,Boeing 737,160,Completed,3835.62,1342.47,2232.39,863.47
F001189,R009,2025-03-21 18:45:00,Boeing 737,160,Completed,1016.33,374.47,2436.95,813.65
F001190,R009,2025-03-21 08:45:00,Airbus A320,180,Completed,979.71,388.05,2523.83,1120.61
F001191,R010,2025-03-21 13:00:00,Boeing 737,160,Completed,1101.12,366.17,1737.31,899.28
F001192,R001,2025-03-22 13:45:00,Airbus A320,180,Completed,14073.01,4875.22,2202.73,1035.12
F001193,R002,2025-03-22 09:00:00,Boeing 737,160,Completed,14243.52,5156.64,2883.74,1268.22
F001194,R002,2025-03-22 12:45:00,Airbus A320,180,Completed,12426.77,4872.0,2406.55,712.64
F001195,R003,2025-03-22 09:30:00,Airbus A320,180,Completed,9215.44,3564.9,2204.95,1140.22
F001196,R003,2025-03-22 16:00:00,Airbus A320,180,Completed,9264.41,3805.91,2684.34,1478.56
F001197,R004,2025-03-22 07:15:00,Boeing 737,160,Completed,11072.14,3759.81,1904.77,1135.69
F001198,R005,2025-03-22 10:00:00,Airbus A320,180,Completed,3204.97,1164.04,2568.31,1371.29
F001199,R006,2025-03-22 14:15:00,Boeing 737,160,Completed,3000.7,1235.72,2013.03,1253.18
F001200,R007,2025-03-22 12:30:00,Airbus A320,180,Completed,3512.54,1286.55,2675.79,1465.59
F001201,R008,2025-03-22 17:45:00,Boeing 737,160,Completed,3568.45,1332.48,1797.84,1222.72
F001202,R008,2025-03-22 10:30:00,Airbus A320,180,Completed,3182.95,1332.83,2900.73,999.45
F001203,R009,2025-03-22 09:45:00,Airbus A320,180,Completed,1032.76,355.44,2175.84,1332.51
F001204,R009,2025-03-22 10:45:00,Boeing 737,160,Completed,933.16,383.19,1781.49,1196.45
F001205,R010,2025-03-22 18:15:00,Airbus A320,180,Completed,968.8,362.45,2519.44,1455.1
F001206,R001,2025-03-23 17:00:00,Airbus A320,180,Completed,14692.39,4951.03,2801.64,1199.32
F001207,R001,2025-03-23 20:45:00,Airbus A320,180,Completed,13208.83,5112.45,2138.77,1474.07
F001208,R002,2025-03-23 09:15:00,Airbus A320,180,Completed,13417.52,4790.06,2392.34,1042.76
F001209,R002,2025-03-23 18:30:00,Airbus A320,180,Completed,13977.61,5050.04,2906.85,1405.88
F001210,R003,2025-03-23 08:00:00,Boeing 737,160,Completed,10456.83,3734.92,2116.92,996.4
F001211,R004,2025-03-23 20:00:00,Airbus A320,180,Completed,10867.17,3585.62,2665.32,1051.59
F001212,R005,2025-03-23 12:45:00,Boeing 737,160,Completed,3169.39,1222.9,2195.92,1407.99
F001213,R006,2025-03-23 06:30:00,Boeing 737,160,Completed,3271.94,1160.39,2488.02,807.4
F001214,R006,2025-03-23 19:15:00,Boeing 737,160,Completed,3528.48,1177.85,1523.3,653.38
F001215,R007,2025-03-23 22:30:00,Airbus A320,180,Completed,3293.11,1291.25,2145.03,1055.74
F001216,R007,2025-03-23 18:15:00,Airbus A320,180,Completed,3757.16,1320.63,2366.78,628.87
F001217,R008,2025-03-23 11:45:00,Airbus A320,180,Completed,3537.68,1273.97,1649.37,1301.17
F001218,R008,2025-03-23 22:00:00,Airbus A320,180,Completed,3767.37,1298.32,1890.35,1052.91
F001219,R009,2025-03-23 12:00:00,Boeing 737,160,Completed,930.92,355.73,2655.05,653.05
F001220,R009,2025-03-23 08:45:00,Boeing 737,160,Completed,1078.35,360.18,2180.56,1131.5
F001221,R010,2025-03-23 11:15:00,Boeing 737,160,Completed,986.73,375.32,1867.88,1280.03
F001222,R010,2025-03-23 18:30:00,Boeing 737,160,Delayed,982.21,390.27,2441.16,1138.39
F001223,R001,2025-03-24 09:45:00,Boeing 737,160,Completed,12542.77,4842.32,2841.91,592.78
F001224,R002,2025-03-24 17:15:00,Airbus A320,180,Completed,12525.33,5096.24,2120.62,986.52
F001225,R002,2025-03-24 08:15:00,Airbus A320,180,Completed,13272.88,4857.72,2862.45,1308.55
F001226,R003,2025-03-24 15:00:00,Boeing 737,160,Completed,10477.22,3740.44,2782.21,617.21
F001227,R004,2025-03-24 17:45:00,Boeing 737,160,Completed,9459.32,3781.23,2889.87,692.85
F001228,R004,2025-03-24 06:00:00,Boeing 737,160,Completed,9576.93,3642.12,2847.86,529.5
F001229,R005,2025-03-24 13:00:00,Boeing 737,160,Completed,3115.14,1185.81,2929.84,848.55
F001230,R006,2025-03-24 20:45:00,Airbus A320,180,Completed,3275.27,1176.11,1789.58,672.96
F001231,R006,2025-03-24 14:45:00,Boeing 737,160,Completed,3321.66,1219.65,1967.38,1294.1
F001232,R007,2025-03-24 19:45:00,Airbus A320,180,Completed,3593.42,1252.73,1978.12,607.56
F001233,R007,2025-03-24 18:45:00,Boeing 737,160,Completed,3572.84,1265.84,2449.05,564.27
F001234,R008,2025-03-24 07:30:00,Airbus A320,180,Completed,3379.88,1323.88,2467.65,1465.15
F001235,R009,2025-03-24 18:00:00,Boeing 737,160,Completed,962.66,367.37,2686.34,857.74
F001236,R009,2025-03-24 08:15:00,Airbus A320,180,Completed,1002.16,384.45,1683.46,818.59
F001237,R010,2025-03-24 16:15:00,Airbus A320,180,Delayed,1042.38,367.33,1848.97,566.24
F001238,R001,2025-03-25 12:15:00,Boeing 737,160,Completed,13778.46,5057.05,2919.41,1307.43
F001239,R001,2025-03-25 08:45:00,Airbus A320,180,Completed,13116.42,4860.96,1795.68,1302.73
F001240,R002,2025-03-25 07:30:00,Airbus A320,180,Completed,12575.93,4926.63,2402.15,1091.17
F001241,R002,2025-03-25 13:00:00,Airbus A320,180,Completed,12299.81,5090.24,2363.64,504.65
F001242,R003,2025-03-25 15:15:00,Airbus A320,180,Completed,9212.85,3704.36,2291.27,837.39
F001243,R003,2025-03-25 06:00:00,Airbus A320,180,Completed,9330.85,3803.69,2584.88,774.67
F001244,R004,2025-03-25 18:00:00,Airbus A320,180,Delayed,10140.45,3524.78,1947.67,1483.97
F001245,R004,2025-03-25 21:00:00,Airbus A320,180,Completed,11041.8,3545.33,1836.02,1325.46
F001246,R005,2025-03-25 09:30:00,Airbus A320,180,Completed,3088.19,1139.06,2586.16,1312.28
F001247,R006,2025-03-25 07:30:00,Boeing 737,160,Completed,3012.7,1241.12,1612.56,829.33
F001248,R007,2025-03-25 14:15:00,Boeing 737,160,Completed,3584.34,1233.27,1979.0,648.0
F001249,R007,2025-03-25 19:45:00,Boeing 737,160,Completed,3540.85,1248.74,2216.89,990.1
F001250,R008,2025-03-25 16:45:00,Boeing 737,160,Completed,3237.68,1316.13,2567.07,853.01
F001251,R008,2025-03-25 13:15:00,Boeing 737,160,Completed,3225.93,1281.31,1818.71,1170.5
F001252,R009,2025-03-25 18:15:00,Airbus A320,180,Completed,947.15,363.1,2385.78,1027.64
F001253,R009,2025-03-25 16:30:00,Airbus A320,180,Completed,1060.44,387.01,1658.49,630.06
F001254,R010,2025-03-25 18:45:00,Boeing 737,160,Completed,1086.1,362.33,1916.76,664.2
F001255,R010,2025-03-25 15:00:00,Boeing 737,160,Completed,1020.47,359.31,1665.3,516.59
F001256,R001,2025-03-26 11:30:00,Boeing 737,160,Completed,13547.81,4965.29,2027.94,618.33
F001257,R001,2025-03-26 08:30:00,Airbus A320,180,Delayed,12828.6,4898.98,2146.27,833.74
F001258,R002,2025-03-26 14:30:00,Boeing 737,160,Completed,12385.02,4891.85,2892.03,693.93
F001259,R002,2025-03-26 12:45:00,Boeing 737,160,Delayed,13868.55,4964.63,2240.42,933.57
F001260,R003,2025-03-26 13:00:00,Boeing 737,160,Completed,9371.6,3837.86,2362.85,738.77
F001261,R004,2025-03-26 14:15:00,Airbus A320,180,Completed,9933.51,3544.8,2600.89,1379.53
F001262,R005,2025-03-26 21:15:00,Boeing 737,160,Completed,3453.69,1169.9,1931.99,1096.31
F001263,R005,2025-03-26 06:00:00,Boeing 737,160,Completed,3269.12,1211.82,2215.14,805.32
F001264,R006,2025-03-26 11:30:00,Boeing 737,160,Completed,3049.19,1168.06,2182.82,1462.24
F001265,R007,2025-03-26 19:30:00,Boeing 737,160,Completed,3298.12,1251.72,1615.47,1179.2
F001266,R007,2025-03-26 06:30:00,Airbus A320,180,Completed,3584.14,1280.5,1871.27,609.39
F001267,R008,2025-03-26 15:15:00,Boeing 737,160,Completed,3705.3,1317.29,1649.99,1303.89
F001268,R009,2025-03-26 20:45:00,Airbus A320,180,Completed,1129.25,364.92,2229.74,864.29
F001269,R009,2025-03-26 06:30:00,Airbus A320,180,Completed,1071.73,388.64,2661.79,1356.96
F001270,R010,2025-03-26 09:30:00,Boeing 737,160,Completed,956.07,370.65,1830.38,1494.09
F001271,R010,2025-03-26 17:45:00,Boeing 737,160,Completed,975.92,383.01,2959.94,859.42
F001272,R001,2025-03-27 12:45:00,Boeing 737,160,Completed,14879.7,5136.69,2518.2,1399.22
F001273,R002,2025-03-27 22:15:00,Airbus A320,180,Completed,14729.62,4875.18,1996.79,1089.15
F001274,R002,2025-03-27 14:30:00,Boeing 737,160,Completed,12363.14,4959.94,2014.91,1112.37
F001275,R003,2025-03-27 20:30:00,Airbus A320,180,Completed,9361.45,3510.48,2890.85,647.13
F001276,R003,2025-03-27 10:30:00,Boeing 737,160,Completed,9754.28,3613.83,2699.68,515.59
F001277,R004,2025-03-27 12:30:00,Boeing 737,160,Completed,9245.71,3620.31,2145.48,1160.25
F001278,R005,2025-03-27 07:30:00,Boeing 737,160,Completed,3169.13,1162.25,2788.52,1165.33
F001279,R006,2025-03-27 08:30:00,Boeing 737,160,Completed,3591.03,1151.97,2377.84,580.72
F001280,R007,2025-03-27 07:45:00,Airbus A320,180,Completed,3348.33,1304.88,2079.36,899.11
F001281,R008,2025-03-27 14:30:00,Airbus A320,180,Completed,3295.15,1273.77,2813.9,1304.38
F001282,R009,2025-03-27 12:30:00,Boeing 737,160,Completed,1011.29,362.76,1957.49,797.33
F001283,R010,2025-03-27 11:45:00,Airbus A320,180,Completed,945.41,374.99,2541.2,1003.82
F001284,R010,2025-03-27 17:45:00,Airbus A320,180,Completed,1013.62,371.03,2115.39,527.67
F001285,R001,2025-03-28 19:00:00,Boeing 737,160,Completed,13926.16,4852.18,1863.97,1012.21
F001286,R002,2025-03-28 15:00:00,Airbus A320,180,Completed,12594.11,5034.19,2194.21,1263.0
F001287,R003,2025-03-28 07:00:00,Boeing 737,160,Completed,9686.32,3871.5,1660.57,1094.34
F001288,R003,2025-03-28 15:45:00,Airbus A320,180,Completed,10892.78,3552.24,2376.93,1010.82
F001289,R004,2025-03-28 12:15:00,Airbus A320,180,Completed,9414.68,3837.85,2459.5,654.78
F001290,R005,2025-03-28 06:45:00,Boeing 737,160,Completed,3015.25,1128.6,2405.69,621.03
F001291,R005,2025-03-28 09:15:00,Boeing 737,160,Completed,3008.0,1131.53,2258.71,890.71
F001292,R006,2025-03-28 15:45:00,Airbus A320,180,Delayed,3582.39,1226.05,2762.58,1046.72
F001293,R007,2025-03-28 09:45:00,Boeing 737,160,Completed,3621.53,1241.59,2727.83,1157.47
F001294,R007,2025-03-28 11:15:00,Airbus A320,180,Completed,3511.73,1255.01,1650.03,1088.76
F001295,R008,2025-03-28 14:45:00,Airbus A320,180,Completed,3664.86,1231.66,2125.34,924.83
F001296,R008,2025-03-28 06:30:00,Airbus A320,180,Cancelled,3257.65,1267.82,2370.81,534.08
F001297,R009,2025-03-28 07:30:00,Boeing 737,160,Completed,1021.9,382.34,1915.36,1481.75
F001298,R009,2025-03-28 17:15:00,Airbus A320,180,Completed,1111.3,374.94,2269.57,674.5
F001299,R010,2025-03-28 17:30:00,Airbus A320,180,Completed,1072.76,384.72,1917.51,1262.61
F001300,R001,2025-03-29 18:00:00,Airbus A320,180,Completed,13276.33,4936.02,2488.46,1076.04
F001301,R001,2025-03-29 22:30:00,Boeing 737,160,Delayed,14150.93,4993.98,2371.09,1084.49
F001302,R002,2025-03-29 08:00:00,Boeing 737,160,Completed,14570.9,4781.29,1644.81,606.22
F001303,R002,2025-03-29 21:30:00,Boeing 737,160,Completed,14922.92,5102.73,2598.97,736.62
F001304,R003,2025-03-29 18:45:00,Boeing 737,160,Completed,9263.45,3599.88,1556.13,1249.93
F001305,R004,2025-03-29 17:00:00,Boeing 737,160,Completed,9789.85,3765.37,2066.44,1488.87
F001306,R004,2025-03-29 12:15:00,Airbus A320,180,Completed,10134.93,3758.03,1838.24,1242.15
F001307,R005,2025-03-29 22:15:00,Boeing 737,160,Completed,3320.65,1203.34,2502.99,703.54
F001308,R005,2025-03-29 10:00:00,Airbus A320,180,Completed,3446.28,1196.11,2796.74,840.71
F001309,R006,2025-03-29 12:15:00,Airbus A320,180,Completed,3267.56,1170.95,2849.63,1353.42
F001310,R006,2025-03-29 08:45:00,Airbus A320,180,Completed,3348.98,1232.43,2353.73,627.19
F001311,R007,2025-03-29 09:00:00,Airbus A320,180,Completed,3335.53,1295.01,1996.38,724.02
F001312,R007,2025-03-29 15:30:00,Airbus A320,180,Completed,3668.83,1226.61,2807.21,1468.11
F001313,R008,2025-03-29 13:30:00,Airbus A320,180,Completed,3609.16,1287.89,2837.71,1082.77
F001314,R009,2025-03-29 06:00:00,Airbus A320,180,Delayed,1012.33,362.8,2832.04,559.39
F001315,R009,2025-03-29 12:30:00,Boeing 737,160,Completed,974.12,358.03,2922.0,1404.32
F001316,R010,2025-03-29 17:00:00,Airbus A320,180,Delayed,1048.69,378.2,1620.89,1051.43
F001317,R001,2025-03-30 14:00:00,Boeing 737,160,Completed,12348.17,4953.76,2475.51,931.52
F001318,R002,2025-03-30 13:00:00,Boeing 737,160,Completed,12323.0,5089.5,1794.26,1108.14
F001319,R002,2025-03-30 18:00:00,Airbus A320,180,Completed,12393.2,5081.51,2543.16,929.72
F001320,R003,2025-03-30 10:00:00,Airbus A320,180,Completed,9377.3,3734.7,2855.33,851.79
F001321,R003,2025-03-30 16:45:00,Boeing 737,160,Completed,9621.33,3541.36,1515.07,913.07
F001322,R004,2025-03-30 06:15:00,Boeing 737,160,Completed,9293.27,3554.18,1770.89,543.72
F001323,R005,2025-03-30 13:30:00,Boeing 737,160,Completed,3336.34,1185.47,1683.56,576.8
F001324,R005,2025-03-30 14:15:00,Airbus A320,180,Completed,3401.11,1225.23,2846.46,1358.76
F001325,R006,2025-03-30 15:30:00,Airbus A320,180,Completed,3508.09,1157.61,2839.47,818.86
F001326,R006,2025-03-30 22:00:00,Boeing 737,160,Delayed,3166.79,1177.41,2925.85,986.21
F001327,R007,2025-03-30 12:15:00,Boeing 737,160,Completed,3387.96,1288.79,1684.12,1224.91
F001328,R008,2025-03-30 07:15:00,Airbus A320,180,Completed,3631.2,1276.07,1671.36,998.91
F001329,R009,2025-03-30 14:30:00,Airbus A320,180,Completed,987.44,391.39,1589.58,1354.57
F001330,R010,2025-03-30 21:00:00,Airbus A320,180,Completed,1004.78,356.96,1808.6,684.43
F001331,R010,2025-03-30 19:00:00,Airbus A320,180,Completed,932.09,383.84,2905.84,1410.05
F001332,R001,2025-03-31 14:15:00,Boeing 737,160,Completed,13179.47,5112.97,2151.11,927.55
F001333,R001,2025-03-31 07:00:00,Airbus A320,180,Completed,14844.36,5164.07,1931.13,1490.89
F001334,R002,2025-03-31 19:30:00,Boeing 737,160,Completed,14865.68,4933.83,2988.92,738.23
F001335,R002,2025-03-31 06:30:00,Airbus A320,180,Completed,12484.12,4826.22,2314.21,837.53
F001336,R003,2025-03-31 07:30:00,Airbus A320,180,Completed,9683.42,3599.89,2479.55,1271.56
F001337,R003,2025-03-31 06:00:00,Airbus A320,180,Completed,10291.98,3625.91,1896.78,678.78
F001338,R004,2025-03-31 06:45:00,Boeing 737,160,Completed,10084.85,3864.0,2220.31,1344.33
F001339,R004,2025-03-31 12:45:00,Boeing 737,160,Completed,10314.58,3536.77,2845.57,1051.45
F001340,R005,2025-03-31 20:15:00,Airbus A320,180,Completed,3440.79,1161.41,2803.58,627.22
F001341,R006,2025-03-31 10:00:00,Boeing 737,160,Completed,3015.08,1133.17,2526.66,1360.57
F001342,R007,2025-03-31 07:15:00,Boeing 737,160,Completed,3844.0,1345.07,2962.92,516.12
F001343,R007,2025-03-31 17:00:00,Boeing 737,160,Completed,3419.54,1227.83,2165.72,1011.04
F001344,R008,2025-03-31 12:30:00,Airbus A320,180,Completed,3757.58,1305.21,1607.09,926.48
F001345,R009,2025-03-31 10:00:00,Airbus A320,180,Delayed,1050.5,368.77,2962.65,1397.39
F001346,R009,2025-03-31 17:45:00,Airbus A320,180,Completed,1053.58,361.3,1566.92,1430.31
F001347,R010,2025-03-31 09:15:00,Airbus A320,180,Completed,1030.72,384.5,2262.27,1081.49
F001348,R001,2025-04-01 12:45:00,Boeing 737,160,Completed,14040.09,4776.79,2643.92,1149.21
F001349,R001,2025-04-01 08:15:00,Airbus A320,180,Completed,13718.59,4762.51,2817.72,1298.21
F001350,R002,2025-04-01 22:45:00,Airbus A320,180,Completed,12984.1,5116.32,1939.6,744.03
F001351,R002,2025-04-01 13:30:00,Boeing 737,160,Completed,13492.22,5072.85,1673.13,741.05
F001352,R003,2025-04-01 17:00:00,Airbus A320,180,Completed,10275.76,3535.62,2043.45,984.15
F001353,R003,2025-04-01 13:45:00,Airbus A320,180,Delayed,9604.26,3813.03,2980.12,1425.72
F001354,R004,2025-04-01 19:15:00,Airbus A320,180,Completed,10753.77,3633.51,1676.95,908.5
F001355,R005,2025-04-01 21:15:00,Boeing 737,160,Completed,3512.94,1130.44,1681.18,763.38
F001356,R006,2025-04-01 09:15:00,Boeing 737,160,Completed,3485.14,1131.44,1750.4,573.01
F001357,R006,2025-04-01 22:45:00,Airbus A320,180,Delayed,3171.84,1176.4,2335.41,1211.98
F001358,R007,2025-04-01 16:30:00,Boeing 737,160,Completed,3873.91,1223.7,2608.12,854.96
F001359,R008,2025-04-01 19:45:00,Airbus A320,180,Completed,3376.93,1279.06,1701.91,683.45
F001360,R008,2025-04-01 22:00:00,Boeing 737,160,Completed,3804.44,1293.99,2054.81,1149.4
F001361,R009,2025-04-01 16:45:00,Boeing 737,160,Completed,1030.28,377.29,2917.15,596.9
F001362,R009,2025-04-01 15:45:00,Airbus A320,180,Completed,935.58,374.66,2287.79,1008.23
F001363,R010,2025-04-01 15:30:00,Airbus A320,180,Completed,991.18,361.97,1714.79,1313.99
F001364,R010,2025-04-01 12:45:00,Airbus A320,180,Completed,1043.96,378.32,1649.2,784.79
F001365,R001,2025-04-02 15:30:00,Airbus A320,180,Completed,13446.2,5140.75,1932.72,1417.69
F001366,R002,2025-04-02 13:30:00,Boeing 737,160,Completed,12512.54,4975.82,2263.05,668.85
F001367,R003,2025-04-02 12:00:00,Airbus A320,180,Completed,10828.18,3516.92,1804.71,1441.81
F001368,R004,2025-04-02 20:15:00,Airbus A320,180,Completed,9736.61,3547.87,2559.48,1344.74
F001369,R004,2025-04-02 20:45:00,Airbus A320,180,Completed,9671.86,3826.57,2989.62,1231.63
F001370,R005,2025-04-02 17:00:00,Boeing 737,160,Completed,3415.56,1167.46,2260.59,776.11
F001371,R006,2025-04-02 16:00:00,Airbus A320,180,Completed,3005.93,1212.37,2281.95,690.4
F001372,R007,2025-04-02 06:15:00,Boeing 737,160,Delayed,3586.38,1329.71,1830.31,695.68
F001373,R008,2025-04-02 10:45:00,Boeing 737,160,Completed,3690.18,1254.13,1797.86,1375.86
F001374,R008,2025-04-02 22:15:00,Boeing 737,160,Completed,3479.19,1280.81,2416.83,1209.99
F001375,R009,2025-04-02 19:30:00,Airbus A320,180,Completed,1055.45,364.08,2023.06,1030.46
F001376,R010,2025-04-02 15:15:00,Airbus A320,180,Completed,1063.05,373.63,2445.04,1097.84
F001377,R001,2025-04-03 15:00:00,Boeing 737,160,Completed,12557.17,5138.54,2632.44,787.27
F001378,R001,2025-04-03 20:30:00,Boeing 737,160,Completed,14054.68,4759.83,2197.1,818.91
F001379,R002,2025-04-03 17:45:00,Boeing 737,160,Completed,14357.6,4941.95,2707.08,989.17
F001380,R003,2025-04-03 13:00:00,Airbus A320,180,Completed,9681.75,3586.82,2776.48,909.01
F001381,R003,2025-04-03 16:30:00,Airbus A320,180,Delayed,9972.74,3806.09,2137.8,760.7
F001382,R004,2025-04-03 14:45:00,Boeing 737,160,Completed,9827.78,3809.6,1962.77,909.81
F001383,R005,2025-04-03 12:00:00,Airbus A320,180,Completed,3024.73,1192.72,2925.42,521.12
F001384,R006,2025-04-03 08:30:00,Airbus A320,180,Completed,3441.35,1194.28,2482.4,1018.65
F001385,R006,2025-04-03 17:15:00,Boeing 737,160,Completed,3487.95,1175.59,2576.73,790.19
F001386,R007,2025-04-03 17:30:00,Airbus A320,180,Completed,3324.98,1311.91,2910.02,536.07
F001387,R008,2025-04-03 22:00:00,Airbus A320,180,Completed,3730.93,1223.32,1924.63,524.24
F001388,R009,2025-04-03 07:30:00,Boeing 737,160,Delayed,1092.88,369.43,2101.13,1318.3
F001389,R010,2025-04-03 08:00:00,Boeing 737,160,Completed,1029.43,381.61,2598.96,520.15
F001390,R010,2025-04-03 10:00:00,Airbus A320,180,Completed,965.61,377.95,1968.28,823.73
F001391,R001,2025-04-04 15:30:00,Airbus A320,180,Completed,12803.01,4833.31,2484.08,971.4
F001392,R002,2025-04-04 19:00:00,Boeing 737,160,Delayed,14883.6,4980.19,2225.02,1407.67
F001393,R002,2025-04-04 22:15:00,Airbus A320,180,Completed,12298.11,4948.53,2090.47,872.74
F001394,R003,2025-04-04 20:15:00,Boeing 737,160,Completed,9944.56,3593.1,2054.73,1063.15
F001395,R004,2025-04-04 16:15:00,Boeing 737,160,Completed,9331.4,3569.89,2797.24,989.81
F001396,R004,2025-04-04 13:00:00,Boeing 737,160,Completed,9956.43,3816.82,2285.11,1339.65
F001397,R005,2025-04-04 07:45:00,Airbus A320,180,Completed,3209.41,1216.57,2751.49,536.51
F001398,R006,2025-04-04 06:30:00,Boeing 737,160,Completed,3433.64,1223.01,2318.38,813.02
F001399,R006,2025-04-04 13:30:00,Airbus A320,180,Completed,3403.47,1189.71,2787.98,1492.76
F001400,R007,2025-04-04 09:45:00,Boeing 737,160,Completed,3437.85,1314.93,1743.14,1248.15
F001401,R008,2025-04-04 12:45:00,Boeing 737,160,Completed,3200.49,1272.28,1756.08,1303.15
F001402,R009,2025-04-04 10:45:00,Airbus A320,180,Completed,927.55,359.7,2993.62,1219.94
F001403,R009,2025-04-04 14:30:00,Airbus A320,180,Cancelled,1041.63,361.51,1935.3,1185.02
F001404,R010,2025-04-04 22:30:00,Airbus A320,180,Completed,1020.86,390.31,2890.62,1220.13
F001405,R010,2025-04-04 10:15:00,Airbus A320,180,Completed,927.67,370.87,1725.52,567.05
F001406,R001,2025-04-05 15:15:00,Boeing 737,160,Completed,14140.79,4968.68,1996.55,561.11
F001407,R002,2025-04-05 11:00:00,Airbus A320,180,Completed,13983.7,5139.75,2017.44,514.13
F001408,R002,2025-04-05 12:30:00,Airbus A320,180,Completed,14485.75,5132.21,2376.7,805.75
F001409,R003,2025-04-05 14:15:00,Boeing 737,160,Delayed,10341.11,3545.42,1824.66,678.33
F001410,R003,2025-04-05 09:15:00,Airbus A320,180,Completed,9808.12,3792.41,2388.25,777.24
F001411,R004,2025-04-05 12:15:00,Boeing 737,160,Cancelled,10728.4,3872.57,1637.01,1303.35
F001412,R004,2025-04-05 10:15:00,Boeing 737,160,Completed,10103.18,3507.49,1616.68,1469.84
F001413,R005,2025-04-05 22:45:00,Airbus A320,180,Completed,3374.71,1167.46,2250.56,617.3
F001414,R006,2025-04-05 18:45:00,Airbus A320,180,Delayed,3172.25,1228.23,1975.46,578.2
F001415,R006,2025-04-05 12:15:00,Airbus A320,180,Completed,3405.09,1228.38,2340.73,990.09
F001416,R007,2025-04-05 09:45:00,Airbus A320,180,Completed,3298.47,1328.94,2783.06,1270.74
F001417,R007,2025-04-05 17:45:00,Boeing 737,160,Completed,3607.98,1330.24,2880.91,690.98
F001418,R008,2025-04-05 11:00:00,Boeing 737,160,Completed,3484.66,1285.33,1508.42,810.39
F001419,R008,2025-04-05 09:30:00,Airbus A320,180,Delayed,3527.47,1219.57,1909.54,1147.22
F001420,R009,2025-04-05 18:00:00,Airbus A320,180,Completed,982.05,357.44,2358.27,530.43
F001421,R009,2025-04-05 21:45:00,Airbus A320,180,Completed,961.39,383.35,2471.32,1045.59
F001422,R010,2025-04-05 07:30:00,Boeing 737,160,Completed,1051.73,381.98,2558.46,676.91
F001423,R001,2025-04-06 08:45:00,Boeing 737,160,Completed,12403.84,5018.05,1593.49,597.48
F001424,R002,2025-04-06 12:00:00,Airbus A320,180,Completed,14530.73,5122.37,1974.72,1209.31
F001425,R002,2025-04-06 17:00:00,Airbus A320,180,Completed,13384.84,5033.02,1592.23,692.94
F001426,R003,2025-04-06 14:00:00,Boeing 737,160,Completed,10038.07,3609.12,1798.03,1005.47
F001427,R004,2025-04-06 06:30:00,Airbus A320,180,Completed,10275.97,3550.86,2199.38,1336.11
F001428,R005,2025-04-06 20:00:00,Boeing 737,160,Delayed,3540.13,1150.28,1629.63,817.5
F001429,R006,2025-04-06 11:00:00,Boeing 737,160,Completed,3357.13,1183.29,2815.8,1443.24
F001430,R007,2025-04-06 12:15:00,Airbus A320,180,Completed,3210.56,1308.4,1767.01,640.43
F001431,R007,2025-04-06 16:45:00,Boeing 737,160,Completed,3761.9,1252.87,1798.84,1479.28
F001432,R008,2025-04-06 20:30:00,Boeing 737,160,Completed,3518.37,1292.09,2023.29,1141.83
F001433,R008,2025-04-06 20:15:00,Boeing 737,160,Completed,3842.56,1292.93,1733.56,1068.71
F001434,R009,2025-04-06 17:30:00,Boeing 737,160,Completed,996.04,391.52,2327.42,1243.13
F001435,R009,2025-04-06 14:00:00,Boeing 737,160,Completed,978.76,372.79,1547.17,615.3
F001436,R010,2025-04-06 21:15:00,Airbus A320,180,Completed,1046.36,369.22,2066.87,1088.39
F001437,R001,2025-04-07 16:00:00,Airbus A320,180,Completed,14618.0,4706.41,2132.11,834.71
F001438,R002,2025-04-07 11:30:00,Airbus A320,180,Completed,12694.33,4973.16,2628.07,939.01
F001439,R003,2025-04-07 19:45:00,Airbus A320,180,Completed,10831.42,3600.65,2059.82,837.88
F001440,R003,2025-04-07 18:30:00,Boeing 737,160,Completed,11108.94,3831.35,2644.76,1400.87
F001441,R004,2025-04-07 19:45:00,Airbus A320,180,Completed,11074.86,3655.36,1542.83,1012.2
F001442,R005,2025-04-07 22:15:00,Boeing 737,160,Completed,3025.17,1168.18,2939.87,1470.33
F001443,R005,2025-04-07 15:15:00,Airbus A320,180,Completed,3240.02,1148.24,1501.26,647.49
F001444,R006,2025-04-07 15:30:00,Boeing 737,160,Completed,3060.91,1230.5,2154.82,1224.13
F001445,R007,2025-04-07 17:00:00,Airbus A320,180,Completed,3285.29,1230.71,2324.74,894.05
F001446,R008,2025-04-07 21:45:00,Airbus A320,180,Completed,3670.91,1315.72,1643.74,628.5
F001447,R009,2025-04-07 18:30:00,Airbus A320,180,Completed,1094.28,382.62,2136.89,893.85
F001448,R010,2025-04-07 17:45:00,Boeing 737,160,Completed,971.25,378.06,2651.77,869.13
F001449,R001,2025-04-08 22:00:00,Airbus A320,180,Completed,14741.21,5022.06,1707.12,687.97
F001450,R001,2025-04-08 12:30:00,Airbus A320,180,Completed,12504.04,4892.61,1769.81,650.75
F001451,R002,2025-04-08 18:45:00,Boeing 737,160,Completed,12961.88,5175.23,1769.28,898.22
F001452,R002,2025-04-08 22:00:00,Airbus A320,180,Completed,14446.21,4873.91,2599.01,1155.87
F001453,R003,2025-04-08 06:15:00,Airbus A320,180,Completed,9399.12,3694.57,2529.45,511.59
F001454,R003,2025-04-08 18:45:00,Boeing 737,160,Completed,9752.88,3602.89,2451.18,1103.64
F001455,R004,2025-04-08 22:30:00,Airbus A320,180,Completed,10583.53,3819.07,2957.66,611.67
F001456,R004,2025-04-08 11:45:00,Airbus A320,180,Completed,10904.96,3536.94,1510.44,1448.2
F001457,R005,2025-04-08 12:45:00,Airbus A320,180,Completed,2972.02,1162.07,1682.33,989.62
F001458,R005,2025-04-08 17:00:00,Airbus A320,180,Delayed,3105.17,1168.69,1944.22,1319.17
F001459,R006,2025-04-08 11:30:00,Airbus A320,180,Completed,3212.81,1181.68,1946.53,535.62
F001460,R006,2025-04-08 09:30:00,Boeing 737,160,Completed,3287.43,1175.67,1762.85,1034.99
F001461,R007,2025-04-08 10:45:00,Airbus A320,180,Completed,3802.4,1262.18,2187.05,1117.24
F001462,R008,2025-04-08 07:00:00,Airbus A320,180,Completed,3435.81,1236.71,2965.26,1137.81
F001463,R008,2025-04-08 09:45:00,Boeing 737,160,Completed,3411.11,1299.53,1952.98,900.74
F001464,R009,2025-04-08 14:00:00,Airbus A320,180,Completed,1124.18,384.98,2356.34,1494.92
F001465,R010,2025-04-08 07:30:00,Airbus A320,180,Completed,969.92,390.29,1912.18,1188.86
F001466,R001,2025-04-09 14:00:00,Airbus A320,180,Completed,14728.03,5038.21,1909.02,907.18
F001467,R002,2025-04-09 19:15:00,Airbus A320,180,Completed,12978.3,4999.04,2963.85,818.16
F001468,R003,2025-04-09 13:00:00,Airbus A320,180,Completed,9586.58,3733.12,2592.25,1109.32
F001469,R004,2025-04-09 19:30:00,Airbus A320,180,Completed,10103.46,3713.29,2014.43,819.64
F001470,R004,2025-04-09 20:15:00,Airbus A320,180,Completed,10872.56,3691.62,2298.36,670.01
F001471,R005,2025-04-09 14:45:00,Boeing 737,160,Completed,3372.0,1196.47,1617.91,986.54
F001472,R005,2025-04-09 17:00:00,Boeing 737,160,Completed,3429.05,1191.52,1956.05,1250.86
F001473,R006,2025-04-09 20:00:00,Boeing 737,160,Completed,3348.59,1148.41,2027.44,931.53
F001474,R006,2025-04-09 06:30:00,Airbus A320,180,Completed,3586.96,1173.18,2306.39,878.43
F001475,R007,2025-04-09 09:45:00,Boeing 737,160,Completed,3321.94,1232.08,1934.02,1364.89
F001476,R008,2025-04-09 19:30:00,Boeing 737,160,Completed,3467.81,1294.72,1979.11,863.17
F001477,R008,2025-04-09 09:30:00,Airbus A320,180,Completed,3331.67,1269.69,2635.24,786.28
F001478,R009,2025-04-09 11:15:00,Airbus A320,180,Completed,984.98,375.22,2001.08,964.02
F001479,R009,2025-04-09 11:00:00,Airbus A320,180,Completed,1044.99,370.94,2127.4,688.87
F001480,R010,2025-04-09 13:15:00,Boeing 737,160,Completed,1048.98,382.68,2918.23,825.02
F001481,R001,2025-04-10 11:45:00,Boeing 737,160,Completed,14842.65,4713.75,2402.01,1289.88
F001482,R002,2025-04-10 22:15:00,Boeing 737,160,Completed,13497.53,5060.41,1858.97,972.17
F001483,R002,2025-04-10 12:30:00,Boeing 737,160,Completed,13048.89,5145.25,1810.51,961.18
F001484,R003,2025-04-10 20:15:00,Boeing 737,160,Completed,11113.08,3692.08,1666.74,1104.01
F001485,R004,2025-04-10 11:15:00,Airbus A320,180,Completed,10603.89,3533.19,2622.91,1182.02
F001486,R004,2025-04-10 19:45:00,Airbus A320,180,Completed,9280.58,3661.39,1890.04,1215.98
F001487,R005,2025-04-10 06:45:00,Airbus A320,180,Completed,3481.15,1135.7,2717.49,1328.31
F001488,R006,2025-04-10 17:45:00,Airbus A320,180,Completed,3220.34,1143.34,1718.98,762.5
F001489,R007,2025-04-10 11:30:00,Airbus A320,180,Completed,3635.87,1236.1,1864.6,982.59
F001490,R008,2025-04-10 09:30:00,Boeing 737,160,Completed,3496.06,1308.8,2628.75,1256.98
F001491,R008,2025-04-10 16:30:00,Airbus A320,180,Completed,3406.1,1275.64,1886.88,775.3
F001492,R009,2025-04-10 10:15:00,Airbus A320,180,Completed,930.99,388.22,2345.31,1213.8
F001493,R010,2025-04-10 11:30:00,Airbus A320,180,Completed,1072.33,380.48,1731.66,1305.2
F001494,R010,2025-04-10 10:15:00,Airbus A320,180,Completed,1102.38,364.92,1841.88,1350.92
F001495,R001,2025-04-11 10:00:00,Airbus A320,180,Completed,13242.68,4954.25,2805.35,1016.82
F001496,R001,2025-04-11 21:15:00,Airbus A320,180,Completed,14004.14,4993.13,2251.64,1023.34
F001497,R002,2025-04-11 21:15:00,Airbus A320,180,Completed,12728.74,5146.58,1521.35,1446.95
F001498,R002,2025-04-11 16:15:00,Airbus A320,180,Completed,12813.25,4776.79,2412.96,1228.76
F001499,R003,2025-04-11 12:30:00,Airbus A320,180,Completed,10070.4,3844.37,2859.45,1339.98
F001500,R004,2025-04-11 12:30:00,Boeing 737,160,Completed,9946.88,3543.89,1994.27,567.2
F001501,R005,2025-04-11 07:45:00,Boeing 737,160,Completed,3100.18,1223.32,1774.03,1436.33
F001502,R006,2025-04-11 13:45:00,Boeing 737,160,Delayed,2966.59,1200.97,2327.96,591.36
F001503,R007,2025-04-11 08:15:00,Airbus A320,180,Cancelled,3215.87,1247.08,2378.52,1081.27
F001504,R008,2025-04-11 09:00:00,Airbus A320,180,Completed,3729.99,1227.27,2217.45,941.9
F001505,R008,2025-04-11 21:15:00,Boeing 737,160,Completed,3555.37,1245.46,2230.85,1069.33
F001506,R009,2025-04-11 09:45:00,Boeing 737,160,Completed,1046.79,379.05,2633.31,1492.24
F001507,R009,2025-04-11 14:45:00,Airbus A320,180,Completed,1026.98,361.9,2260.94,1014.2
F001508,R010,2025-04-11 14:15:00,Airbus A320,180,Completed,982.28,376.29,1963.21,940.04
F001509,R010,2025-04-11 11:45:00,Boeing 737,160,Completed,991.31,391.74,2205.76,663.13
F001510,R001,2025-04-12 19:30:00,Boeing 737,160,Delayed,14770.37,4921.88,2456.82,1038.59
F001511,R002,2025-04-12 12:00:00,Boeing 737,160,Completed,12831.73,4950.88,1980.02,1030.4
F001512,R003,2025-04-12 15:15:00,Boeing 737,160,Completed,9795.14,3578.25,2094.36,671.78
F001513,R004,2025-04-12 11:30:00,Airbus A320,180,Completed,10464.68,3798.61,2669.63,769.38
F001514,R005,2025-04-12 21:30:00,Airbus A320,180,Completed,3035.03,1168.25,2030.9,1245.21
F001515,R005,2025-04-12 20:30:00,Airbus A320,180,Completed,3308.35,1219.21,1508.51,1439.99
F001516,R006,2025-04-12 19:30:00,Boeing 737,160,Delayed,3577.36,1219.73,1529.22,1204.34
F001517,R007,2025-04-12 14:30:00,Airbus A320,180,Completed,3189.65,1272.71,2073.61,1058.07
F001518,R008,2025-04-12 12:45:00,Airbus A320,180,Completed,3248.28,1249.07,1988.22,979.68
F001519,R009,2025-04-12 07:45:00,Airbus A320,180,Completed,977.04,392.21,2379.17,559.32
F001520,R009,2025-04-12 07:30:00,Airbus A320,180,Completed,1036.3,371.69,1926.35,971.84
F001521,R010,2025-04-12 16:45:00,Boeing 737,160,Completed,1105.42,377.36,2361.13,1061.84
F001522,R001,2025-04-13 13:30:00,Airbus A320,180,Completed,13766.8,5107.07,2534.36,640.47
F001523,R001,2025-04-13 08:30:00,Airbus A320,180,Completed,14715.39,4923.19,2826.88,684.14
F001524,R002,2025-04-13 13:45:00,Airbus A320,180,Completed,13157.88,5037.95,2556.09,755.36
F001525,R002,2025-04-13 06:15:00,Boeing 737,160,Completed,13999.75,4914.03,2709.1,1298.1
F001526,R003,2025-04-13 22:30:00,Boeing 737,160,Completed,10286.44,3875.0,2939.68,1373.08
F001527,R004,2025-04-13 21:30:00,Airbus A320,180,Completed,10425.86,3778.55,2347.96,1474.23
F001528,R004,2025-04-13 09:15:00,Boeing 737,160,Completed,10303.11,3680.35,2475.26,690.89
F001529,R005,2025-04-13 19:30:00,Airbus A320,180,Completed,3235.17,1233.21,2608.4,1150.44
F001530,R006,2025-04-13 11:30:00,Airbus A320,180,Completed,3285.11,1210.88,2730.31,932.4
F001531,R007,2025-04-13 18:30:00,Boeing 737,160,Completed,3612.71,1267.89,1512.81,822.38
F001532,R008,2025-04-13 14:15:00,Airbus A320,180,Completed,3548.32,1301.69,1800.5,1321.52
F001533,R009,2025-04-13 10:15:00,Boeing 737,160,Completed,968.05,362.09,1539.34,1101.92
F001534,R009,2025-04-13 07:15:00,Airbus A320,180,Completed,1122.02,367.55,1973.0,730.1
F001535,R010,2025-04-13 12:30:00,Boeing 737,160,Completed,1012.93,365.44,2904.45,717.24
F001536,R001,2025-04-14 06:15:00,Airbus A320,180,Completed,12586.42,5171.77,1538.14,1367.53
F001537,R001,2025-04-14 12:45:00,Boeing 737,160,Completed,13467.7,4900.09,1808.45,880.5
F001538,R002,2025-04-14 08:15:00,Boeing 737,160,Completed,12694.7,4806.27,2911.04,1240.64
F001539,R003,2025-04-14 16:45:00,Boeing 737,160,Completed,9564.79,3540.92,2260.37,977.98
F001540,R003,2025-04-14 22:00:00,Airbus A320,180,Completed,9170.48,3647.71,2130.02,1461.57
F001541,R004,2025-04-14 17:30:00,Airbus A320,180,Completed,10836.37,3667.69,2771.71,800.69
F001542,R005,2025-04-14 18:45:00,Boeing 737,160,Completed,3561.89,1161.24,2471.04,823.27
F001543,R006,2025-04-14 13:15:00,Boeing 737,160,Completed,3023.9,1147.1,2542.61,1262.29
F001544,R007,2025-04-14 12:30:00,Airbus A320,180,Delayed,3608.39,1323.44,2128.86,674.64
F001545,R008,2025-04-14 11:30:00,Boeing 737,160,Completed,3727.55,1221.74,1806.12,903.65
F001546,R009,2025-04-14 14:30:00,Boeing 737,160,Cancelled,1086.77,367.7,2833.23,534.22
F001547,R009,2025-04-14 10:45:00,Boeing 737,160,Completed,1036.62,383.82,2583.78,669.74
F001548,R010,2025-04-14 06:30:00,Boeing 737,160,Completed,944.6,392.26,1668.62,975.69
F001549,R001,2025-04-15 20:15:00,Boeing 737,160,Completed,13099.12,4934.9,2854.32,628.2
F001550,R001,2025-04-15 17:00:00,Airbus A320,180,Completed,13592.9,5113.89,2356.86,625.83
F001551,R002,2025-04-15 10:15:00,Boeing 737,160,Completed,14274.57,5057.55,1923.45,1115.01
F001552,R003,2025-04-15 13:30:00,Boeing 737,160,Completed,10620.1,3618.57,2565.69,962.15
F001553,R004,2025-04-15 10:30:00,Airbus A320,180,Completed,9898.71,3561.02,2604.62,1350.75
F001554,R004,2025-04-15 18:00:00,Boeing 737,160,Completed,11126.73,3512.69,2451.95,1335.38
F001555,R005,2025-04-15 11:45:00,Airbus A320,180,Completed,2947.95,1185.72,2786.52,687.75
F001556,R006,2025-04-15 20:15:00,Airbus A320,180,Completed,3346.27,1193.45,1676.73,779.31
F001557,R006,2025-04-15 22:30:00,Airbus A320,180,Completed,3591.53,1150.73,2011.47,1371.97
F001558,R007,2025-04-15 09:30:00,Airbus A320,180,Completed,3217.45,1264.75,2463.44,1464.75
F001559,R007,2025-04-15 10:00:00,Boeing 737,160,Completed,3860.48,1324.32,1680.42,1212.7
F001560,R008,2025-04-15 17:30:00,Airbus A320,180,Completed,3480.49,1344.09,1624.45,1366.97
F001561,R009,2025-04-15 18:15:00,Boeing 737,160,Completed,1098.44,363.6,1525.08,1233.41
F001562,R010,2025-04-15 22:15:00,Boeing 737,160,Completed,1090.26,368.86,1845.64,1447.16
F001563,R010,2025-04-15 22:15:00,Airbus A320,180,Completed,958.3,380.75,2452.36,1358.94
F001564,R001,2025-04-16 10:45:00,Boeing 737,160,Completed,13009.25,5177.23,2923.35,796.5
F001565,R002,2025-04-16 21:45:00,Airbus A320,180,Completed,12621.84,5166.88,1500.53,751.33
F001566,R002,2025-04-16 15:15:00,Boeing 737,160,Completed,12412.48,4905.64,1715.69,1322.44
F001567,R003,2025-04-16 18:15:00,Airbus A320,180,Completed,9931.66,3578.79,2751.49,570.53
F001568,R004,2025-04-16 10:45:00,Boeing 737,160,Completed,10611.87,3723.73,2508.48,705.83
F001569,R004,2025-04-16 10:30:00,Airbus A320,180,Completed,9159.57,3550.7,1966.74,602.61
F001570,R005,2025-04-16 13:45:00,Airbus A320,180,Completed,3477.55,1192.9,2415.05,653.68
F001571,R005,2025-04-16 16:30:00,Boeing 737,160,Completed,3189.57,1234.46,1669.26,966.53
F001572,R006,2025-04-16 21:30:00,Boeing 737,160,Completed,3281.92,1139.12,2597.64,1459.73
F001573,R007,2025-04-16 13:45:00,Airbus A320,180,Completed,3470.27,1299.7,2797.75,780.2
F001574,R007,2025-04-16 14:30:00,Airbus A320,180,Completed,3468.84,1325.11,2974.63,583.09
F001575,R008,2025-04-16 21:15:00,Airbus A320,180,Delayed,3329.05,1273.51,1898.63,1497.3
F001576,R009,2025-04-16 18:45:00,Boeing 737,160,Completed,1049.41,377.38,2690.4,1454.07
F001577,R009,2025-04-16 09:00:00,Boeing 737,160,Completed,999.85,380.46,2855.68,921.83
F001578,R010,2025-04-16 07:30:00,Airbus A320,180,Completed,1100.95,376.74,2284.15,1440.2
F001579,R010,2025-04-16 19:00:00,Boeing 737,160,Completed,1042.27,356.2,2918.92,598.8
F001580,R001,2025-04-17 06:45:00,Airbus A320,180,Completed,13227.51,5040.59,2028.57,1465.59
F001581,R001,2025-04-17 14:45:00,Boeing 737,160,Completed,13134.74,5048.56,2452.21,1268.61
F001582,R002,2025-04-17 12:30:00,Airbus A320,180,Completed,14302.16,5089.08,1758.09,999.84
F001583,R003,2025-04-17 16:30:00,Boeing 737,160,Completed,9780.45,3620.31,2871.26,590.43
F001584,R004,2025-04-17 16:45:00,Boeing 737,160,Completed,10673.98,3582.03,2783.96,985.44
F001585,R004,2025-04-17 16:45:00,Airbus A320,180,Completed,10670.34,3861.58,1984.14,611.48
F001586,R005,2025-04-17 22:30:00,Boeing 737,160,Completed,3200.33,1211.24,1797.93,590.54
F001587,R005,2025-04-17 18:30:00,Boeing 737,160,Completed,3408.06,1191.9,2095.14,1421.26
F001588,R006,2025-04-17 15:00:00,Airbus A320,180,Completed,3593.33,1181.17,1561.16,1047.99
F001589,R007,2025-04-17 06:45:00,Boeing 737,160,Completed,3760.47,1343.95,1868.03,725.83
F001590,R007,2025-04-17 12:15:00,Boeing 737,160,Delayed,3382.22,1341.56,2786.3,983.27
F001591,R008,2025-04-17 19:15:00,Airbus A320,180,Completed,3304.14,1284.38,2099.43,1075.46
F001592,R008,2025-04-17 18:30:00,Airbus A320,180,Completed,3739.45,1251.69,2055.34,1400.05
F001593,R009,2025-04-17 16:30:00,Boeing 737,160,Completed,1122.73,360.33,2789.92,1486.26
F001594,R010,2025-04-17 10:00:00,Airbus A320,180,Completed,1035.77,359.22,2739.44,727.82
F001595,R001,2025-04-18 13:45:00,Airbus A320,180,Completed,13814.67,4728.83,2428.21,997.13
F001596,R001,2025-04-18 19:00:00,Boeing 737,160,Completed,12311.46,4924.49,2475.42,1395.84
F001597,R002,2025-04-18 10:00:00,Airbus A320,180,Completed,12429.34,5058.34,2354.63,1447.35
F001598,R002,2025-04-18 06:45:00,Airbus A320,180,Completed,14168.48,5169.16,2979.31,715.2
F001599,R003,2025-04-18 15:30:00,Airbus A320,180,Completed,9609.95,3802.18,2261.93,907.14
F001600,R003,2025-04-18 16:00:00,Boeing 737,160,Completed,10583.72,3639.7,1679.53,1477.35
F001601,R004,2025-04-18 22:45:00,Boeing 737,160,Completed,10625.23,3599.26,2402.29,1258.82
F001602,R005,2025-04-18 11:00:00,Airbus A320,180,Completed,3416.41,1168.02,1641.24,903.56
F001603,R006,2025-04-18 19:45:00,Airbus A320,180,Completed,3030.8,1169.38,1643.79,855.16
F001604,R006,2025-04-18 19:30:00,Airbus A320,180,Completed,2999.59,1159.55,1800.91,851.2
F001605,R007,2025-04-18 16:45:00,Boeing 737,160,Completed,3542.33,1220.52,2409.24,1482.01
F001606,R008,2025-04-18 17:00:00,Boeing 737,160,Completed,3174.17,1344.19,1518.87,826.86
F001607,R009,2025-04-18 06:30:00,Boeing 737,160,Completed,1122.24,362.35,2431.31,681.79
F001608,R009,2025-04-18 12:30:00,Boeing 737,160,Completed,1105.04,389.43,2399.58,1073.99
F001609,R010,2025-04-18 11:15:00,Airbus A320,180,Completed,931.89,356.75,2306.38,1458.03
F001610,R010,2025-04-18 09:30:00,Airbus A320,180,Completed,947.82,380.85,2385.16,667.39
F001611,R001,2025-04-19 21:15:00,Boeing 737,160,Completed,14966.51,5157.9,2906.73,1428.61
F001612,R002,2025-04-19 20:00:00,Boeing 737,160,Completed,13172.39,4883.52,1859.18,1317.59
F001613,R002,2025-04-19 12:45:00,Boeing 737,160,Completed,13226.78,5156.22,2881.69,1310.91
F001614,R003,2025-04-19 22:00:00,Airbus A320,180,Completed,10989.34,3715.26,2553.31,1021.67
F001615,R004,2025-04-19 15:30:00,Boeing 737,160,Completed,10047.22,3580.52,2916.37,926.32
F001616,R005,2025-04-19 18:00:00,Airbus A320,180,Completed,2955.87,1140.99,2341.88,1109.66
F001617,R005,2025-04-19 15:45:00,Airbus A320,180,Completed,3443.97,1211.63,2291.33,541.63
F001618,R006,2025-04-19 15:15:00,Airbus A320,180,Completed,3423.33,1192.07,1570.81,802.95
F001619,R007,2025-04-19 17:00:00,Airbus A320,180,Completed,3693.69,1285.07,1767.44,870.82
F001620,R008,2025-04-19 12:00:00,Airbus A320,180,Completed,3842.77,1332.3,2568.62,572.96
F001621,R009,2025-04-19 21:15:00,Boeing 737,160,Completed,934.95,369.57,2850.48,616.33
F001622,R010,2025-04-19 06:15:00,Airbus A320,180,Completed,1128.14,392.22,2739.86,871.78
F001623,R010,2025-04-19 18:00:00,Boeing 737,160,Completed,954.79,364.51,2502.8,1381.94
F001624,R001,2025-04-20 15:15:00,Airbus A320,180,Delayed,13365.31,4707.56,2735.33,877.13
F001625,R001,2025-04-20 12:45:00,Airbus A320,180,Completed,13885.1,5012.64,2093.2,1196.0
F001626,R002,2025-04-20 10:15:00,Boeing 737,160,Completed,13987.11,4759.56,2853.33,988.54
F001627,R002,2025-04-20 11:30:00,Boeing 737,160,Completed,14819.94,4829.47,2521.36,1430.62
F001628,R003,2025-04-20 15:30:00,Airbus A320,180,Completed,10874.89,3603.95,2641.48,894.91
F001629,R003,2025-04-20 12:00:00,Airbus A320,180,Completed,9545.42,3698.73,1553.54,978.82
F001630,R004,2025-04-20 13:00:00,Airbus A320,180,Completed,9512.3,3788.93,2709.61,741.75
F001631,R005,2025-04-20 20:15:00,Airbus A320,180,Completed,3330.38,1133.48,2900.42,1266.79
F001632,R005,2025-04-20 12:15:00,Airbus A320,180,Completed,2968.89,1130.29,1729.07,1359.49
F001633,R006,2025-04-20 11:30:00,Airbus A320,180,Completed,3071.4,1205.12,2086.97,653.1
F001634,R006,2025-04-20 15:00:00,Boeing 737,160,Completed,3060.5,1151.69,2487.02,938.87
F001635,R007,2025-04-20 08:15:00,Airbus A320,180,Completed,3565.59,1236.28,2946.26,556.71
F001636,R007,2025-04-20 08:45:00,Boeing 737,160,Completed,3609.12,1239.68,2899.2,870.37
F001637,R008,2025-04-20 09:15:00,Boeing 737,160,Completed,3441.74,1290.04,2720.56,1268.7
F001638,R009,2025-04-20 13:00:00,Boeing 737,160,Completed,929.72,386.12,2214.64,1071.49
F001639,R010,2025-04-20 15:45:00,Airbus A320,180,Completed,1112.89,364.19,2235.84,750.04
F001640,R010,2025-04-20 20:45:00,Boeing 737,160,Completed,1019.08,388.19,1835.76,786.86
F001641,R001,2025-04-21 18:30:00,Boeing 737,160,Completed,13253.34,4712.86,2708.18,643.98
F001642,R002,2025-04-21 19:15:00,Airbus A320,180,Completed,12591.63,5012.62,1812.15,905.79
F001643,R002,2025-04-21 19:45:00,Airbus A320,180,Completed,13459.75,4894.78,2045.34,826.01
F001644,R003,2025-04-21 10:15:00,Boeing 737,160,Cancelled,9578.26,3577.9,1791.9,1373.61
F001645,R003,2025-04-21 17:45:00,Airbus A320,180,Completed,9898.8,3620.71,2089.24,970.23
F001646,R004,2025-04-21 15:45:00,Boeing 737,160,Completed,9542.62,3632.07,2834.89,1159.65
F001647,R004,2025-04-21 22:45:00,Boeing 737,160,Completed,11052.96,3516.2,1809.68,1067.39
F001648,R005,2025-04-21 14:15:00,Airbus A320,180,Delayed,3316.05,1223.74,1726.02,816.49
F001649,R006,2025-04-21 10:45:00,Airbus A320,180,Completed,3339.11,1219.29,2295.88,1128.09
F001650,R007,2025-04-21 09:00:00,Boeing 737,160,Completed,3188.09,1335.87,2804.2,831.51
F001651,R008,2025-04-21 16:30:00,Boeing 737,160,Completed,3697.25,1340.71,1961.34,566.02
F001652,R009,2025-04-21 20:45:00,Airbus A320,180,Completed,1070.38,366.14,1652.25,1061.89
F001653,R009,2025-04-21 10:15:00,Airbus A320,180,Completed,950.01,389.34,2114.52,1061.66
F001654,R010,2025-04-21 14:15:00,Boeing 737,160,Completed,1062.21,360.78,2167.36,1255.67
F001655,R010,2025-04-21 10:45:00,Airbus A320,180,Completed,1003.69,361.68,1529.93,1188.12
F001656,R001,2025-04-22 20:15:00,Airbus A320,180,Completed,14685.13,5182.8,2919.91,1066.78
F001657,R001,2025-04-22 16:00:00,Airbus A320,180,Completed,12438.8,4769.3,1950.16,893.62
F001658,R002,2025-04-22 09:15:00,Airbus A320,180,Delayed,13047.17,5094.93,2679.87,854.71
F001659,R003,2025-04-22 06:45:00,Boeing 737,160,Delayed,9879.31,3600.7,2270.13,1482.04
F001660,R003,2025-04-22 06:45:00,Airbus A320,180,Completed,10977.05,3526.6,1858.21,806.64
F001661,R004,2025-04-22 19:30:00,Boeing 737,160,Completed,9691.72,3874.79,2485.04,1159.41
F001662,R004,2025-04-22 16:00:00,Boeing 737,160,Completed,10908.46,3849.48,1516.02,1073.65
F001663,R005,2025-04-22 18:15:00,Airbus A320,180,Completed,3188.6,1132.87,2507.86,1196.86
F001664,R005,2025-04-22 16:30:00,Airbus A320,180,Completed,3206.36,1169.24,2914.36,1219.12
F001665,R006,2025-04-22 21:30:00,Airbus A320,180,Completed,2994.73,1182.05,2507.71,1305.48
F001666,R007,2025-04-22 22:00:00,Boeing 737,160,Completed,3744.61,1321.26,1660.57,574.41
F001667,R007,2025-04-22 17:00:00,Boeing 737,160,Completed,3576.2,1248.28,1631.08,575.41
F001668,R008,2025-04-22 16:00:00,Boeing 737,160,Completed,3583.85,1341.7,2953.66,1131.0
F001669,R009,2025-04-22 09:00:00,Boeing 737,160,Completed,1070.49,362.76,2619.1,581.16
F001670,R009,2025-04-22 08:00:00,Boeing 737,160,Completed,1014.71,380.94,1815.33,1216.98
F001671,R010,2025-04-22 16:15:00,Airbus A320,180,Completed,1093.82,381.79,2242.95,1206.27
F001672,R010,2025-04-22 21:30:00,Boeing 737,160,Completed,1016.68,374.28,1619.34,1474.19
F001673,R001,2025-04-23 10:15:00,Boeing 737,160,Completed,14164.81,4740.01,1780.57,821.41
F001674,R001,2025-04-23 13:15:00,Airbus A320,180,Completed,13980.85,4995.69,2402.33,1006.65
F001675,R002,2025-04-23 12:45:00,Airbus A320,180,Completed,14495.87,5066.54,2295.83,1154.84
F001676,R002,2025-04-23 14:30:00,Boeing 737,160,Delayed,12427.27,4733.58,2016.33,1232.91
F001677,R003,2025-04-23 08:45:00,Boeing 737,160,Completed,11121.94,3756.43,1977.6,1271.39
F001678,R003,2025-04-23 17:00:00,Airbus A320,180,Completed,10614.25,3625.2,2037.17,1310.97
F001679,R004,2025-04-23 21:30:00,Airbus A320,180,Completed,9774.24,3876.27,1785.43,1087.23
F001680,R004,2025-04-23 07:30:00,Airbus A320,180,Completed,10081.82,3677.84,2885.17,1346.48
F001681,R005,2025-04-23 20:45:00,Airbus A320,180,Completed,3040.06,1216.26,2078.35,1449.63
F001682,R005,2025-04-23 10:30:00,Airbus A320,180,Completed,3587.01,1203.7,2099.13,513.95
F001683,R006,2025-04-23 10:15:00,Boeing 737,160,Completed,3002.27,1175.09,1724.85,837.32
F001684,R007,2025-04-23 21:45:00,Boeing 737,160,Completed,3386.96,1340.36,2323.99,727.74
F001685,R008,2025-04-23 21:45:00,Airbus A320,180,Completed,3840.91,1238.39,2953.65,559.76
F001686,R008,2025-04-23 09:00:00,Airbus A320,180,Completed,3670.77,1295.82,1712.22,1018.76
F001687,R009,2025-04-23 12:45:00,Airbus A320,180,Completed,928.32,366.82,1737.9,1130.46
F001688,R009,2025-04-23 19:00:00,Boeing 737,160,Completed,1034.6,368.06,2060.03,1188.51
F001689,R010,2025-04-23 17:45:00,Boeing 737,160,Completed,929.29,369.14,1869.16,1444.58
F001690,R001,2025-04-24 16:45:00,Airbus A320,180,Completed,13762.23,4988.22,1996.59,694.38
F001691,R002,2025-04-24 16:15:00,Boeing 737,160,Completed,14465.52,4825.8,2344.95,1390.56
F001692,R003,2025-04-24 22:00:00,Airbus A320,180,Completed,10661.04,3737.64,1621.96,990.94
F001693,R003,2025-04-24 14:00:00,Airbus A320,180,Completed,9928.77,3578.72,2654.92,1211.91
F001694,R004,2025-04-24 07:45:00,Boeing 737,160,Completed,9591.2,3508.53,2034.25,1120.65
F001695,R004,2025-04-24 10:30:00,Airbus A320,180,Completed,10121.93,3623.39,2824.82,700.06
F001696,R005,2025-04-24 09:30:00,Boeing 737,160,Completed,3420.87,1151.76,2698.27,782.46
F001697,R006,2025-04-24 19:00:00,Airbus A320,180,Completed,3110.83,1145.71,1537.93,1151.63
F001698,R006,2025-04-24 19:00:00,Airbus A320,180,Completed,3244.09,1236.69,1721.42,1125.89
F001699,R007,2025-04-24 20:30:00,Boeing 737,160,Completed,3833.56,1276.35,1796.67,1106.54
F001700,R008,2025-04-24 11:15:00,Airbus A320,180,Completed,3847.1,1233.79,2801.61,1052.58
F001701,R008,2025-04-24 17:15:00,Airbus A320,180,Completed,3759.46,1265.98,1538.2,934.26
F001702,R009,2025-04-24 18:15:00,Airbus A320,180,Completed,1051.76,383.74,2465.43,824.01
F001703,R009,2025-04-24 07:00:00,Boeing 737,160,Completed,1027.82,389.97,1709.87,602.25
F001704,R010,2025-04-24 13:00:00,Airbus A320,180,Completed,1125.66,367.95,2118.96,1250.85
F001705,R001,2025-04-25 18:00:00,Airbus A320,180,Completed,13998.6,4898.52,1732.48,1322.85
F001706,R001,2025-04-25 12:45:00,Boeing 737,160,Completed,12565.02,5153.66,1891.13,739.27
F001707,R002,2025-04-25 07:15:00,Airbus A320,180,Completed,12366.67,4810.91,1849.0,652.63
F001708,R003,2025-04-25 22:30:00,Airbus A320,180,Completed,9924.61,3741.59,2093.71,1010.25
F001709,R004,2025-04-25 21:00:00,Airbus A320,180,Completed,10254.59,3522.22,2384.5,708.84
F001710,R004,2025-04-25 21:00:00,Airbus A320,180,Completed,10562.82,3722.12,2052.18,1398.58
F001711,R005,2025-04-25 18:15:00,Boeing 737,160,Completed,3290.67,1237.33,2616.38,781.42
F001712,R006,2025-04-25 22:45:00,Boeing 737,160,Completed,3485.77,1218.2,1884.42,695.77
F001713,R006,2025-04-25 14:45:00,Boeing 737,160,Cancelled,3365.31,1182.26,2168.32,1467.73
F001714,R007,2025-04-25 12:15:00,Boeing 737,160,Completed,3202.32,1321.05,2614.22,1374.23
F001715,R007,2025-04-25 12:30:00,Boeing 737,160,Completed,3798.13,1322.75,2041.41,554.37
F001716,R008,2025-04-25 14:15:00,Boeing 737,160,Completed,3391.46,1245.65,1771.38,833.93
F001717,R009,2025-04-25 18:30:00,Airbus A320,180,Completed,1128.11,377.81,1747.89,991.68
F001718,R009,2025-04-25 15:15:00,Boeing 737,160,Completed,1052.44,388.38,2779.02,1119.28
F001719,R010,2025-04-25 14:00:00,Airbus A320,180,Completed,1017.2,382.56,2941.81,597.23
F001720,R001,2025-04-26 12:15:00,Airbus A320,180,Completed,14270.93,4887.05,1919.97,1153.63
F001721,R001,2025-04-26 15:00:00,Boeing 737,160,Completed,13073.58,4832.55,2895.19,1387.36
F001722,R002,2025-04-26 09:00:00,Airbus A320,180,Completed,12726.55,4758.23,2587.21,955.24
F001723,R003,2025-04-26 14:00:00,Airbus A320,180,Completed,9266.2,3762.81,1823.21,897.54
F001724,R003,2025-04-26 18:00:00,Boeing 737,160,Completed,10147.77,3814.0,2118.64,1472.91
F001725,R004,2025-04-26 08:30:00,Airbus A320,180,Completed,10597.44,3582.24,1900.93,1171.24
F001726,R005,2025-04-26 13:45:00,Boeing 737,160,Completed,3590.98,1133.84,2344.82,1357.0
F001727,R006,2025-04-26 13:00:00,Airbus A320,180,Completed,3178.16,1199.65,2184.39,972.48
F001728,R006,2025-04-26 11:30:00,Airbus A320,180,Completed,3414.8,1192.84,1981.07,1139.31
F001729,R007,2025-04-26 11:45:00,Airbus A320,180,Completed,3502.57,1262.44,1938.67,1314.23
F001730,R007,2025-04-26 21:45:00,Airbus A320,180,Completed,3850.82,1228.98,1879.8,637.64
F001731,R008,2025-04-26 20:45:00,Boeing 737,160,Completed,3800.31,1261.93,2877.45,1482.71
F001732,R008,2025-04-26 10:30:00,Boeing 737,160,Delayed,3773.06,1291.45,2965.85,1292.28
F001733,R009,2025-04-26 08:45:00,Boeing 737,160,Completed,1129.4,375.65,2279.35,1075.46
F001734,R009,2025-04-26 14:15:00,Boeing 737,160,Completed,1066.35,384.76,2233.77,825.49
F001735,R010,2025-04-26 18:45:00,Boeing 737,160,Completed,1044.34,383.34,2531.7,1487.95
F001736,R010,2025-04-26 13:45:00,Boeing 737,160,Completed,1097.28,388.78,1782.5,500.6
F001737,R001,2025-04-27 21:15:00,Boeing 737,160,Completed,14143.22,4854.25,2633.7,802.86
F001738,R002,2025-04-27 09:15:00,Boeing 737,160,Completed,12295.41,4848.91,1810.63,1327.66
F001739,R003,2025-04-27 08:30:00,Airbus A320,180,Completed,11068.83,3663.17,2036.27,903.0
F001740,R004,2025-04-27 16:45:00,Airbus A320,180,Completed,9560.98,3665.61,2384.54,978.44
F001741,R004,2025-04-27 07:45:00,Boeing 737,160,Completed,10152.99,3637.17,1883.67,973.6
F001742,R005,2025-04-27 09:45:00,Airbus A320,180,Completed,3560.46,1209.96,2991.96,879.97
F001743,R005,2025-04-27 21:00:00,Airbus A320,180,Completed,3105.06,1139.54,1868.08,1330.63
F001744,R006,2025-04-27 20:45:00,Airbus A320,180,Completed,3098.02,1245.5,1551.51,809.81
F001745,R007,2025-04-27 12:45:00,Boeing 737,160,Completed,3180.21,1234.36,2794.08,1280.83
F001746,R007,2025-04-27 22:45:00,Boeing 737,160,Completed,3526.96,1277.28,2545.7,888.18
F001747,R008,2025-04-27 14:00:00,Airbus A320,180,Completed,3295.58,1275.81,2780.33,539.82
F001748,R009,2025-04-27 19:00:00,Boeing 737,160,Completed,1124.88,358.17,2223.22,749.04
F001749,R009,2025-04-27 18:15:00,Airbus A320,180,Completed,934.68,362.13,2010.11,1183.03
F001750,R010,2025-04-27 13:45:00,Boeing 737,160,Completed,946.54,360.51,2610.53,1446.67
F001751,R010,2025-04-27 06:45:00,Airbus A320,180,Completed,1001.08,381.44,1530.81,1025.18
F001752,R001,2025-04-28 09:45:00,Airbus A320,180,Completed,12342.55,4918.46,2553.07,566.94
F001753,R001,2025-04-28 08:30:00,Airbus A320,180,Completed,13543.42,4953.52,1864.85,1427.87
F001754,R002,2025-04-28 09:00:00,Boeing 737,160,Completed,12486.41,4794.96,1794.78,1159.86
F001755,R003,2025-04-28 14:45:00,Boeing 737,160,Completed,11109.14,3749.69,2373.18,615.85
F001756,R003,2025-04-28 07:15:00,Boeing 737,160,Completed,9436.98,3556.58,2552.21,511.19
F001757,R004,2025-04-28 22:00:00,Boeing 737,160,Completed,10202.88,3605.57,2295.78,803.34
F001758,R005,2025-04-28 16:15:00,Airbus A320,180,Completed,3463.82,1151.01,2212.14,978.73
F001759,R006,2025-04-28 11:45:00,Boeing 737,160,Completed,3035.77,1143.68,2264.8,1361.19
F001760,R007,2025-04-28 21:00:00,Boeing 737,160,Completed,3347.16,1314.49,2759.66,861.72
F001761,R008,2025-04-28 14:45:00,Boeing 737,160,Completed,3703.45,1223.4,1980.73,894.63
F001762,R009,2025-04-28 17:45:00,Airbus A320,180,Completed,1050.39,387.72,2622.91,627.33
F001763,R010,2025-04-28 11:15:00,Airbus A320,180,Completed,1027.91,358.11,2399.73,917.32
F001764,R010,2025-04-28 08:15:00,Boeing 737,160,Completed,1001.66,370.01,2196.76,1306.81
F001765,R001,2025-04-29 15:30:00,Airbus A320,180,Completed,14580.02,4935.11,2231.68,1257.42
F001766,R001,2025-04-29 10:45:00,Airbus A320,180,Completed,12498.96,4944.89,2013.62,1017.0
F001767,R002,2025-04-29 14:30:00,Airbus A320,180,Completed,14632.76,4996.74,1841.76,1426.82
F001768,R003,2025-04-29 13:15:00,Airbus A320,180,Completed,11112.13,3578.23,2002.5,1176.1
F001769,R003,2025-04-29 14:30:00,Airbus A320,180,Completed,10497.56,3576.94,2419.58,1286.89
F001770,R004,2025-04-29 12:30:00,Airbus A320,180,Completed,9552.89,3678.23,2280.17,617.21
F001771,R004,2025-04-29 15:15:00,Boeing 737,160,Completed,10352.27,3741.27,2006.06,1387.27
F001772,R005,2025-04-29 17:15:00,Airbus A320,180,Completed,3256.77,1160.76,2352.28,1037.41
F001773,R005,2025-04-29 10:30:00,Boeing 737,160,Completed,3105.31,1243.42,2719.67,1483.87
F001774,R006,2025-04-29 08:15:00,Airbus A320,180,Completed,3546.53,1182.63,2986.28,1083.58
F001775,R007,2025-04-29 22:45:00,Boeing 737,160,Completed,3360.3,1343.74,2442.17,989.56
F001776,R007,2025-04-29 09:45:00,Airbus A320,180,Completed,3445.74,1233.21,1771.66,861.33
F001777,R008,2025-04-29 07:00:00,Airbus A320,180,Completed,3248.72,1286.52,1691.13,595.89
F001778,R009,2025-04-29 12:00:00,Boeing 737,160,Completed,927.68,367.93,2436.54,777.17
F001779,R009,2025-04-29 19:15:00,Boeing 737,160,Completed,970.99,377.88,2627.59,1427.85
F001780,R010,2025-04-29 13:15:00,Boeing 737,160,Completed,1039.55,367.15,1829.81,1305.71
F001781,R010,2025-04-29 18:15:00,Boeing 737,160,Completed,1121.99,358.71,2610.68,1478.67
F001782,R001,2025-04-30 21:00:00,Boeing 737,160,Completed,12921.51,4903.67,1863.04,1109.61
F001783,R001,2025-04-30 11:15:00,Airbus A320,180,Completed,12543.61,4820.69,1962.74,1079.64
F001784,R002,2025-04-30 20:15:00,Boeing 737,160,Completed,12524.5,4743.09,2568.64,942.53
F001785,R002,2025-04-30 18:45:00,Boeing 737,160,Completed,13724.84,4837.0,2822.71,991.52
F001786,R003,2025-04-30 16:00:00,Airbus A320,180,Completed,10168.35,3650.61,2163.28,705.47
F001787,R003,2025-04-30 10:00:00,Airbus A320,180,Completed,9479.62,3656.56,1826.89,853.27
F001788,R004,2025-04-30 13:30:00,Boeing 737,160,Completed,9908.2,3831.46,2940.98,1186.49
F001789,R004,2025-04-30 13:00:00,Airbus A320,180,Completed,10585.66,3515.48,2357.48,859.52
F001790,R005,2025-04-30 21:45:00,Airbus A320,180,Completed,3534.36,1139.23,1882.39,728.56
F001791,R006,2025-04-30 14:45:00,Boeing 737,160,Completed,3050.43,1230.01,2467.51,1099.11
F001792,R006,2025-04-30 12:00:00,Airbus A320,180,Completed,3178.51,1218.97,1634.96,1415.85
F001793,R007,2025-04-30 07:30:00,Boeing 737,160,Completed,3543.31,1250.61,1723.54,641.63
F001794,R008,2025-04-30 14:15:00,Boeing 737,160,Completed,3461.66,1239.26,1600.17,1371.81
F001795,R008,2025-04-30 07:15:00,Airbus A320,180,Completed,3559.3,1338.67,2842.38,736.25
F001796,R009,2025-04-30 08:00:00,Boeing 737,160,Completed,980.99,384.59,2300.93,1279.06
F001797,R010,2025-04-30 11:15:00,Boeing 737,160,Completed,976.18,355.63,2783.11,1266.35
F001798,R010,2025-04-30 22:00:00,Boeing 737,160,Completed,1006.66,361.55,2203.6,1346.54
F001799,R001,2025-05-01 17:30:00,Airbus A320,180,Completed,12920.41,4789.2,1664.81,748.21
F001800,R002,2025-05-01 08:45:00,Boeing 737,160,Completed,12252.81,4930.58,2698.26,1177.53
F001801,R003,2025-05-01 18:45:00,Airbus A320,180,Completed,10734.53,3720.6,2756.44,905.2
F001802,R003,2025-05-01 14:45:00,Boeing 737,160,Completed,10159.4,3691.9,2707.26,706.89
F001803,R004,2025-05-01 15:00:00,Airbus A320,180,Completed,9914.55,3617.98,1535.81,987.22
F001804,R004,2025-05-01 06:15:00,Airbus A320,180,Completed,10711.56,3784.43,2174.91,1090.43
F001805,R005,2025-05-01 15:45:00,Boeing 737,160,Completed,3033.29,1235.58,2855.5,752.92
F001806,R006,2025-05-01 20:45:00,Airbus A320,180,Completed,3516.85,1183.64,2123.7,551.35
F001807,R006,2025-05-01 10:00:00,Airbus A320,180,Completed,3184.69,1170.25,2864.09,1387.05
F001808,R007,2025-05-01 08:30:00,Airbus A320,180,Completed,3751.9,1288.62,1560.79,1481.36
F001809,R007,2025-05-01 21:00:00,Airbus A320,180,Completed,3406.66,1257.69,2260.08,511.06
F001810,R008,2025-05-01 10:30:00,Boeing 737,160,Completed,3190.35,1245.94,2281.64,524.14
F001811,R009,2025-05-01 16:45:00,Airbus A320,180,Delayed,1053.55,365.96,1576.37,1017.0
F001812,R009,2025-05-01 09:45:00,Airbus A320,180,Completed,1014.8,374.52,2499.48,1047.99
F001813,R010,2025-05-01 10:45:00,Airbus A320,180,Completed,1061.54,371.75,2583.82,767.11
F001814,R001,2025-05-02 12:00:00,Airbus A320,180,Completed,13002.01,4811.52,1566.02,512.11
F001815,R002,2025-05-02 12:45:00,Boeing 737,160,Completed,13388.14,5111.33,1727.47,1047.06
F001816,R003,2025-05-02 12:00:00,Boeing 737,160,Completed,9469.48,3521.23,2590.86,1287.01
F001817,R003,2025-05-02 13:45:00,Boeing 737,160,Completed,11015.64,3689.59,1619.95,959.61
F001818,R004,2025-05-02 17:45:00,Airbus A320,180,Completed,10309.44,3709.69,2851.99,1242.11
F001819,R004,2025-05-02 16:15:00,Airbus A320,180,Completed,10774.75,3794.75,1867.94,1314.93
F001820,R005,2025-05-02 21:30:00,Airbus A320,180,Completed,3554.46,1164.31,2959.14,1491.31
F001821,R005,2025-05-02 07:30:00,Airbus A320,180,Completed,3009.89,1146.18,1835.44,1283.48
F001822,R006,2025-05-02 20:15:00,Boeing 737,160,Cancelled,3395.97,1188.69,2118.97,899.85
F001823,R007,2025-05-02 15:00:00,Boeing 737,160,Completed,3287.49,1279.59,2892.61,566.32
F001824,R007,2025-05-02 16:00:00,Airbus A320,180,Completed,3459.17,1273.3,2121.33,1478.36
F001825,R008,2025-05-02 17:00:00,Airbus A320,180,Completed,3339.13,1330.6,2237.79,1458.27
F001826,R008,2025-05-02 12:45:00,Airbus A320,180,Completed,3771.9,1254.63,2415.86,664.89
F001827,R009,2025-05-02 16:45:00,Boeing 737,160,Completed,946.36,358.38,2606.15,650.05
F001828,R010,2025-05-02 21:00:00,Boeing 737,160,Completed,1129.67,355.38,1766.36,633.48
F001829,R010,2025-05-02 17:30:00,Boeing 737,160,Completed,933.97,388.69,1995.21,538.94
F001830,R001,2025-05-03 07:00:00,Boeing 737,160,Completed,14400.78,5146.54,2736.29,990.36
F001831,R002,2025-05-03 15:00:00,Airbus A320,180,Completed,12628.63,4931.36,2778.59,657.39
F001832,R002,2025-05-03 22:00:00,Airbus A320,180,Completed,13902.4,5043.57,1548.05,1352.16
F001833,R003,2025-05-03 21:45:00,Airbus A320,180,Delayed,11070.23,3620.52,2480.23,1314.64
F001834,R004,2025-05-03 13:30:00,Airbus A320,180,Completed,9565.24,3677.71,2554.85,536.8
F001835,R004,2025-05-03 07:00:00,Boeing 737,160,Completed,9356.34,3673.14,1723.99,573.44
F001836,R005,2025-05-03 16:15:00,Airbus A320,180,Completed,3224.75,1143.17,2466.47,1442.58
F001837,R005,2025-05-03 15:15:00,Airbus A320,180,Completed,3369.05,1171.87,2086.19,845.09
F001838,R006,2025-05-03 07:30:00,Airbus A320,180,Completed,3062.2,1187.72,2487.49,897.49
F001839,R007,2025-05-03 20:15:00,Airbus A320,180,Completed,3698.45,1308.59,2487.61,1458.07
F001840,R007,2025-05-03 11:00:00,Boeing 737,160,Completed,3845.82,1271.21,2230.34,1488.37
F001841,R008,2025-05-03 07:15:00,Boeing 737,160,Cancelled,3534.51,1281.4,1916.79,702.26
F001842,R009,2025-05-03 19:00:00,Boeing 737,160,Completed,1055.56,381.91,2700.31,873.02
F001843,R010,2025-05-03 09:45:00,Boeing 737,160,Completed,969.07,367.74,2488.0,1236.55
F001844,R001,2025-05-04 22:45:00,Boeing 737,160,Completed,13435.37,5172.66,2700.42,954.95
F001845,R001,2025-05-04 15:45:00,Boeing 737,160,Completed,13025.76,4711.37,2383.98,1465.09
F001846,R002,2025-05-04 21:45:00,Airbus A320,180,Completed,14739.9,5003.84,1846.42,815.18
F001847,R003,2025-05-04 20:30:00,Airbus A320,180,Delayed,10948.01,3822.02,2725.1,1168.43
F001848,R004,2025-05-04 18:30:00,Boeing 737,160,Completed,10215.43,3522.37,2928.01,949.25
F001849,R004,2025-05-04 18:00:00,Airbus A320,180,Completed,9234.69,3535.5,2704.93,1035.26
F001850,R005,2025-05-04 06:30:00,Boeing 737,160,Completed,3264.8,1197.52,2301.14,1052.36
F001851,R005,2025-05-04 09:15:00,Airbus A320,180,Delayed,3306.7,1167.64,2317.59,700.26
F001852,R006,2025-05-04 08:30:00,Boeing 737,160,Completed,3558.79,1131.06,1694.82,1249.41
F001853,R006,2025-05-04 14:15:00,Airbus A320,180,Completed,3379.26,1177.97,2858.93,704.09
F001854,R007,2025-05-04 17:00:00,Airbus A320,180,Completed,3391.17,1287.43,2323.02,568.59
F001855,R008,2025-05-04 09:00:00,Boeing 737,160,Completed,3219.47,1316.66,2637.67,770.05
F001856,R009,2025-05-04 09:45:00,Airbus A320,180,Completed,950.63,383.95,2669.31,965.3
F001857,R010,2025-05-04 21:30:00,Boeing 737,160,Completed,998.93,358.74,1764.6,1306.6
F001858,R001,2025-05-05 06:00:00,Boeing 737,160,Completed,12693.09,4871.84,2283.13,1189.53
F001859,R001,2025-05-05 12:45:00,Airbus A320,180,Completed,12332.35,5124.99,2689.0,932.4
F001860,R002,2025-05-05 12:15:00,Boeing 737,160,Completed,13942.13,4941.79,2379.53,1197.35
F001861,R002,2025-05-05 13:45:00,Airbus A320,180,Completed,13305.61,5020.55,1798.67,541.96
F001862,R003,2025-05-05 12:00:00,Airbus A320,180,Completed,9172.47,3752.76,2058.81,838.73
F001863,R003,2025-05-05 06:30:00,Airbus A320,180,Completed,9310.76,3818.64,2391.97,1061.41
F001864,R004,2025-05-05 10:45:00,Airbus A320,180,Completed,10261.81,3711.05,2642.38,619.75
F001865,R005,2025-05-05 16:15:00,Airbus A320,180,Completed,3291.23,1179.17,1558.41,606.57
F001866,R006,2025-05-05 10:30:00,Airbus A320,180,Completed,3593.23,1161.94,2774.61,1481.31
F001867,R006,2025-05-05 22:30:00,Boeing 737,160,Completed,3265.88,1216.35,2110.31,526.15
F001868,R007,2025-05-05 16:15:00,Boeing 737,160,Completed,3786.04,1337.31,2404.36,1351.57
F001869,R007,2025-05-05 17:00:00,Boeing 737,160,Completed,3860.17,1316.36,1977.47,623.73
F001870,R008,2025-05-05 08:15:00,Boeing 737,160,Delayed,3367.92,1325.78,2325.31,1041.31
F001871,R009,2025-05-05 15:30:00,Boeing 737,160,Completed,1109.82,383.44,1561.11,1418.84
F001872,R010,2025-05-05 08:30:00,Airbus A320,180,Completed,1078.09,360.42,1641.47,1444.7
F001873,R010,2025-05-05 06:00:00,Airbus A320,180,Completed,934.4,385.58,2108.98,606.89
F001874,R001,2025-05-06 13:00:00,Airbus A320,180,Completed,12709.66,5023.5,2353.52,1366.69
F001875,R002,2025-05-06 21:15:00,Boeing 737,160,Completed,12712.36,5176.36,2795.74,1009.68
F001876,R003,2025-05-06 06:30:00,Boeing 737,160,Completed,10138.08,3595.24,2144.58,1113.26
F001877,R003,2025-05-06 18:15:00,Airbus A320,180,Completed,9836.77,3656.75,2386.16,1410.75
F001878,R004,2025-05-06 14:15:00,Boeing 737,160,Completed,10573.14,3601.55,2407.88,501.45
F001879,R004,2025-05-06 09:45:00,Boeing 737,160,Completed,10654.12,3762.63,2364.92,1314.45
F001880,R005,2025-05-06 13:15:00,Boeing 737,160,Completed,3091.14,1158.3,1569.85,572.2
F001881,R006,2025-05-06 10:15:00,Airbus A320,180,Completed,3567.17,1196.86,2477.78,1217.24
F001882,R006,2025-05-06 06:45:00,Boeing 737,160,Completed,3163.34,1181.71,1720.48,1147.96
F001883,R007,2025-05-06 17:30:00,Airbus A320,180,Delayed,3439.99,1284.42,1912.6,1163.12
F001884,R008,2025-05-06 12:45:00,Airbus A320,180,Completed,3305.51,1303.26,2920.15,742.77
F001885,R009,2025-05-06 14:45:00,Boeing 737,160,Completed,977.51,371.51,1737.91,1281.39
F001886,R009,2025-05-06 07:45:00,Airbus A320,180,Delayed,967.58,359.43,1930.81,783.45
F001887,R010,2025-05-06 19:00:00,Airbus A320,180,Completed,1087.27,375.11,2379.73,847.84
F001888,R001,2025-05-07 20:15:00,Airbus A320,180,Completed,14536.7,5179.44,1904.46,980.35
F001889,R002,2025-05-07 10:00:00,Boeing 737,160,Completed,14007.86,4892.87,2979.74,1051.75
F001890,R002,2025-05-07 10:00:00,Airbus A320,180,Completed,14214.83,4960.9,2534.86,771.81
F001891,R003,2025-05-07 18:00:00,Boeing 737,160,Completed,10289.37,3834.07,1861.84,782.81
F001892,R003,2025-05-07 13:15:00,Airbus A320,180,Completed,11122.51,3508.64,2937.93,827.38
F001893,R004,2025-05-07 16:00:00,Airbus A320,180,Completed,9530.46,3547.45,1959.51,1264.16
F001894,R004,2025-05-07 14:30:00,Boeing 737,160,Completed,10414.64,3754.7,2940.98,1065.22
F001895,R005,2025-05-07 09:45:00,Airbus A320,180,Completed,3348.43,1234.36,1987.07,1357.8
F001896,R005,2025-05-07 17:45:00,Boeing 737,160,Completed,3288.23,1187.19,2146.23,1062.44
F001897,R006,2025-05-07 09:15:00,Boeing 737,160,Completed,3208.67,1133.81,2200.62,1034.98
F001898,R007,2025-05-07 09:45:00,Boeing 737,160,Delayed,3328.59,1245.4,2056.32,536.62
F001899,R008,2025-05-07 19:00:00,Airbus A320,180,Completed,3626.34,1331.97,2839.65,593.48
F001900,R009,2025-05-07 09:00:00,Airbus A320,180,Completed,1088.38,375.38,2443.66,1260.91
F001901,R010,2025-05-07 21:30:00,Boeing 737,160,Completed,1060.86,381.33,1509.53,1342.05
F001902,R001,2025-05-08 19:30:00,Boeing 737,160,Completed,12492.76,4991.03,2887.22,777.67
F001903,R002,2025-05-08 17:30:00,Airbus A320,180,Completed,13765.74,4783.83,2608.35,1480.7
F001904,R002,2025-05-08 06:30:00,Boeing 737,160,Completed,12719.71,4780.19,2606.21,1232.44
F001905,R003,2025-05-08 12:15:00,Boeing 737,160,Completed,9736.73,3530.02,2174.2,1118.65
F001906,R004,2025-05-08 09:15:00,Airbus A320,180,Completed,10411.15,3832.36,1949.39,1186.76
F001907,R005,2025-05-08 08:15:00,Airbus A320,180,Completed,3187.34,1148.96,1552.69,675.1
F001908,R006,2025-05-08 09:00:00,Boeing 737,160,Completed,3078.68,1146.86,1662.66,729.26
F001909,R006,2025-05-08 11:30:00,Airbus A320,180,Completed,3519.47,1147.3,2995.83,1032.85
F001910,R007,2025-05-08 20:45:00,Boeing 737,160,Completed,3603.73,1319.78,1918.76,760.23
F001911,R008,2025-05-08 06:15:00,Airbus A320,180,Completed,3381.33,1316.94,2197.3,591.02
F001912,R009,2025-05-08 10:00:00,Boeing 737,160,Completed,1077.25,375.25,2785.76,1060.06
F001913,R010,2025-05-08 10:00:00,Boeing 737,160,Completed,1036.53,363.97,1689.64,1408.0
F001914,R010,2025-05-08 22:00:00,Boeing 737,160,Completed,1036.52,358.43,2287.61,593.54
F001915,R001,2025-05-09 16:15:00,Boeing 737,160,Completed,12371.09,4945.3,2756.85,639.71
F001916,R001,2025-05-09 13:00:00,Boeing 737,160,Completed,13952.38,4737.86,2581.38,1046.73
F001917,R002,2025-05-09 20:15:00,Airbus A320,180,Completed,14954.02,4869.65,1549.66,511.53
F001918,R002,2025-05-09 06:00:00,Boeing 737,160,Completed,12478.94,4784.14,2613.3,1137.04
F001919,R003,2025-05-09 08:15:00,Airbus A320,180,Completed,11073.04,3543.68,2675.47,1039.03
F001920,R004,2025-05-09 07:00:00,Boeing 737,160,Completed,11144.75,3622.9,2508.27,1294.69
F001921,R004,2025-05-09 22:30:00,Airbus A320,180,Completed,9667.29,3538.8,2719.15,1100.35
F001922,R005,2025-05-09 15:45:00,Boeing 737,160,Completed,3038.69,1226.53,1933.47,1121.65
F001923,R005,2025-05-09 07:30:00,Airbus A320,180,Completed,3246.66,1188.85,2200.97,544.15
F001924,R006,2025-05-09 06:30:00,Boeing 737,160,Completed,3187.22,1204.24,1633.03,1223.9
F001925,R007,2025-05-09 22:15:00,Airbus A320,180,Completed,3439.28,1233.66,2119.46,1297.7
F001926,R007,2025-05-09 22:15:00,Airbus A320,180,Delayed,3433.53,1224.18,1965.19,670.24
F001927,R008,2025-05-09 07:00:00,Airbus A320,180,Completed,3210.35,1244.55,2115.28,1356.03
F001928,R008,2025-05-09 20:30:00,Boeing 737,160,Completed,3717.55,1317.72,2929.66,1356.16
F001929,R009,2025-05-09 10:00:00,Boeing 737,160,Completed,980.74,357.06,1683.62,891.68
F001930,R010,2025-05-09 22:00:00,Airbus A320,180,Completed,1054.33,364.97,2785.42,677.45
F001931,R001,2025-05-10 21:15:00,Boeing 737,160,Completed,13280.59,5080.61,2292.48,564.17
F001932,R001,2025-05-10 14:15:00,Boeing 737,160,Completed,14083.49,4772.54,2100.12,1177.9
F001933,R002,2025-05-10 22:30:00,Airbus A320,180,Cancelled,13061.43,4712.75,2819.17,1256.48
F001934,R003,2025-05-10 17:45:00,Boeing 737,160,Completed,9349.07,3862.12,1877.77,961.97
F001935,R004,2025-05-10 18:30:00,Airbus A320,180,Completed,9455.84,3856.72,2060.5,790.61
F001936,R005,2025-05-10 11:45:00,Boeing 737,160,Completed,3411.48,1172.44,2315.2,686.96
F001937,R006,2025-05-10 06:00:00,Airbus A320,180,Completed,3186.81,1177.45,1919.68,790.6
F001938,R007,2025-05-10 13:00:00,Airbus A320,180,Completed,3343.19,1307.31,2278.12,1330.42
F001939,R008,2025-05-10 16:15:00,Airbus A320,180,Cancelled,3603.13,1307.28,2510.52,839.93
F001940,R008,2025-05-10 15:00:00,Airbus A320,180,Completed,3341.34,1335.39,1813.41,1265.05
F001941,R009,2025-05-10 12:30:00,Airbus A320,180,Completed,1107.38,359.87,2592.68,1306.7
F001942,R009,2025-05-10 09:00:00,Boeing 737,160,Completed,1071.97,372.31,2199.68,1378.6
F001943,R010,2025-05-10 07:15:00,Boeing 737,160,Completed,1047.7,378.89,1796.99,716.78
F001944,R001,2025-05-11 16:15:00,Boeing 737,160,Completed,14653.54,5125.63,2585.04,1456.21
F001945,R001,2025-05-11 22:45:00,Airbus A320,180,Completed,14950.4,4749.68,2941.11,1358.38
F001946,R002,2025-05-11 06:15:00,Boeing 737,160,Completed,14484.65,5196.15,1544.1,606.75
F001947,R003,2025-05-11 09:15:00,Boeing 737,160,Completed,9633.95,3646.7,2208.41,1202.84
F001948,R003,2025-05-11 14:30:00,Boeing 737,160,Completed,11087.82,3842.61,2875.01,1382.28
F001949,R004,2025-05-11 18:30:00,Airbus A320,180,Completed,9409.65,3528.79,1966.84,570.91
F001950,R005,2025-05-11 22:30:00,Boeing 737,160,Completed,3292.63,1155.43,2095.5,977.35
F001951,R006,2025-05-11 10:45:00,Boeing 737,160,Completed,3051.77,1214.49,2912.4,1106.57
F001952,R007,2025-05-11 08:15:00,Airbus A320,180,Completed,3366.87,1261.19,1615.12,755.15
F001953,R008,2025-05-11 15:15:00,Airbus A320,180,Completed,3836.21,1223.39,2050.25,521.25
F001954,R009,2025-05-11 13:45:00,Airbus A320,180,Completed,1013.83,391.44,2615.64,1019.34
F001955,R009,2025-05-11 09:00:00,Boeing 737,160,Completed,1013.38,386.96,2908.27,1443.85
F001956,R010,2025-05-11 22:15:00,Airbus A320,180,Completed,1005.99,388.38,1632.57,1371.24
F001957,R001,2025-05-12 18:15:00,Airbus A320,180,Cancelled,12449.12,5167.95,1819.28,1452.79
F001958,R002,2025-05-12 14:30:00,Airbus A320,180,Completed,12392.96,4915.25,2325.44,936.24
F001959,R003,2025-05-12 21:45:00,Airbus A320,180,Completed,10687.15,3745.22,1713.89,710.86
F001960,R004,2025-05-12 15:00:00,Boeing 737,160,Completed,9629.31,3838.34,1507.44,1027.81
F001961,R004,2025-05-12 20:15:00,Airbus A320,180,Completed,9743.71,3683.47,2500.66,1050.29
F001962,R005,2025-05-12 19:00:00,Boeing 737,160,Completed,3093.03,1173.07,2585.79,553.4
F001963,R006,2025-05-12 20:00:00,Boeing 737,160,Completed,3271.83,1246.59,2371.27,564.84
F001964,R006,2025-05-12 15:30:00,Boeing 737,160,Completed,3551.2,1213.5,2179.66,755.24
F001965,R007,2025-05-12 18:45:00,Airbus A320,180,Completed,3786.09,1302.1,2745.42,1141.75
F001966,R008,2025-05-12 08:30:00,Boeing 737,160,Completed,3550.37,1264.84,2076.15,1451.94
F001967,R008,2025-05-12 13:15:00,Airbus A320,180,Cancelled,3571.57,1255.64,2658.45,1387.34
F001968,R009,2025-05-12 11:15:00,Boeing 737,160,Completed,963.7,384.48,2729.05,794.43
F001969,R010,2025-05-12 19:45:00,Boeing 737,160,Completed,1009.54,381.47,2985.03,972.98
F001970,R001,2025-05-13 09:45:00,Airbus A320,180,Completed,14898.45,4717.61,2162.98,1249.28
F001971,R001,2025-05-13 15:15:00,Boeing 737,160,Cancelled,13138.18,5030.46,2861.79,1150.19
F001972,R002,2025-05-13 06:30:00,Boeing 737,160,Completed,14694.02,5177.71,2830.92,617.81
F001973,R003,2025-05-13 19:30:00,Boeing 737,160,Completed,10253.01,3820.84,1720.86,1090.51
F001974,R004,2025-05-13 10:45:00,Airbus A320,180,Completed,9327.56,3710.69,2359.37,844.72
F001975,R004,2025-05-13 08:15:00,Boeing 737,160,Delayed,10278.48,3805.99,1647.38,1330.61
F001976,R005,2025-05-13 12:30:00,Airbus A320,180,Completed,3580.94,1217.75,1877.9,692.04
F001977,R006,2025-05-13 18:15:00,Boeing 737,160,Completed,3324.25,1220.45,2774.65,771.9
F001978,R006,2025-05-13 07:00:00,Boeing 737,160,Completed,3252.9,1155.18,1509.77,1352.21
F001979,R007,2025-05-13 18:45:00,Boeing 737,160,Completed,3876.95,1232.87,2969.48,887.19
F001980,R007,2025-05-13 12:00:00,Boeing 737,160,Completed,3644.18,1322.3,2002.26,1469.49
F001981,R008,2025-05-13 07:00:00,Airbus A320,180,Completed,3545.11,1296.37,1918.87,793.03
F001982,R009,2025-05-13 16:00:00,Airbus A320,180,Completed,1009.53,361.93,2444.31,695.9
F001983,R010,2025-05-13 19:15:00,Boeing 737,160,Completed,1075.81,363.55,1919.7,516.82
F001984,R010,2025-05-13 21:45:00,Airbus A320,180,Delayed,1048.83,369.91,1587.27,1442.93
F001985,R001,2025-05-14 18:45:00,Boeing 737,160,Completed,13874.71,4873.05,2333.2,592.07
F001986,R002,2025-05-14 21:45:00,Boeing 737,160,Completed,14924.7,4982.38,2898.73,566.79
F001987,R002,2025-05-14 14:00:00,Airbus A320,180,Delayed,14801.07,5036.44,1894.2,1470.3
F001988,R003,2025-05-14 12:45:00,Boeing 737,160,Completed,9318.8,3556.38,2897.08,857.88
F001989,R004,2025-05-14 12:30:00,Airbus A320,180,Completed,9358.45,3708.5,1618.73,510.64
F001990,R005,2025-05-14 09:00:00,Boeing 737,160,Completed,2940.6,1141.98,2625.51,737.97
F001991,R006,2025-05-14 10:45:00,Airbus A320,180,Completed,3297.13,1244.6,2063.97,690.39
F001992,R006,2025-05-14 20:00:00,Airbus A320,180,Completed,3140.96,1199.0,2588.98,668.69
F001993,R007,2025-05-14 07:15:00,Airbus A320,180,Completed,3380.26,1223.41,2726.19,931.16
F001994,R007,2025-05-14 15:00:00,Boeing 737,160,Cancelled,3491.47,1305.34,2748.0,898.36
F001995,R008,2025-05-14 10:45:00,Airbus A320,180,Completed,3643.45,1239.73,1779.97,514.01
F001996,R009,2025-05-14 08:45:00,Boeing 737,160,Completed,946.7,362.53,2279.14,1473.68
F001997,R010,2025-05-14 16:45:00,Airbus A320,180,Completed,973.76,371.23,2739.5,1374.73
F001998,R001,2025-05-15 09:15:00,Airbus A320,180,Completed,13363.19,4870.04,2358.64,949.64
F001999,R002,2025-05-15 21:45:00,Airbus A320,180,Completed,14104.58,5194.76,2180.36,1200.11
F002000,R003,2025-05-15 21:15:00,Airbus A320,180,Completed,10190.11,3805.57,2790.15,515.46
F002001,R003,2025-05-15 06:45:00,Boeing 737,160,Completed,9308.99,3817.78,1770.67,1129.17
F002002,R004,2025-05-15 11:00:00,Airbus A320,180,Delayed,10515.96,3750.91,1522.25,835.05
F002003,R004,2025-05-15 20:00:00,Airbus A320,180,Completed,9959.96,3562.91,1609.29,1151.3
F002004,R005,2025-05-15 08:15:00,Airbus A320,180,Completed,3311.34,1243.71,2632.44,1454.89
F002005,R006,2025-05-15 13:45:00,Airbus A320,180,Completed,3452.14,1231.73,2929.63,626.87
F002006,R006,2025-05-15 07:30:00,Boeing 737,160,Completed,3561.94,1210.79,1844.7,1341.76
F002007,R007,2025-05-15 14:30:00,Boeing 737,160,Completed,3383.17,1295.54,2769.2,1109.73
F002008,R007,2025-05-15 08:00:00,Airbus A320,180,Completed,3417.46,1298.16,2261.3,1462.43
F002009,R008,2025-05-15 20:00:00,Airbus A320,180,Completed,3824.22,1248.06,2315.95,947.58
F002010,R009,2025-05-15 12:15:00,Boeing 737,160,Completed,1117.75,372.21,2070.67,577.99
F002011,R009,2025-05-15 08:45:00,Airbus A320,180,Completed,1051.22,373.72,2312.97,1357.02
F002012,R010,2025-05-15 22:45:00,Boeing 737,160,Completed,1097.83,360.14,2274.18,696.15
F002013,R010,2025-05-15 07:30:00,Boeing 737,160,Completed,1007.64,362.27,2437.8,737.48
F002014,R001,2025-05-16 14:00:00,Airbus A320,180,Completed,14308.28,4895.63,2591.53,831.88
F002015,R002,2025-05-16 07:00:00,Boeing 737,160,Completed,12708.41,5147.88,1763.86,1246.47
F002016,R002,2025-05-16 17:30:00,Airbus A320,180,Completed,12748.26,4961.67,2191.03,894.07
F002017,R003,2025-05-16 17:30:00,Boeing 737,160,Completed,10433.83,3741.45,1699.65,1032.7
F002018,R004,2025-05-16 18:15:00,Boeing 737,160,Delayed,10246.78,3840.24,2358.89,603.1
F002019,R004,2025-05-16 18:15:00,Airbus A320,180,Completed,9299.35,3758.65,1991.82,1033.04
F002020,R005,2025-05-16 21:15:00,Airbus A320,180,Completed,3194.52,1243.67,1757.79,1446.06
F002021,R005,2025-05-16 13:15:00,Airbus A320,180,Completed,3286.43,1221.46,2055.08,723.55
F002022,R006,2025-05-16 18:30:00,Airbus A320,180,Completed,2957.07,1205.32,2278.4,1456.26
F002023,R007,2025-05-16 06:30:00,Airbus A320,180,Completed,3717.99,1254.73,1892.56,507.6
F002024,R007,2025-05-16 15:00:00,Boeing 737,160,Completed,3826.1,1232.41,2221.83,984.25
F002025,R008,2025-05-16 12:30:00,Boeing 737,160,Completed,3362.72,1222.73,2757.84,710.19
F002026,R009,2025-05-16 08:30:00,Airbus A320,180,Completed,1018.97,367.52,1991.65,607.22
F002027,R009,2025-05-16 11:30:00,Boeing 737,160,Completed,1093.82,373.1,2768.81,1024.52
F002028,R010,2025-05-16 19:45:00,Airbus A320,180,Delayed,935.07,391.2,1898.63,1346.61
F002029,R001,2025-05-17 15:00:00,Boeing 737,160,Completed,14364.82,4790.28,2074.4,1029.21
F002030,R002,2025-05-17 22:45:00,Boeing 737,160,Completed,13898.56,5115.78,2636.65,506.73
F002031,R003,2025-05-17 10:15:00,Airbus A320,180,Completed,9954.39,3836.06,2902.76,1057.41
F002032,R003,2025-05-17 19:45:00,Boeing 737,160,Completed,11078.03,3826.4,2375.35,915.51
F002033,R004,2025-05-17 20:30:00,Airbus A320,180,Completed,10889.28,3558.43,2559.15,1010.21
F002034,R004,2025-05-17 14:30:00,Airbus A320,180,Completed,11096.29,3801.51,1975.99,1212.68
F002035,R005,2025-05-17 11:15:00,Airbus A320,180,Completed,3566.26,1236.77,2951.45,1312.42
F002036,R005,2025-05-17 19:30:00,Boeing 737,160,Completed,3029.24,1229.7,2823.73,542.87
F002037,R006,2025-05-17 17:15:00,Boeing 737,160,Completed,2987.83,1156.69,2463.98,1325.82
F002038,R006,2025-05-17 09:30:00,Airbus A320,180,Completed,2985.54,1129.26,2009.89,533.79
F002039,R007,2025-05-17 19:15:00,Boeing 737,160,Completed,3373.13,1254.36,2279.71,1116.91
F002040,R008,2025-05-17 21:15:00,Airbus A320,180,Completed,3852.03,1306.4,2904.98,923.07
F002041,R008,2025-05-17 20:30:00,Airbus A320,180,Completed,3278.51,1218.72,2049.44,1015.31
F002042,R009,2025-05-17 17:30:00,Boeing 737,160,Completed,1121.0,357.9,1827.66,1313.57
F002043,R010,2025-05-17 10:15:00,Boeing 737,160,Completed,951.63,377.99,2818.0,1145.15
F002044,R001,2025-05-18 08:00:00,Airbus A320,180,Completed,14261.26,5140.81,2279.39,915.37
F002045,R001,2025-05-18 21:15:00,Boeing 737,160,Completed,14204.77,4931.78,1536.34,665.06
F002046,R002,2025-05-18 18:00:00,Airbus A320,180,Cancelled,12732.97,4791.93,2025.13,964.26
F002047,R002,2025-05-18 14:30:00,Airbus A320,180,Completed,13568.49,4890.06,2794.11,1442.14
F002048,R003,2025-05-18 10:00:00,Airbus A320,180,Delayed,9914.23,3750.21,1861.63,602.25
F002049,R003,2025-05-18 07:15:00,Airbus A320,180,Completed,11087.79,3745.69,1763.32,957.17
F002050,R004,2025-05-18 12:45:00,Boeing 737,160,Completed,11017.62,3749.37,2949.93,1456.69
F002051,R005,2025-05-18 16:15:00,Boeing 737,160,Completed,3041.7,1242.08,2864.46,714.1
F002052,R006,2025-05-18 11:00:00,Airbus A320,180,Cancelled,3462.63,1206.68,2377.77,1140.36
F002053,R006,2025-05-18 13:15:00,Boeing 737,160,Completed,3526.21,1167.22,2045.54,1464.15
F002054,R007,2025-05-18 16:30:00,Airbus A320,180,Completed,3467.59,1280.6,2466.91,1237.11
F002055,R008,2025-05-18 13:15:00,Airbus A320,180,Completed,3377.32,1338.65,2356.57,761.04
F002056,R008,2025-05-18 14:45:00,Boeing 737,160,Completed,3300.19,1275.18,2737.3,1360.61
F002057,R009,2025-05-18 06:15:00,Boeing 737,160,Completed,1016.19,361.36,1996.66,1166.72
F002058,R009,2025-05-18 20:45:00,Boeing 737,160,Completed,969.72,381.78,2726.25,638.28
F002059,R010,2025-05-18 10:15:00,Boeing 737,160,Completed,1092.74,383.45,1647.83,1293.23
F002060,R001,2025-05-19 07:15:00,Boeing 737,160,Completed,12353.77,4724.51,2641.5,988.95
F002061,R001,2025-05-19 20:45:00,Airbus A320,180,Completed,14112.34,5045.69,2583.07,1378.52
F002062,R002,2025-05-19 11:15:00,Airbus A320,180,Delayed,14767.66,5097.85,2883.82,1290.34
F002063,R002,2025-05-19 07:15:00,Boeing 737,160,Completed,13008.46,4852.04,2883.82,1145.41
F002064,R003,2025-05-19 09:45:00,Boeing 737,160,Completed,9842.09,3829.28,2931.14,1372.01
F002065,R003,2025-05-19 08:00:00,Boeing 737,160,Completed,10443.2,3569.23,2890.29,1441.83
F002066,R004,2025-05-19 06:00:00,Airbus A320,180,Completed,9541.46,3609.74,2801.79,1011.38
F002067,R004,2025-05-19 07:15:00,Boeing 737,160,Completed,10308.44,3873.71,1623.97,1186.77
F002068,R005,2025-05-19 08:00:00,Boeing 737,160,Completed,3200.24,1203.83,2597.63,615.56
F002069,R005,2025-05-19 11:00:00,Airbus A320,180,Completed,3208.27,1218.02,1709.45,615.17
F002070,R006,2025-05-19 09:00:00,Airbus A320,180,Completed,3203.42,1143.98,1771.06,620.96
F002071,R007,2025-05-19 20:15:00,Airbus A320,180,Completed,3639.53,1336.55,2639.93,1432.4
F002072,R008,2025-05-19 12:00:00,Airbus A320,180,Completed,3576.19,1273.21,2005.97,1036.15
F002073,R009,2025-05-19 20:30:00,Boeing 737,160,Completed,956.43,384.66,1764.21,590.1
F002074,R010,2025-05-19 18:15:00,Airbus A320,180,Completed,1102.52,376.86,1989.96,634.63
F002075,R001,2025-05-20 18:15:00,Boeing 737,160,Completed,14538.13,4995.24,2550.94,866.73
F002076,R001,2025-05-20 17:45:00,Boeing 737,160,Completed,14457.74,5066.81,1501.85,1430.7
F002077,R002,2025-05-20 10:45:00,Boeing 737,160,Completed,14364.9,4815.79,2180.6,641.88
F002078,R002,2025-05-20 12:45:00,Airbus A320,180,Delayed,13747.79,4969.62,2081.05,1262.57
F002079,R003,2025-05-20 12:00:00,Airbus A320,180,Completed,11049.54,3835.29,2667.78,525.65
F002080,R004,2025-05-20 07:45:00,Boeing 737,160,Completed,9872.42,3567.19,1846.21,994.86
F002081,R004,2025-05-20 07:15:00,Boeing 737,160,Completed,10037.49,3773.8,1628.06,926.2
F002082,R005,2025-05-20 19:15:00,Boeing 737,160,Completed,3022.94,1162.03,2475.14,1401.12
F002083,R006,2025-05-20 16:30:00,Boeing 737,160,Completed,3481.16,1209.91,2463.06,721.84
F002084,R006,2025-05-20 15:00:00,Boeing 737,160,Completed,2978.62,1130.6,2044.78,1405.1
F002085,R007,2025-05-20 20:30:00,Airbus A320,180,Completed,3802.63,1257.42,1597.32,942.81
F002086,R007,2025-05-20 17:30:00,Airbus A320,180,Completed,3472.74,1240.01,1869.15,979.57
F002087,R008,2025-05-20 10:30:00,Airbus A320,180,Completed,3479.09,1232.07,2332.41,1269.16
F002088,R009,2025-05-20 07:15:00,Boeing 737,160,Completed,1091.46,382.85,2118.86,729.85
F002089,R010,2025-05-20 18:30:00,Boeing 737,160,Completed,1026.23,371.15,1563.94,513.13
F002090,R010,2025-05-20 09:30:00,Airbus A320,180,Completed,947.74,377.47,2802.65,608.18
F002091,R001,2025-05-21 07:45:00,Boeing 737,160,Completed,12783.46,4723.51,2179.44,746.5
F002092,R001,2025-05-21 20:15:00,Airbus A320,180,Completed,12468.25,4726.16,2805.34,861.12
F002093,R002,2025-05-21 21:30:00,Boeing 737,160,Completed,14432.05,4789.12,2556.1,524.79
F002094,R002,2025-05-21 19:15:00,Airbus A320,180,Delayed,13698.78,4963.92,2033.0,925.91
F002095,R003,2025-05-21 14:45:00,Boeing 737,160,Delayed,9553.08,3714.62,2000.64,1499.76
F002096,R003,2025-05-21 12:45:00,Boeing 737,160,Completed,10808.04,3846.86,2159.21,754.22
F002097,R004,2025-05-21 18:45:00,Boeing 737,160,Completed,9297.98,3723.44,2286.92,1330.69
F002098,R004,2025-05-21 21:00:00,Boeing 737,160,Completed,9254.62,3605.61,2122.21,600.17
F002099,R005,2025-05-21 06:00:00,Boeing 737,160,Completed,2973.35,1198.52,2499.8,624.32
F002100,R005,2025-05-21 14:00:00,Boeing 737,160,Completed,3429.71,1159.81,1853.93,1268.27
F002101,R006,2025-05-21 14:00:00,Airbus A320,180,Completed,3103.19,1247.1,1598.67,1284.46
F002102,R007,2025-05-21 14:00:00,Airbus A320,180,Completed,3628.86,1294.56,2245.36,1412.58
F002103,R008,2025-05-21 13:00:00,Boeing 737,160,Completed,3499.59,1274.18,1680.42,914.58
F002104,R008,2025-05-21 15:00:00,Airbus A320,180,Completed,3813.23,1340.39,1722.66,984.96
F002105,R009,2025-05-21 21:45:00,Airbus A320,180,Completed,976.71,386.38,2643.29,936.89
F002106,R010,2025-05-21 22:30:00,Boeing 737,160,Completed,1130.46,371.98,1521.99,1211.49
F002107,R001,2025-05-22 11:45:00,Boeing 737,160,Completed,12322.87,4933.8,2273.36,1319.81
F002108,R001,2025-05-22 11:00:00,Boeing 737,160,Completed,13369.49,5118.81,2491.13,1159.26
F002109,R002,2025-05-22 09:00:00,Boeing 737,160,Completed,13256.88,5049.9,2422.81,1012.96
F002110,R002,2025-05-22 22:45:00,Boeing 737,160,Completed,14694.55,4743.83,2166.69,522.41
F002111,R003,2025-05-22 22:00:00,Boeing 737,160,Completed,11108.41,3850.05,2841.25,804.11
F002112,R003,2025-05-22 10:15:00,Boeing 737,160,Completed,10054.09,3832.36,2034.08,1013.15
F002113,R004,2025-05-22 20:30:00,Airbus A320,180,Completed,11031.25,3706.44,1592.57,525.69
F002114,R005,2025-05-22 19:45:00,Airbus A320,180,Completed,3249.54,1139.73,2763.89,1342.12
F002115,R006,2025-05-22 08:30:00,Airbus A320,180,Completed,3000.09,1205.58,1626.05,657.83
F002116,R006,2025-05-22 21:30:00,Boeing 737,160,Completed,3332.28,1178.91,2855.72,650.44
F002117,R007,2025-05-22 21:00:00,Airbus A320,180,Completed,3203.36,1263.37,2570.07,758.65
F002118,R007,2025-05-22 08:45:00,Boeing 737,160,Completed,3422.99,1223.54,2849.38,1142.33
F002119,R008,2025-05-22 21:30:00,Boeing 737,160,Completed,3407.96,1266.28,1660.51,1431.01
F002120,R009,2025-05-22 11:30:00,Boeing 737,160,Completed,1107.65,389.94,2553.02,783.04
F002121,R009,2025-05-22 18:45:00,Boeing 737,160,Completed,1073.83,390.29,2143.96,765.64
F002122,R010,2025-05-22 10:00:00,Airbus A320,180,Completed,928.04,376.28,1653.31,642.34
F002123,R010,2025-05-22 17:15:00,Airbus A320,180,Completed,982.26,375.75,1500.51,1467.66
F002124,R001,2025-05-23 14:45:00,Boeing 737,160,Completed,13923.08,5138.27,1706.19,758.53
F002125,R002,2025-05-23 10:45:00,Boeing 737,160,Delayed,13408.08,5011.0,1595.11,799.9
F002126,R002,2025-05-23 12:00:00,Boeing 737,160,Completed,13225.22,5076.47,2399.54,1314.86
F002127,R003,2025-05-23 19:00:00,Boeing 737,160,Completed,9570.92,3773.12,2841.66,841.73
F002128,R004,2025-05-23 07:30:00,Airbus A320,180,Completed,10267.31,3542.25,1998.68,1330.06
F002129,R005,2025-05-23 11:30:00,Airbus A320,180,Completed,3430.66,1187.48,1893.27,1116.28
F002130,R006,2025-05-23 16:00:00,Boeing 737,160,Completed,3395.73,1161.1,2681.55,916.39
F002131,R006,2025-05-23 08:45:00,Airbus A320,180,Completed,3526.12,1239.25,1598.0,1015.79
F002132,R007,2025-05-23 07:00:00,Airbus A320,180,Completed,3498.51,1288.56,1645.35,579.62
F002133,R007,2025-05-23 14:45:00,Boeing 737,160,Completed,3728.06,1325.55,2433.82,1419.12
F002134,R008,2025-05-23 14:45:00,Boeing 737,160,Cancelled,3665.73,1292.48,2544.72,1049.55
F002135,R008,2025-05-23 15:45:00,Airbus A320,180,Completed,3658.54,1329.02,1990.99,1088.35
F002136,R009,2025-05-23 07:00:00,Boeing 737,160,Completed,1051.89,382.32,2519.28,558.59
F002137,R009,2025-05-23 21:30:00,Boeing 737,160,Completed,1069.02,369.57,2542.15,851.26
F002138,R010,2025-05-23 21:00:00,Airbus A320,180,Completed,1066.09,357.61,2748.79,1037.82
F002139,R001,2025-05-24 12:45:00,Airbus A320,180,Completed,12927.94,5185.55,2471.43,600.01
F002140,R001,2025-05-24 14:30:00,Airbus A320,180,Delayed,13883.37,4890.1,1511.52,524.77
F002141,R002,2025-05-24 10:30:00,Airbus A320,180,Completed,12738.38,4847.69,2064.5,875.04
F002142,R002,2025-05-24 14:45:00,Airbus A320,180,Completed,13605.7,4727.25,2683.77,762.13
F002143,R003,2025-05-24 15:30:00,Airbus A320,180,Completed,10894.53,3688.32,2164.64,1037.52
F002144,R004,2025-05-24 20:30:00,Airbus A320,180,Completed,11096.74,3578.39,2259.63,1108.61
F002145,R005,2025-05-24 10:15:00,Airbus A320,180,Completed,3108.94,1176.65,2071.89,630.81
F002146,R005,2025-05-24 11:45:00,Airbus A320,180,Completed,3398.07,1135.04,2094.74,834.0
F002147,R006,2025-05-24 13:00:00,Boeing 737,160,Completed,3394.28,1208.82,1740.4,686.74
F002148,R006,2025-05-24 11:15:00,Airbus A320,180,Completed,3058.59,1219.13,2177.89,1464.33
F002149,R007,2025-05-24 21:30:00,Airbus A320,180,Completed,3267.67,1258.41,1601.0,527.75
F002150,R007,2025-05-24 08:15:00,Airbus A320,180,Completed,3672.97,1230.71,2058.76,1472.41
F002151,R008,2025-05-24 22:45:00,Boeing 737,160,Completed,3177.26,1333.85,2305.28,608.35
F002152,R008,2025-05-24 22:45:00,Airbus A320,180,Completed,3674.25,1345.03,1691.78,1374.62
F002153,R009,2025-05-24 17:45:00,Boeing 737,160,Completed,1117.15,365.52,1702.37,1218.28
F002154,R010,2025-05-24 11:45:00,Boeing 737,160,Completed,955.94,359.45,1746.94,703.89
F002155,R010,2025-05-24 14:15:00,Airbus A320,180,Completed,996.03,371.39,2544.65,1229.5
F002156,R001,2025-05-25 20:30:00,Boeing 737,160,Completed,13254.48,4833.54,2271.08,809.76
F002157,R002,2025-05-25 13:30:00,Airbus A320,180,Completed,13236.87,5074.95,2925.04,547.15
F002158,R003,2025-05-25 14:30:00,Airbus A320,180,Completed,9716.84,3679.9,2609.65,1369.87
F002159,R003,2025-05-25 08:00:00,Boeing 737,160,Completed,11055.53,3564.32,2569.39,947.45
F002160,R004,2025-05-25 08:45:00,Airbus A320,180,Delayed,10967.62,3654.39,1809.42,1164.5
F002161,R004,2025-05-25 11:45:00,Boeing 737,160,Completed,9200.05,3827.72,2332.63,879.51
F002162,R005,2025-05-25 08:45:00,Airbus A320,180,Completed,3406.97,1206.42,1591.17,1346.79
F002163,R006,2025-05-25 13:00:00,Airbus A320,180,Completed,3155.24,1204.08,1549.8,1108.88
F002164,R006,2025-05-25 13:30:00,Boeing 737,160,Delayed,3114.6,1234.78,1996.54,729.52
F002165,R007,2025-05-25 06:00:00,Boeing 737,160,Completed,3535.87,1309.58,2094.51,974.17
F002166,R007,2025-05-25 15:00:00,Airbus A320,180,Completed,3416.45,1239.98,1881.15,1416.79
F002167,R008,2025-05-25 14:30:00,Airbus A320,180,Delayed,3210.66,1286.07,2729.17,1379.01
F002168,R008,2025-05-25 08:45:00,Boeing 737,160,Completed,3490.48,1318.44,1660.73,1141.79
F002169,R009,2025-05-25 13:00:00,Boeing 737,160,Completed,1036.03,391.22,2268.74,755.46
F002170,R009,2025-05-25 18:45:00,Boeing 737,160,Completed,1107.65,383.89,2398.28,806.08
F002171,R010,2025-05-25 21:15:00,Airbus A320,180,Completed,947.18,386.71,2521.54,753.79
F002172,R010,2025-05-25 13:00:00,Boeing 737,160,Completed,1102.93,392.19,2310.67,1463.51
F002173,R001,2025-05-26 11:30:00,Boeing 737,160,Completed,14713.91,5114.16,2473.05,1092.39
F002174,R001,2025-05-26 11:15:00,Boeing 737,160,Delayed,13797.67,4753.59,2963.68,1485.33
F002175,R002,2025-05-26 06:45:00,Boeing 737,160,Completed,14820.48,4982.96,2975.11,1017.08
F002176,R002,2025-05-26 22:00:00,Boeing 737,160,Completed,12708.04,4762.46,2724.32,514.9
F002177,R003,2025-05-26 11:00:00,Boeing 737,160,Completed,9265.69,3700.13,2191.96,879.4
F002178,R004,2025-05-26 06:45:00,Airbus A320,180,Completed,9384.83,3709.63,2726.74,689.35
F002179,R005,2025-05-26 08:30:00,Boeing 737,160,Completed,3539.64,1156.55,2329.55,1428.56
F002180,R005,2025-05-26 13:00:00,Boeing 737,160,Completed,3453.98,1161.43,2674.56,1266.43
F002181,R006,2025-05-26 12:30:00,Airbus A320,180,Delayed,3207.32,1245.31,1974.59,1176.28
F002182,R007,2025-05-26 07:00:00,Boeing 737,160,Completed,3690.02,1345.41,2185.57,1251.6
F002183,R008,2025-05-26 06:30:00,Airbus A320,180,Completed,3838.18,1340.01,2382.49,937.53
F002184,R009,2025-05-26 16:00:00,Boeing 737,160,Delayed,1015.32,391.67,2502.66,922.08
F002185,R010,2025-05-26 08:00:00,Airbus A320,180,Completed,1114.1,366.49,1629.81,590.3
F002186,R001,2025-05-27 15:00:00,Airbus A320,180,Completed,13725.9,4752.28,2421.18,1422.39
F002187,R002,2025-05-27 21:00:00,Boeing 737,160,Completed,13251.18,4980.54,1791.97,919.69
F002188,R002,2025-05-27 12:30:00,Boeing 737,160,Completed,13280.14,5061.68,2346.9,905.26
F002189,R003,2025-05-27 20:00:00,Boeing 737,160,Completed,10234.09,3713.42,2280.06,1135.28
F002190,R003,2025-05-27 09:45:00,Airbus A320,180,Completed,10724.8,3534.22,1545.95,1302.85
F002191,R004,2025-05-27 11:30:00,Airbus A320,180,Completed,10851.31,3717.6,2845.19,523.37
F002192,R004,2025-05-27 13:15:00,Boeing 737,160,Completed,11053.1,3556.39,2821.77,1264.0
F002193,R005,2025-05-27 20:15:00,Airbus A320,180,Completed,2949.9,1244.76,2329.94,505.84
F002194,R005,2025-05-27 17:15:00,Boeing 737,160,Completed,3452.54,1171.51,2265.75,1471.52
F002195,R006,2025-05-27 20:45:00,Airbus A320,180,Completed,3130.3,1139.32,2621.93,988.28
F002196,R007,2025-05-27 11:00:00,Boeing 737,160,Completed,3554.98,1320.11,2467.47,644.65
F002197,R007,2025-05-27 08:45:00,Boeing 737,160,Completed,3480.19,1240.59,1711.37,1443.03
F002198,R008,2025-05-27 22:00:00,Airbus A320,180,Completed,3210.6,1308.55,2993.55,1383.88
F002199,R008,2025-05-27 17:30:00,Boeing 737,160,Completed,3247.15,1288.87,2521.52,872.85
F002200,R009,2025-05-27 16:45:00,Boeing 737,160,Completed,926.24,376.92,1689.49,1369.64
F002201,R010,2025-05-27 06:00:00,Boeing 737,160,Delayed,938.69,370.23,2888.01,1398.48
F002202,R010,2025-05-27 19:30:00,Boeing 737,160,Delayed,1020.14,363.2,1704.02,1347.62
F002203,R001,2025-05-28 11:15:00,Airbus A320,180,Completed,14667.26,5140.81,1920.0,558.41
F002204,R001,2025-05-28 21:15:00,Boeing 737,160,Completed,14126.64,5057.45,1860.56,636.25
F002205,R002,2025-05-28 08:45:00,Airbus A320,180,Completed,12268.26,4735.13,2679.45,1442.97
F002206,R002,2025-05-28 07:00:00,Boeing 737,160,Completed,13814.95,5184.99,2415.63,1343.84
F002207,R003,2025-05-28 08:30:00,Boeing 737,160,Completed,10005.59,3783.39,1565.43,862.73
F002208,R004,2025-05-28 07:15:00,Boeing 737,160,Completed,9226.74,3678.11,2714.49,1093.65
F002209,R004,2025-05-28 06:00:00,Airbus A320,180,Completed,9658.4,3766.08,2981.96,586.62
F002210,R005,2025-05-28 16:30:00,Boeing 737,160,Completed,3470.03,1145.33,2351.23,968.33
F002211,R005,2025-05-28 12:45:00,Airbus A320,180,Completed,3026.23,1159.14,2934.82,1265.99
F002212,R006,2025-05-28 08:15:00,Airbus A320,180,Completed,3072.41,1165.53,2307.63,713.22
F002213,R006,2025-05-28 08:00:00,Airbus A320,180,Completed,3157.42,1146.86,2662.02,1163.99
F002214,R007,2025-05-28 13:15:00,Boeing 737,160,Completed,3503.13,1255.95,2956.23,1283.67
F002215,R007,2025-05-28 17:45:00,Airbus A320,180,Completed,3542.44,1330.88,1862.93,1371.36
F002216,R008,2025-05-28 19:00:00,Airbus A320,180,Completed,3780.78,1343.41,2153.13,1245.33
F002217,R009,2025-05-28 12:15:00,Airbus A320,180,Completed,1108.93,390.12,2255.07,1047.16
F002218,R009,2025-05-28 11:30:00,Boeing 737,160,Completed,1004.36,392.0,2861.63,1469.05
F002219,R010,2025-05-28 18:15:00,Boeing 737,160,Completed,993.71,357.28,2724.46,1427.01
F002220,R010,2025-05-28 07:45:00,Airbus A320,180,Completed,1018.01,367.85,1620.09,1460.92
F002221,R001,2025-05-29 12:15:00,Boeing 737,160,Completed,13868.6,4970.22,1999.96,1265.66
F002222,R002,2025-05-29 07:45:00,Airbus A320,180,Delayed,14240.36,5032.21,2400.13,1389.48
F002223,R003,2025-05-29 08:00:00,Airbus A320,180,Completed,10719.35,3854.97,1642.13,1486.28
F002224,R004,2025-05-29 10:30:00,Airbus A320,180,Delayed,10567.57,3671.76,2083.6,1186.74
F002225,R005,2025-05-29 11:00:00,Airbus A320,180,Completed,3408.84,1172.67,1850.71,1317.57
F002226,R006,2025-05-29 08:15:00,Boeing 737,160,Completed,3523.77,1207.82,1773.36,1401.12
F002227,R006,2025-05-29 17:00:00,Boeing 737,160,Completed,3043.48,1178.22,2718.68,1418.97
F002228,R007,2025-05-29 16:00:00,Airbus A320,180,Completed,3324.26,1310.14,1774.64,1378.51
F002229,R008,2025-05-29 20:30:00,Boeing 737,160,Completed,3481.83,1223.52,2752.13,599.89
F002230,R008,2025-05-29 20:15:00,Boeing 737,160,Completed,3499.9,1288.51,2896.13,1208.3
F002231,R009,2025-05-29 06:15:00,Boeing 737,160,Completed,935.55,392.05,1931.77,1177.54
F002232,R009,2025-05-29 12:30:00,Boeing 737,160,Completed,967.46,388.86,1677.78,777.43
F002233,R010,2025-05-29 07:15:00,Airbus A320,180,Completed,935.03,378.17,2958.46,784.21
F002234,R001,2025-05-30 15:00:00,Boeing 737,160,Completed,14947.85,4869.22,2423.06,1391.91
F002235,R002,2025-05-30 17:15:00,Airbus A320,180,Completed,14118.95,4871.03,1568.56,887.92
F002236,R002,2025-05-30 07:00:00,Airbus A320,180,Completed,14875.07,4984.35,2366.41,1144.13
F002237,R003,2025-05-30 19:00:00,Boeing 737,160,Completed,10247.9,3772.16,2216.25,544.09
F002238,R003,2025-05-30 13:45:00,Airbus A320,180,Completed,10547.72,3553.66,2834.65,717.8
F002239,R004,2025-05-30 15:30:00,Airbus A320,180,Completed,10887.85,3514.97,2088.95,958.48
F002240,R005,2025-05-30 16:30:00,Boeing 737,160,Completed,3082.72,1203.79,2742.66,572.88
F002241,R006,2025-05-30 18:30:00,Airbus A320,180,Completed,3025.25,1175.07,1928.8,959.38
F002242,R007,2025-05-30 11:00:00,Boeing 737,160,Completed,3639.37,1291.32,2668.65,718.84
F002243,R007,2025-05-30 13:30:00,Airbus A320,180,Completed,3776.52,1226.84,2605.84,531.95
F002244,R008,2025-05-30 19:00:00,Airbus A320,180,Completed,3345.2,1299.59,2938.61,1055.79
F002245,R009,2025-05-30 22:30:00,Boeing 737,160,Completed,928.52,388.45,1674.97,884.03
F002246,R009,2025-05-30 20:15:00,Boeing 737,160,Completed,1052.42,355.54,2844.58,834.51
F002247,R010,2025-05-30 16:45:00,Airbus A320,180,Completed,1101.98,387.49,1631.59,1093.42
F002248,R010,2025-05-30 19:30:00,Boeing 737,160,Completed,1006.95,363.94,2764.75,919.08
F002249,R001,2025-05-31 06:15:00,Airbus A320,180,Completed,13258.69,4960.23,1616.61,961.94
F002250,R002,2025-05-31 06:15:00,Boeing 737,160,Completed,14721.46,4759.19,2701.73,1341.85
F002251,R002,2025-05-31 13:00:00,Boeing 737,160,Completed,12765.93,5049.21,1752.37,1147.03
F002252,R003,2025-05-31 08:30:00,Boeing 737,160,Completed,10198.19,3843.32,2584.18,1186.4
F002253,R004,2025-05-31 19:00:00,Boeing 737,160,Completed,10159.36,3585.46,2057.14,1050.24
F002254,R005,2025-05-31 16:45:00,Airbus A320,180,Completed,3049.73,1210.66,2072.58,1016.76
F002255,R006,2025-05-31 16:15:00,Airbus A320,180,Completed,3289.85,1224.63,2405.81,715.95
F002256,R007,2025-05-31 10:45:00,Boeing 737,160,Completed,3739.64,1253.3,2942.17,810.99
F002257,R007,2025-05-31 07:00:00,Boeing 737,160,Completed,3291.49,1314.56,1743.77,553.97
F002258,R008,2025-05-31 15:15:00,Boeing 737,160,Completed,3268.33,1339.11,1588.74,588.68
F002259,R009,2025-05-31 21:30:00,Boeing 737,160,Completed,1076.05,389.88,2790.38,1247.77
F002260,R009,2025-05-31 08:45:00,Airbus A320,180,Completed,1044.4,381.87,2551.65,1173.13
F002261,R010,2025-05-31 10:00:00,Boeing 737,160,Completed,1126.96,365.66,2571.59,649.27
F002262,R001,2025-06-01 10:45:00,Airbus A320,180,Completed,13229.1,5163.03,2543.18,603.24
F002263,R002,2025-06-01 12:00:00,Boeing 737,160,Completed,13621.59,4909.37,2829.5,907.16
F002264,R002,2025-06-01 18:15:00,Boeing 737,160,Completed,14108.49,5110.81,2016.65,1293.05
F002265,R003,2025-06-01 20:45:00,Airbus A320,180,Completed,9860.31,3840.82,1643.93,1037.27
F002266,R004,2025-06-01 08:00:00,Boeing 737,160,Completed,11149.35,3540.5,2523.95,1312.95
F002267,R005,2025-06-01 21:30:00,Airbus A320,180,Completed,3505.61,1133.46,2917.34,1082.04
F002268,R006,2025-06-01 09:00:00,Airbus A320,180,Delayed,3102.3,1243.28,2311.82,775.91
F002269,R007,2025-06-01 18:15:00,Boeing 737,160,Completed,3573.09,1320.65,1804.54,618.52
F002270,R007,2025-06-01 21:00:00,Boeing 737,160,Completed,3431.65,1289.33,2052.86,1341.24
F002271,R008,2025-06-01 20:00:00,Airbus A320,180,Completed,3337.85,1268.41,1729.46,1070.33
F002272,R008,2025-06-01 18:30:00,Airbus A320,180,Completed,3215.57,1292.41,2668.2,1283.22
F002273,R009,2025-06-01 07:45:00,Airbus A320,180,Completed,1006.18,362.64,1959.25,1270.21
F002274,R009,2025-06-01 13:45:00,Airbus A320,180,Completed,927.41,379.51,2065.39,953.62
F002275,R010,2025-06-01 11:45:00,Boeing 737,160,Completed,1014.89,386.49,1632.69,1468.66
F002276,R001,2025-06-02 12:45:00,Boeing 737,160,Completed,14754.96,5068.23,2911.26,1054.81
F002277,R001,2025-06-02 16:30:00,Boeing 737,160,Cancelled,12527.34,4957.27,2269.86,1386.28
F002278,R002,2025-06-02 21:00:00,Airbus A320,180,Completed,12652.87,4821.35,1966.7,1320.66
F002279,R003,2025-06-02 18:30:00,Boeing 737,160,Completed,9545.88,3632.5,1859.13,633.98
F002280,R004,2025-06-02 20:15:00,Airbus A320,180,Delayed,10491.52,3642.04,1853.78,745.52
F002281,R004,2025-06-02 12:00:00,Boeing 737,160,Completed,9295.17,3768.21,2048.77,1168.46
F002282,R005,2025-06-02 18:00:00,Airbus A320,180,Completed,3580.72,1160.33,2795.35,1278.36
F002283,R005,2025-06-02 18:30:00,Airbus A320,180,Completed,3156.46,1182.48,2380.24,1394.91
F002284,R006,2025-06-02 16:15:00,Airbus A320,180,Completed,3572.17,1180.47,2346.48,1491.13
F002285,R006,2025-06-02 14:45:00,Airbus A320,180,Delayed,3548.74,1199.24,2254.18,1462.28
F002286,R007,2025-06-02 19:15:00,Airbus A320,180,Completed,3262.13,1240.6,1928.33,522.13
F002287,R008,2025-06-02 16:30:00,Boeing 737,160,Completed,3747.44,1241.66,2098.65,642.6
F002288,R009,2025-06-02 18:45:00,Airbus A320,180,Completed,1099.31,362.1,2780.17,739.53
F002289,R009,2025-06-02 20:30:00,Boeing 737,160,Completed,974.94,384.36,2382.75,618.66
F002290,R010,2025-06-02 18:00:00,Airbus A320,180,Completed,936.48,380.27,1897.16,1044.46
F002291,R001,2025-06-03 13:15:00,Airbus A320,180,Completed,14474.38,4851.49,1975.1,808.95
F002292,R002,2025-06-03 20:45:00,Boeing 737,160,Completed,14042.07,4929.16,1656.37,1407.46
F002293,R003,2025-06-03 06:00:00,Airbus A320,180,Completed,11046.76,3810.86,2879.63,642.09
F002294,R004,2025-06-03 08:30:00,Airbus A320,180,Completed,9325.28,3851.69,1921.28,656.42
F002295,R005,2025-06-03 14:15:00,Airbus A320,180,Completed,3521.29,1188.65,2190.98,767.06
F002296,R005,2025-06-03 21:00:00,Boeing 737,160,Completed,3265.18,1204.97,1745.4,1148.1
F002297,R006,2025-06-03 22:45:00,Airbus A320,180,Completed,3512.23,1226.06,1833.85,944.71
F002298,R007,2025-06-03 10:45:00,Airbus A320,180,Completed,3653.81,1270.04,1792.47,503.41
F002299,R007,2025-06-03 14:00:00,Boeing 737,160,Completed,3825.17,1298.58,2035.66,652.5
F002300,R008,2025-06-03 08:00:00,Airbus A320,180,Completed,3402.45,1284.45,2976.13,536.37
F002301,R008,2025-06-03 10:45:00,Boeing 737,160,Completed,3687.31,1226.32,1779.46,963.11
F002302,R009,2025-06-03 09:45:00,Boeing 737,160,Completed,1049.94,363.78,2360.5,1291.76
F002303,R010,2025-06-03 18:00:00,Airbus A320,180,Completed,1130.0,389.28,1797.69,698.12
F002304,R001,2025-06-04 17:15:00,Airbus A320,180,Completed,12730.44,5059.32,2401.4,686.49
F002305,R001,2025-06-04 21:15:00,Airbus A320,180,Completed,12599.24,4887.4,2423.06,1327.25
F002306,R002,2025-06-04 13:15:00,Boeing 737,160,Completed,12661.74,5045.65,2722.02,726.84
F002307,R003,2025-06-04 22:15:00,Boeing 737,160,Completed,9721.15,3822.28,2536.78,1328.31
F002308,R004,2025-06-04 17:15:00,Boeing 737,160,Completed,9597.91,3664.98,2260.91,1471.99
F002309,R005,2025-06-04 18:00:00,Boeing 737,160,Completed,3300.47,1183.14,2267.18,889.09
F002310,R005,2025-06-04 21:00:00,Boeing 737,160,Completed,3482.47,1152.35,1557.86,514.16
F002311,R006,2025-06-04 10:45:00,Boeing 737,160,Completed,3171.75,1229.02,2735.44,1053.62
F002312,R007,2025-06-04 08:45:00,Airbus A320,180,Completed,3823.79,1315.59,2301.2,758.27
F002313,R008,2025-06-04 21:15:00,Airbus A320,180,Completed,3485.04,1251.57,1717.72,1479.68
F002314,R008,2025-06-04 12:15:00,Boeing 737,160,Completed,3844.41,1335.8,2262.54,1134.74
F002315,R009,2025-06-04 14:15:00,Airbus A320,180,Completed,1040.89,380.37,2610.85,654.28
F002316,R009,2025-06-04 11:15:00,Airbus A320,180,Completed,1008.96,369.4,2731.58,1117.93
F002317,R010,2025-06-04 12:30:00,Boeing 737,160,Completed,1110.82,364.36,2845.63,1290.36
F002318,R010,2025-06-04 21:15:00,Boeing 737,160,Completed,1101.54,359.59,1583.13,896.82
F002319,R001,2025-06-05 14:00:00,Boeing 737,160,Cancelled,12268.44,5033.66,1843.67,1058.89
F002320,R001,2025-06-05 15:00:00,Airbus A320,180,Completed,12655.53,5142.3,1607.61,1274.77
F002321,R002,2025-06-05 18:00:00,Airbus A320,180,Completed,14058.91,4815.97,2742.26,973.53
F002322,R003,2025-06-05 18:00:00,Airbus A320,180,Completed,10621.05,3799.35,1567.55,818.42
F002323,R003,2025-06-05 08:15:00,Boeing 737,160,Completed,9885.54,3665.46,2580.57,572.02
F002324,R004,2025-06-05 16:45:00,Airbus A320,180,Completed,9172.03,3851.99,1636.99,1220.9
F002325,R004,2025-06-05 12:30:00,Airbus A320,180,Completed,10248.69,3639.48,1777.29,977.16
F002326,R005,2025-06-05 10:00:00,Airbus A320,180,Completed,3050.55,1244.6,2500.0,571.12
F002327,R006,2025-06-05 09:15:00,Boeing 737,160,Completed,3038.1,1137.31,1802.68,743.65
F002328,R006,2025-06-05 19:45:00,Airbus A320,180,Completed,3287.9,1205.5,2108.98,1066.39
F002329,R007,2025-06-05 12:00:00,Boeing 737,160,Completed,3473.58,1332.41,1846.99,1297.89
F002330,R007,2025-06-05 11:15:00,Airbus A320,180,Completed,3632.7,1304.43,1542.48,1459.14
F002331,R008,2025-06-05 19:30:00,Boeing 737,160,Completed,3765.7,1337.89,2911.06,1184.94
F002332,R008,2025-06-05 15:15:00,Boeing 737,160,Completed,3597.86,1298.66,2073.35,808.77
F002333,R009,2025-06-05 22:30:00,Boeing 737,160,Completed,973.61,360.71,1737.81,1086.09
F002334,R010,2025-06-05 06:30:00,Airbus A320,180,Completed,1091.76,365.48,1924.18,1140.08
F002335,R010,2025-06-05 15:45:00,Boeing 737,160,Delayed,1071.9,355.34,2131.3,1061.26
F002336,R001,2025-06-06 15:30:00,Airbus A320,180,Completed,13602.73,4849.88,2171.74,950.14
F002337,R001,2025-06-06 15:00:00,Airbus A320,180,Completed,14473.4,4893.4,2021.34,1190.63
F002338,R002,2025-06-06 14:30:00,Boeing 737,160,Completed,12314.01,4823.41,1972.1,720.59
F002339,R003,2025-06-06 07:45:00,Airbus A320,180,Completed,10285.08,3735.0,2944.33,941.38
F002340,R004,2025-06-06 17:15:00,Airbus A320,180,Completed,9590.0,3583.41,2542.08,1093.56
F002341,R005,2025-06-06 11:30:00,Airbus A320,180,Completed,3012.25,1191.45,2194.01,1174.42
F002342,R006,2025-06-06 15:15:00,Boeing 737,160,Completed,3497.86,1201.55,2874.25,1120.76
F002343,R006,2025-06-06 16:45:00,Airbus A320,180,Completed,3543.13,1177.78,2151.94,798.54
F002344,R007,2025-06-06 14:30:00,Boeing 737,160,Completed,3389.69,1250.9,1609.49,1396.69
F002345,R007,2025-06-06 09:45:00,Boeing 737,160,Completed,3703.88,1248.98,2558.53,1357.72
F002346,R008,2025-06-06 20:30:00,Boeing 737,160,Completed,3578.33,1252.47,2114.88,517.18
F002347,R008,2025-06-06 11:15:00,Boeing 737,160,Completed,3206.61,1259.97,2130.19,1105.44
F002348,R009,2025-06-06 12:30:00,Boeing 737,160,Completed,976.91,359.18,1511.96,1394.22
F002349,R009,2025-06-06 20:15:00,Boeing 737,160,Completed,1067.84,359.61,2218.11,543.35
F002350,R010,2025-06-06 15:30:00,Boeing 737,160,Completed,984.7,381.84,2119.2,836.68
F002351,R010,2025-06-06 10:15:00,Boeing 737,160,Completed,975.93,356.9,1917.21,932.84
F002352,R001,2025-06-07 18:00:00,Boeing 737,160,Completed,14221.07,4813.11,1581.91,527.39
F002353,R001,2025-06-07 17:00:00,Boeing 737,160,Completed,14371.49,4803.5,2795.66,833.32
F002354,R002,2025-06-07 17:45:00,Boeing 737,160,Completed,13151.76,4869.5,2516.31,971.35
F002355,R002,2025-06-07 06:45:00,Boeing 737,160,Completed,14763.29,5004.19,2916.57,761.09
F002356,R003,2025-06-07 15:15:00,Airbus A320,180,Completed,10550.52,3653.81,1831.93,572.48
F002357,R003,2025-06-07 17:00:00,Boeing 737,160,Completed,9740.02,3575.17,2743.22,657.57
F002358,R004,2025-06-07 07:15:00,Boeing 737,160,Completed,9767.24,3615.49,1897.68,707.91
F002359,R005,2025-06-07 06:30:00,Boeing 737,160,Completed,3373.69,1213.45,2123.53,1241.45
F002360,R006,2025-06-07 06:00:00,Airbus A320,180,Completed,3404.71,1235.19,2353.62,780.58
F002361,R006,2025-06-07 07:15:00,Boeing 737,160,Delayed,3362.81,1244.11,2157.23,786.05
F002362,R007,2025-06-07 14:15:00,Boeing 737,160,Completed,3385.96,1325.78,1587.67,728.38
F002363,R007,2025-06-07 17:00:00,Boeing 737,160,Completed,3287.17,1289.57,2916.48,922.12
F002364,R008,2025-06-07 11:45:00,Airbus A320,180,Delayed,3687.56,1314.55,2638.16,698.97
F002365,R008,2025-06-07 10:15:00,Boeing 737,160,Completed,3179.52,1219.98,1995.28,1073.62
F002366,R009,2025-06-07 12:15:00,Boeing 737,160,Completed,972.9,363.51,1880.46,968.45
F002367,R010,2025-06-07 09:45:00,Airbus A320,180,Completed,1000.77,385.81,2156.31,926.87
F002368,R001,2025-06-08 17:30:00,Boeing 737,160,Completed,14697.81,4730.55,1916.99,870.2
F002369,R001,2025-06-08 07:00:00,Boeing 737,160,Completed,14729.37,5066.18,2334.19,758.32
F002370,R002,2025-06-08 11:15:00,Boeing 737,160,Completed,12841.45,5057.29,2926.14,631.81
F002371,R002,2025-06-08 10:30:00,Airbus A320,180,Completed,12436.66,5183.74,2372.29,1241.4
F002372,R003,2025-06-08 08:45:00,Boeing 737,160,Completed,11082.23,3751.78,1698.6,552.12
F002373,R004,2025-06-08 07:45:00,Airbus A320,180,Completed,10998.32,3603.0,2824.65,962.57
F002374,R004,2025-06-08 09:45:00,Airbus A320,180,Completed,9789.76,3603.56,1658.81,1286.66
F002375,R005,2025-06-08 14:00:00,Airbus A320,180,Completed,3175.37,1192.94,2305.23,1420.5
F002376,R006,2025-06-08 21:15:00,Airbus A320,180,Completed,3270.78,1239.22,1769.82,816.66
F002377,R007,2025-06-08 16:45:00,Airbus A320,180,Completed,3707.59,1254.02,1882.08,1007.13
F002378,R008,2025-06-08 13:45:00,Boeing 737,160,Completed,3615.19,1275.77,2654.13,576.31
F002379,R009,2025-06-08 09:15:00,Boeing 737,160,Completed,943.33,357.06,2296.37,1466.01
F002380,R010,2025-06-08 13:30:00,Airbus A320,180,Completed,1091.72,383.08,1574.99,1416.33
F002381,R001,2025-06-09 20:00:00,Airbus A320,180,Completed,13044.45,4720.35,2443.92,725.54
F002382,R002,2025-06-09 17:00:00,Airbus A320,180,Completed,14141.88,4790.71,1977.51,1385.75
F002383,R003,2025-06-09 21:00:00,Boeing 737,160,Completed,9494.08,3841.64,2918.02,1248.44
F002384,R004,2025-06-09 13:45:00,Boeing 737,160,Completed,9469.8,3640.58,1933.89,644.34
F002385,R005,2025-06-09 11:45:00,Airbus A320,180,Completed,3387.94,1159.57,2818.61,882.5
F002386,R005,2025-06-09 12:15:00,Boeing 737,160,Completed,3392.69,1225.59,1803.54,789.9
F002387,R006,2025-06-09 20:00:00,Airbus A320,180,Completed,3268.44,1190.21,2262.86,1080.11
F002388,R006,2025-06-09 16:00:00,Airbus A320,180,Completed,3243.89,1224.17,1515.49,874.19
F002389,R007,2025-06-09 22:30:00,Boeing 737,160,Completed,3604.53,1330.07,1784.2,1181.87
F002390,R007,2025-06-09 21:30:00,Boeing 737,160,Completed,3453.06,1299.26,1813.8,1447.63
F002391,R008,2025-06-09 19:15:00,Airbus A320,180,Completed,3303.38,1336.01,2211.25,1294.79
F002392,R008,2025-06-09 11:30:00,Boeing 737,160,Completed,3185.32,1228.23,2099.05,1042.74
F002393,R009,2025-06-09 10:00:00,Airbus A320,180,Completed,1043.46,389.99,1726.36,785.84
F002394,R010,2025-06-09 16:45:00,Boeing 737,160,Completed,934.3,377.42,1973.71,1164.84
F002395,R001,2025-06-10 13:45:00,Boeing 737,160,Delayed,13512.51,5059.0,1731.25,908.61
F002396,R001,2025-06-10 15:15:00,Boeing 737,160,Completed,13425.91,4740.12,2494.87,1123.5
F002397,R002,2025-06-10 16:00:00,Boeing 737,160,Completed,12808.72,4755.45,2482.05,1260.28
F002398,R003,2025-06-10 07:30:00,Boeing 737,160,Completed,10568.0,3565.38,2728.38,583.71
F002399,R004,2025-06-10 09:15:00,Boeing 737,160,Completed,9893.31,3616.71,2494.12,1383.44
F002400,R005,2025-06-10 10:45:00,Airbus A320,180,Completed,3290.38,1246.38,1946.93,508.44
F002401,R005,2025-06-10 09:30:00,Airbus A320,180,Completed,3303.77,1135.55,1963.96,805.59
F002402,R006,2025-06-10 06:00:00,Airbus A320,180,Completed,3056.38,1238.85,2873.35,997.83
F002403,R007,2025-06-10 13:30:00,Airbus A320,180,Completed,3720.06,1340.94,2456.71,781.77
F002404,R007,2025-06-10 18:30:00,Boeing 737,160,Completed,3593.04,1310.75,1826.57,1158.5
F002405,R008,2025-06-10 10:45:00,Boeing 737,160,Completed,3299.2,1242.68,1525.66,1190.18
F002406,R009,2025-06-10 15:15:00,Airbus A320,180,Completed,1035.06,385.06,1669.15,1232.74
F002407,R010,2025-06-10 08:45:00,Airbus A320,180,Delayed,957.21,383.74,2382.19,1094.06
F002408,R001,2025-06-11 22:00:00,Boeing 737,160,Completed,13649.76,4801.09,2603.03,519.9
F002409,R001,2025-06-11 13:45:00,Airbus A320,180,Completed,13366.99,5067.56,2617.69,1206.23
F002410,R002,2025-06-11 06:30:00,Boeing 737,160,Completed,14287.67,4969.42,1790.09,896.03
F002411,R003,2025-06-11 06:30:00,Boeing 737,160,Completed,9800.97,3573.66,1866.41,1029.46
F002412,R004,2025-06-11 06:30:00,Boeing 737,160,Completed,11015.81,3818.43,2423.92,1159.98
F002413,R005,2025-06-11 07:45:00,Airbus A320,180,Completed,3289.2,1179.94,2733.95,1256.29
F002414,R006,2025-06-11 13:15:00,Boeing 737,160,Completed,3516.61,1188.19,2839.44,1173.17
F002415,R007,2025-06-11 12:45:00,Airbus A320,180,Completed,3807.63,1228.58,2004.33,614.04
F002416,R008,2025-06-11 11:45:00,Airbus A320,180,Completed,3246.81,1273.55,1957.05,1276.97
F002417,R008,2025-06-11 06:00:00,Boeing 737,160,Completed,3282.28,1282.75,1735.28,1400.07
F002418,R009,2025-06-11 09:15:00,Airbus A320,180,Completed,1110.31,372.54,2400.13,1356.14
F002419,R010,2025-06-11 16:00:00,Airbus A320,180,Completed,1121.61,373.34,2078.46,1150.64
F002420,R010,2025-06-11 19:30:00,Boeing 737,160,Completed,926.94,388.92,2307.34,600.45
F002421,R001,2025-06-12 13:00:00,Boeing 737,160,Completed,13522.9,4922.57,2114.63,960.64
F002422,R001,2025-06-12 22:00:00,Airbus A320,180,Completed,14891.9,4909.9,2779.84,1143.25
F002423,R002,2025-06-12 17:45:00,Boeing 737,160,Completed,14250.72,4710.73,2574.29,1231.88
F002424,R002,2025-06-12 18:45:00,Airbus A320,180,Completed,14145.92,5109.38,2300.8,1263.72
F002425,R003,2025-06-12 09:15:00,Airbus A320,180,Completed,10047.85,3621.13,2260.84,1065.5
F002426,R003,2025-06-12 11:30:00,Airbus A320,180,Completed,9591.57,3608.13,2152.73,1136.46
F002427,R004,2025-06-12 15:15:00,Boeing 737,160,Completed,10041.42,3739.04,1714.08,1117.34
F002428,R004,2025-06-12 19:30:00,Boeing 737,160,Completed,10690.03,3719.36,2094.54,521.59
F002429,R005,2025-06-12 20:30:00,Airbus A320,180,Completed,3106.86,1170.41,2426.71,1070.98
F002430,R006,2025-06-12 14:00:00,Boeing 737,160,Completed,3464.8,1223.88,2770.47,612.54
F002431,R006,2025-06-12 20:15:00,Airbus A320,180,Completed,3488.43,1190.26,2444.87,706.26
F002432,R007,2025-06-12 18:30:00,Boeing 737,160,Cancelled,3359.96,1258.42,2688.5,666.67
F002433,R008,2025-06-12 06:30:00,Boeing 737,160,Completed,3256.34,1331.69,1547.1,898.47
F002434,R008,2025-06-12 20:00:00,Airbus A320,180,Completed,3455.14,1288.78,2852.6,518.08
F002435,R009,2025-06-12 14:30:00,Airbus A320,180,Completed,1032.63,384.1,1500.82,1377.26
F002436,R010,2025-06-12 07:30:00,Airbus A320,180,Completed,988.41,385.77,2326.6,1118.85
F002437,R001,2025-06-13 14:00:00,Airbus A320,180,Completed,13383.79,5130.92,1521.85,1425.45
F002438,R001,2025-06-13 20:30:00,Boeing 737,160,Completed,12379.87,4807.86,2519.49,1220.2
F002439,R002,2025-06-13 09:30:00,Boeing 737,160,Completed,12298.31,5181.78,2036.15,792.78
F002440,R002,2025-06-13 14:15:00,Airbus A320,180,Completed,14915.89,5031.66,2845.8,794.19
F002441,R003,2025-06-13 07:45:00,Boeing 737,160,Completed,10464.96,3703.38,1742.99,1378.19
F002442,R003,2025-06-13 07:00:00,Boeing 737,160,Completed,10419.06,3582.73,2058.54,1187.93
F002443,R004,2025-06-13 13:30:00,Airbus A320,180,Completed,9753.0,3865.13,1697.29,1095.31
F002444,R005,2025-06-13 18:45:00,Airbus A320,180,Completed,3374.98,1242.02,2337.94,1429.13
F002445,R006,2025-06-13 11:30:00,Boeing 737,160,Completed,3187.17,1222.14,1689.07,823.61
F002446,R006,2025-06-13 17:45:00,Airbus A320,180,Completed,3029.77,1239.37,2652.18,684.24
F002447,R007,2025-06-13 09:00:00,Airbus A320,180,Completed,3339.29,1337.37,2471.27,794.9
F002448,R008,2025-06-13 14:45:00,Airbus A320,180,Completed,3511.68,1267.74,2311.78,1184.73
F002449,R009,2025-06-13 17:15:00,Airbus A320,180,Completed,992.76,358.9,2736.13,731.76
F002450,R009,2025-06-13 13:30:00,Boeing 737,160,Completed,1026.26,358.36,1705.77,833.02
F002451,R010,2025-06-13 12:00:00,Boeing 737,160,Completed,1069.95,387.53,2393.9,503.32
F002452,R010,2025-06-13 13:45:00,Boeing 737,160,Completed,1061.09,390.7,2895.78,567.99
F002453,R001,2025-06-14 13:15:00,Airbus A320,180,Completed,13597.94,4913.17,1906.05,1142.54
F002454,R001,2025-06-14 13:30:00,Airbus A320,180,Completed,14190.67,4861.51,1987.09,680.94
F002455,R002,2025-06-14 11:30:00,Boeing 737,160,Completed,14191.86,4857.25,2109.12,1477.5
F002456,R002,2025-06-14 16:45:00,Airbus A320,180,Completed,13925.45,4924.57,1582.11,1416.24
F002457,R003,2025-06-14 17:30:00,Boeing 737,160,Completed,9662.26,3675.06,1903.87,730.32
F002458,R004,2025-06-14 12:30:00,Boeing 737,160,Completed,9741.93,3830.02,2597.7,1353.17
F002459,R004,2025-06-14 15:00:00,Airbus A320,180,Completed,9379.51,3721.75,2553.49,1479.98
F002460,R005,2025-06-14 12:30:00,Airbus A320,180,Completed,3493.99,1200.24,1554.97,731.37
F002461,R005,2025-06-14 22:00:00,Boeing 737,160,Completed,3067.87,1191.55,2131.93,1373.85
F002462,R006,2025-06-14 12:15:00,Boeing 737,160,Completed,3219.38,1133.05,2211.65,1034.95
F002463,R007,2025-06-14 08:30:00,Boeing 737,160,Completed,3511.34,1278.82,1514.46,1327.21
F002464,R008,2025-06-14 11:30:00,Boeing 737,160,Completed,3393.97,1233.57,2537.26,908.59
F002465,R008,2025-06-14 12:30:00,Boeing 737,160,Completed,3513.25,1321.2,2267.79,601.53
F002466,R009,2025-06-14 17:45:00,Airbus A320,180,Completed,964.32,365.74,2072.27,587.62
F002467,R010,2025-06-14 20:45:00,Boeing 737,160,Completed,1047.53,370.17,2898.21,1486.94
F002468,R010,2025-06-14 13:15:00,Airbus A320,180,Completed,953.74,377.91,1885.43,876.07
F002469,R001,2025-06-15 14:30:00,Boeing 737,160,Completed,13910.86,4987.18,2685.44,1189.49
F002470,R001,2025-06-15 09:00:00,Airbus A320,180,Completed,13557.21,4988.33,2296.94,733.95
F002471,R002,2025-06-15 11:00:00,Boeing 737,160,Completed,13722.22,4905.25,2283.1,1404.6
F002472,R002,2025-06-15 11:30:00,Airbus A320,180,Completed,13005.21,5166.75,2664.72,797.54
F002473,R003,2025-06-15 17:45:00,Boeing 737,160,Completed,10276.95,3831.13,2735.83,1389.83
F002474,R003,2025-06-15 16:30:00,Boeing 737,160,Completed,11057.53,3781.31,2763.88,551.34
F002475,R004,2025-06-15 08:45:00,Airbus A320,180,Completed,10622.33,3732.32,2845.79,1345.73
F002476,R005,2025-06-15 10:30:00,Boeing 737,160,Completed,3358.02,1236.39,2177.78,581.95
F002477,R006,2025-06-15 16:30:00,Airbus A320,180,Completed,3544.98,1224.93,2684.86,1294.81
F002478,R007,2025-06-15 19:45:00,Boeing 737,160,Delayed,3541.77,1268.05,2285.06,583.0
F002479,R008,2025-06-15 06:15:00,Airbus A320,180,Completed,3703.17,1326.73,1671.12,581.92
F002480,R009,2025-06-15 21:00:00,Airbus A320,180,Completed,1120.09,367.89,1517.03,1321.07
F002481,R010,2025-06-15 09:45:00,Airbus A320,180,Completed,1044.36,369.15,1721.71,1361.44
F002482,R001,2025-06-16 12:15:00,Airbus A320,180,Completed,12494.72,5112.88,1969.62,1004.59
F002483,R001,2025-06-16 06:45:00,Boeing 737,160,Completed,14344.31,5033.62,1792.74,1173.33
F002484,R002,2025-06-16 09:00:00,Boeing 737,160,Completed,14394.58,4742.01,1872.93,1357.65
F002485,R003,2025-06-16 21:30:00,Boeing 737,160,Completed,10450.11,3623.75,1681.89,1223.51
F002486,R004,2025-06-16 07:30:00,Boeing 737,160,Completed,10875.05,3772.18,1564.07,827.74
F002487,R005,2025-06-16 15:15:00,Airbus A320,180,Completed,3075.28,1136.88,2014.88,1197.16
F002488,R006,2025-06-16 12:45:00,Airbus A320,180,Completed,3031.69,1180.86,1825.55,848.68
F002489,R006,2025-06-16 18:15:00,Boeing 737,160,Completed,3171.1,1223.46,1590.53,507.11
F002490,R007,2025-06-16 16:45:00,Boeing 737,160,Completed,3431.52,1340.41,2175.54,746.31
F002491,R007,2025-06-16 16:45:00,Airbus A320,180,Completed,3341.76,1280.38,1778.91,846.72
F002492,R008,2025-06-16 09:45:00,Airbus A320,180,Completed,3346.47,1340.53,2420.17,1160.02
F002493,R009,2025-06-16 21:45:00,Boeing 737,160,Completed,1019.64,387.29,2317.05,921.82
F002494,R010,2025-06-16 19:00:00,Airbus A320,180,Completed,1113.68,366.33,2281.86,877.71
F002495,R010,2025-06-16 14:30:00,Boeing 737,160,Completed,1093.71,380.84,1614.82,1393.3
F002496,R001,2025-06-17 16:15:00,Airbus A320,180,Completed,13708.91,5107.48,2878.57,909.59
F002497,R001,2025-06-17 14:00:00,Airbus A320,180,Completed,14873.93,4721.05,2503.92,1046.86
F002498,R002,2025-06-17 21:15:00,Boeing 737,160,Completed,12970.15,4943.37,1812.8,634.32
F002499,R003,2025-06-17 14:30:00,Airbus A320,180,Completed,10058.15,3702.66,2368.52,1091.98
F002500,R004,2025-06-17 06:45:00,Boeing 737,160,Completed,9987.28,3655.87,2542.76,1360.56
F002501,R005,2025-06-17 11:15:00,Airbus A320,180,Completed,3553.51,1189.09,2647.89,1371.17
F002502,R006,2025-06-17 09:15:00,Airbus A320,180,Completed,3291.59,1234.66,1703.68,990.96
F002503,R006,2025-06-17 20:30:00,Boeing 737,160,Completed,2954.2,1243.58,2709.07,1459.86
F002504,R007,2025-06-17 09:45:00,Airbus A320,180,Completed,3719.87,1316.06,1552.67,805.07
F002505,R008,2025-06-17 22:00:00,Airbus A320,180,Delayed,3317.88,1278.14,2477.85,859.14
F002506,R009,2025-06-17 13:15:00,Airbus A320,180,Completed,984.06,373.06,1520.89,751.07
F002507,R010,2025-06-17 06:00:00,Boeing 737,160,Completed,1119.44,368.36,2268.98,1136.92
F002508,R001,2025-06-18 06:15:00,Boeing 737,160,Completed,13329.08,4875.1,2681.29,1469.89
F002509,R001,2025-06-18 14:00:00,Boeing 737,160,Completed,14599.02,4817.66,1627.49,534.85
F002510,R002,2025-06-18 20:45:00,Boeing 737,160,Completed,12271.19,5077.69,1599.43,556.6
F002511,R002,2025-06-18 21:30:00,Boeing 737,160,Completed,13789.53,4781.48,2056.85,1280.78
F002512,R003,2025-06-18 07:45:00,Airbus A320,180,Completed,9338.3,3741.58,1716.66,1250.65
F002513,R004,2025-06-18 06:45:00,Boeing 737,160,Completed,10649.3,3870.31,2798.33,1074.34
F002514,R004,2025-06-18 12:15:00,Boeing 737,160,Completed,9895.51,3873.59,2762.97,1293.45
F002515,R005,2025-06-18 15:00:00,Airbus A320,180,Completed,3484.18,1211.03,2510.17,672.39
F002516,R006,2025-06-18 09:00:00,Boeing 737,160,Completed,3066.03,1174.05,2147.43,1187.54
F002517,R007,2025-06-18 07:45:00,Boeing 737,160,Completed,3278.23,1269.1,2541.69,669.84
F002518,R008,2025-06-18 07:00:00,Airbus A320,180,Completed,3722.53,1248.21,2839.89,914.1
F002519,R009,2025-06-18 08:30:00,Boeing 737,160,Completed,1009.84,375.63,1546.77,838.96
F002520,R010,2025-06-18 16:00:00,Boeing 737,160,Completed,945.35,364.4,2000.31,1297.94
F002521,R010,2025-06-18 06:00:00,Airbus A320,180,Completed,970.12,372.56,1784.26,1278.69
F002522,R001,2025-06-19 11:15:00,Boeing 737,160,Completed,12548.43,4970.07,2071.01,541.26
F002523,R001,2025-06-19 22:45:00,Boeing 737,160,Completed,14034.72,4947.83,1778.46,524.95
F002524,R002,2025-06-19 16:30:00,Airbus A320,180,Completed,14408.42,5196.9,1666.44,667.18
F002525,R002,2025-06-19 08:45:00,Boeing 737,160,Completed,13489.41,4854.16,2110.59,1483.25
F002526,R003,2025-06-19 13:30:00,Airbus A320,180,Completed,10877.58,3851.0,1697.62,860.55
F002527,R004,2025-06-19 18:00:00,Boeing 737,160,Completed,9832.82,3586.66,2381.57,1255.33
F002528,R005,2025-06-19 06:30:00,Airbus A320,180,Completed,3425.06,1181.59,2763.86,1383.3
F002529,R006,2025-06-19 06:15:00,Boeing 737,160,Completed,3215.16,1202.91,1973.71,724.65
F002530,R006,2025-06-19 10:45:00,Airbus A320,180,Completed,2991.86,1183.92,2727.51,1220.2
F002531,R007,2025-06-19 10:30:00,Airbus A320,180,Completed,3756.18,1263.94,2310.07,611.95
F002532,R008,2025-06-19 10:00:00,Boeing 737,160,Completed,3578.36,1232.06,2932.62,1037.02
F002533,R009,2025-06-19 11:45:00,Airbus A320,180,Completed,1129.99,381.6,2598.76,1302.33
F002534,R010,2025-06-19 14:45:00,Airbus A320,180,Completed,1088.39,389.27,2270.54,921.3
F002535,R010,2025-06-19 12:45:00,Airbus A320,180,Completed,1131.17,389.25,2250.3,769.23
F002536,R001,2025-06-20 14:00:00,Boeing 737,160,Completed,13444.58,5027.89,2964.63,1476.72
F002537,R001,2025-06-20 09:00:00,Airbus A320,180,Completed,13045.07,5121.45,1695.94,937.18
F002538,R002,2025-06-20 07:45:00,Boeing 737,160,Completed,13321.3,5178.66,2437.99,1333.61
F002539,R003,2025-06-20 13:30:00,Airbus A320,180,Completed,10173.02,3607.24,2916.82,539.07
F002540,R003,2025-06-20 11:00:00,Boeing 737,160,Completed,10303.44,3702.26,1977.84,931.69
F002541,R004,2025-06-20 06:15:00,Boeing 737,160,Completed,11163.98,3580.98,2590.28,1186.32
F002542,R005,2025-06-20 06:30:00,Airbus A320,180,Completed,2941.27,1153.33,1826.71,560.96
F002543,R006,2025-06-20 22:45:00,Boeing 737,160,Completed,3458.63,1216.96,2991.1,953.44
F002544,R007,2025-06-20 06:00:00,Boeing 737,160,Completed,3258.49,1233.17,2697.48,523.14
F002545,R008,2025-06-20 18:15:00,Boeing 737,160,Completed,3270.86,1281.29,2900.73,1242.16
F002546,R009,2025-06-20 07:45:00,Boeing 737,160,Completed,1037.09,382.72,1950.3,1488.99
F002547,R009,2025-06-20 08:45:00,Airbus A320,180,Completed,1131.34,369.83,1560.95,523.06
F002548,R010,2025-06-20 13:15:00,Airbus A320,180,Completed,950.07,358.92,2752.55,1453.09
F002549,R010,2025-06-20 08:00:00,Boeing 737,160,Completed,991.13,380.06,2332.94,869.38
F002550,R001,2025-06-21 16:15:00,Airbus A320,180,Completed,12659.85,4711.49,2453.88,1304.92
F002551,R001,2025-06-21 06:00:00,Airbus A320,180,Completed,12805.15,5080.01,1916.6,911.12
F002552,R002,2025-06-21 16:45:00,Airbus A320,180,Completed,13022.76,5143.33,1910.01,904.42
F002553,R002,2025-06-21 20:15:00,Boeing 737,160,Completed,12511.22,4975.02,1900.49,1143.96
F002554,R003,2025-06-21 10:00:00,Boeing 737,160,Completed,11007.17,3748.35,2270.01,1096.46
F002555,R004,2025-06-21 06:15:00,Airbus A320,180,Completed,9423.48,3703.4,2251.2,570.03
F002556,R004,2025-06-21 14:30:00,Boeing 737,160,Completed,10087.15,3798.95,2037.77,1470.94
F002557,R005,2025-06-21 15:15:00,Boeing 737,160,Completed,3165.36,1182.59,1512.63,587.19
F002558,R005,2025-06-21 09:15:00,Airbus A320,180,Completed,3010.33,1142.4,2128.01,569.44
F002559,R006,2025-06-21 16:30:00,Boeing 737,160,Completed,3127.74,1231.51,2096.37,1383.37
F002560,R007,2025-06-21 20:15:00,Boeing 737,160,Completed,3212.0,1272.57,1535.3,585.25
F002561,R008,2025-06-21 22:15:00,Airbus A320,180,Delayed,3234.06,1229.4,2818.47,1407.38
F002562,R009,2025-06-21 10:45:00,Boeing 737,160,Completed,997.82,359.98,2482.3,764.49
F002563,R010,2025-06-21 06:45:00,Airbus A320,180,Delayed,1015.18,367.46,2933.58,1271.9
F002564,R010,2025-06-21 14:30:00,Airbus A320,180,Completed,1074.87,391.6,1958.19,677.7
F002565,R001,2025-06-22 20:45:00,Boeing 737,160,Completed,14571.17,4850.92,2737.83,525.15
F002566,R002,2025-06-22 16:15:00,Boeing 737,160,Completed,13247.55,5058.49,2697.82,1483.04
F002567,R003,2025-06-22 21:15:00,Airbus A320,180,Completed,9614.64,3713.54,2132.78,991.17
F002568,R003,2025-06-22 19:15:00,Boeing 737,160,Completed,11046.87,3786.83,2624.18,626.22
F002569,R004,2025-06-22 11:45:00,Airbus A320,180,Cancelled,11141.63,3695.47,2770.96,1203.59
F002570,R004,2025-06-22 18:30:00,Airbus A320,180,Completed,11072.26,3823.41,1914.09,576.59
F002571,R005,2025-06-22 19:45:00,Airbus A320,180,Completed,3456.56,1163.46,2200.62,580.52
F002572,R005,2025-06-22 11:00:00,Boeing 737,160,Completed,3176.57,1132.94,2962.45,608.85
F002573,R006,2025-06-22 22:45:00,Airbus A320,180,Completed,3576.42,1143.52,1969.81,771.88
F002574,R006,2025-06-22 12:30:00,Boeing 737,160,Completed,3141.05,1178.41,2608.38,878.4
F002575,R007,2025-06-22 09:15:00,Boeing 737,160,Completed,3410.06,1299.59,2765.21,1104.6
F002576,R008,2025-06-22 11:30:00,Airbus A320,180,Completed,3578.26,1239.96,2954.84,1159.92
F002577,R008,2025-06-22 14:30:00,Boeing 737,160,Completed,3713.35,1230.86,2565.39,993.06
F002578,R009,2025-06-22 08:15:00,Airbus A320,180,Completed,976.89,387.36,2143.55,806.72
F002579,R010,2025-06-22 15:15:00,Boeing 737,160,Completed,1034.31,365.67,2702.06,1036.84
F002580,R010,2025-06-22 18:45:00,Airbus A320,180,Completed,1103.82,355.98,2770.11,1316.56
F002581,R001,2025-06-23 11:00:00,Boeing 737,160,Completed,14470.57,4886.18,1794.11,1249.75
F002582,R002,2025-06-23 11:15:00,Boeing 737,160,Completed,12573.77,4901.22,1966.43,1243.97
F002583,R003,2025-06-23 06:15:00,Airbus A320,180,Completed,9426.61,3770.84,2462.79,1005.24
F002584,R003,2025-06-23 07:00:00,Boeing 737,160,Completed,9469.0,3876.42,1802.47,1094.67
F002585,R004,2025-06-23 08:00:00,Airbus A320,180,Completed,9203.56,3512.28,1946.72,1436.79
F002586,R005,2025-06-23 13:00:00,Airbus A320,180,Completed,3428.74,1198.66,2199.95,1152.23
F002587,R006,2025-06-23 07:00:00,Airbus A320,180,Completed,3517.97,1147.08,2981.54,854.78
F002588,R006,2025-06-23 07:30:00,Boeing 737,160,Completed,3320.47,1162.45,2967.27,966.66
F002589,R007,2025-06-23 17:00:00,Boeing 737,160,Completed,3227.27,1340.74,2011.09,837.7
F002590,R007,2025-06-23 11:00:00,Boeing 737,160,Completed,3506.14,1239.24,2292.73,1367.23
F002591,R008,2025-06-23 22:00:00,Airbus A320,180,Completed,3269.97,1277.9,2640.68,1215.06
F002592,R008,2025-06-23 20:00:00,Airbus A320,180,Completed,3247.54,1221.42,2535.39,611.07
F002593,R009,2025-06-23 10:15:00,Boeing 737,160,Completed,1064.88,388.18,2382.12,1487.84
F002594,R009,2025-06-23 14:45:00,Airbus A320,180,Delayed,1085.05,375.33,2227.75,1337.5
F002595,R010,2025-06-23 20:45:00,Boeing 737,160,Completed,1110.71,355.56,2697.4,1047.03
F002596,R001,2025-06-24 17:45:00,Boeing 737,160,Completed,12291.35,5024.91,2503.69,793.16
F002597,R001,2025-06-24 10:15:00,Airbus A320,180,Completed,14875.76,4782.82,2736.36,890.7
F002598,R002,2025-06-24 18:45:00,Airbus A320,180,Completed,14556.98,4830.99,2499.57,519.92
F002599,R003,2025-06-24 17:00:00,Airbus A320,180,Completed,10396.15,3551.11,2367.1,1482.54
F002600,R003,2025-06-24 17:15:00,Boeing 737,160,Completed,9791.26,3779.06,2758.09,1394.65
F002601,R004,2025-06-24 18:00:00,Boeing 737,160,Completed,10113.08,3510.96,1796.44,546.42
F002602,R005,2025-06-24 11:30:00,Boeing 737,160,Completed,3399.52,1211.15,2430.0,1365.7
F002603,R005,2025-06-24 10:30:00,Airbus A320,180,Completed,3269.21,1154.78,1515.33,1412.87
F002604,R006,2025-06-24 08:00:00,Airbus A320,180,Completed,3501.02,1134.17,1651.4,1411.59
F002605,R006,2025-06-24 18:45:00,Airbus A320,180,Completed,3439.27,1213.46,2983.74,1198.29
F002606,R007,2025-06-24 13:15:00,Airbus A320,180,Completed,3337.01,1288.4,1640.21,825.85
F002607,R007,2025-06-24 09:30:00,Airbus A320,180,Completed,3469.52,1316.45,1733.2,1005.56
F002608,R008,2025-06-24 09:30:00,Airbus A320,180,Completed,3346.96,1261.1,2616.69,1414.39
F002609,R008,2025-06-24 09:15:00,Boeing 737,160,Completed,3811.65,1334.26,1994.27,598.48
F002610,R009,2025-06-24 17:45:00,Boeing 737,160,Delayed,995.87,365.01,2064.57,1438.89
F002611,R010,2025-06-24 20:15:00,Boeing 737,160,Completed,1076.71,356.01,1943.45,792.72
F002612,R001,2025-06-25 14:45:00,Airbus A320,180,Completed,13526.91,4720.66,1596.99,601.75
F002613,R001,2025-06-25 20:15:00,Boeing 737,160,Completed,14502.51,4932.1,2042.48,1305.51
F002614,R002,2025-06-25 13:45:00,Boeing 737,160,Completed,12840.71,4943.4,1960.34,728.27
F002615,R002,2025-06-25 06:15:00,Airbus A320,180,Completed,13058.49,4738.58,1952.57,1346.68
F002616,R003,2025-06-25 11:45:00,Boeing 737,160,Completed,9466.65,3571.18,1889.34,1251.74
F002617,R003,2025-06-25 22:45:00,Boeing 737,160,Completed,10952.05,3576.05,2274.29,800.26
F002618,R004,2025-06-25 20:45:00,Airbus A320,180,Completed,9646.71,3511.2,2479.05,877.25
F002619,R005,2025-06-25 10:45:00,Boeing 737,160,Completed,3502.01,1212.52,2914.62,708.25
F002620,R006,2025-06-25 21:45:00,Boeing 737,160,Completed,3174.31,1143.5,2839.67,931.24
F002621,R006,2025-06-25 22:45:00,Boeing 737,160,Delayed,3205.87,1208.41,1545.31,763.25
F002622,R007,2025-06-25 13:15:00,Boeing 737,160,Completed,3662.23,1317.92,2666.13,759.71
F002623,R007,2025-06-25 17:00:00,Boeing 737,160,Completed,3507.35,1291.96,2613.31,1456.99
F002624,R008,2025-06-25 20:45:00,Airbus A320,180,Completed,3720.47,1258.19,2522.72,1237.87
F002625,R008,2025-06-25 19:45:00,Boeing 737,160,Completed,3692.43,1282.02,2822.75,999.81
F002626,R009,2025-06-25 17:30:00,Boeing 737,160,Completed,1015.4,358.18,2556.7,527.62
F002627,R009,2025-06-25 22:30:00,Boeing 737,160,Completed,1099.48,373.13,2790.47,1249.58
F002628,R010,2025-06-25 20:15:00,Boeing 737,160,Completed,937.92,361.88,2915.54,647.23
F002629,R001,2025-06-26 09:00:00,Airbus A320,180,Completed,14511.29,5024.87,2235.14,1106.75
F002630,R002,2025-06-26 09:45:00,Boeing 737,160,Cancelled,12406.99,4848.29,2425.18,1043.2
F002631,R002,2025-06-26 09:30:00,Airbus A320,180,Completed,14530.39,4902.55,2330.19,532.38
F002632,R003,2025-06-26 09:45:00,Boeing 737,160,Completed,9558.7,3823.61,1768.76,529.59
F002633,R004,2025-06-26 19:00:00,Boeing 737,160,Completed,11161.97,3836.17,1776.58,897.52
F002634,R005,2025-06-26 08:00:00,Airbus A320,180,Completed,3297.3,1231.76,2175.87,1383.54
F002635,R005,2025-06-26 06:15:00,Boeing 737,160,Completed,3201.7,1151.65,2830.64,539.34
F002636,R006,2025-06-26 06:00:00,Airbus A320,180,Delayed,3321.43,1153.39,2119.9,958.84
F002637,R006,2025-06-26 14:30:00,Airbus A320,180,Completed,3317.69,1229.91,2794.54,940.57
F002638,R007,2025-06-26 20:45:00,Boeing 737,160,Completed,3818.74,1218.58,1833.44,1062.82
F002639,R007,2025-06-26 18:30:00,Airbus A320,180,Completed,3215.87,1330.84,2423.67,1112.75
F002640,R008,2025-06-26 09:15:00,Boeing 737,160,Completed,3262.65,1307.73,2986.96,993.26
F002641,R008,2025-06-26 08:15:00,Boeing 737,160,Completed,3752.72,1246.39,2478.33,798.47
F002642,R009,2025-06-26 07:15:00,Airbus A320,180,Completed,1073.45,372.23,2468.82,1324.06
F002643,R009,2025-06-26 20:15:00,Airbus A320,180,Completed,998.86,362.98,2233.88,1123.43
F002644,R010,2025-06-26 06:45:00,Boeing 737,160,Delayed,1029.67,375.73,1952.03,502.79
F002645,R010,2025-06-26 21:30:00,Airbus A320,180,Completed,1099.77,356.11,1566.89,510.23
F002646,R001,2025-06-27 11:00:00,Boeing 737,160,Completed,12758.1,4740.99,2057.11,1325.28
F002647,R002,2025-06-27 13:00:00,Airbus A320,180,Completed,12956.51,4985.85,1551.89,725.17
F002648,R002,2025-06-27 11:30:00,Boeing 737,160,Completed,12924.43,4788.29,2936.11,744.68
F002649,R003,2025-06-27 07:15:00,Airbus A320,180,Completed,10977.16,3804.74,2016.08,1473.43
F002650,R004,2025-06-27 13:30:00,Airbus A320,180,Completed,9804.88,3772.45,2846.19,726.04
F002651,R005,2025-06-27 22:30:00,Boeing 737,160,Completed,3347.88,1218.3,1868.4,1375.15
F002652,R005,2025-06-27 15:15:00,Airbus A320,180,Delayed,3540.86,1198.94,1698.39,1311.85
F002653,R006,2025-06-27 17:15:00,Boeing 737,160,Completed,3022.84,1243.35,1904.2,770.22
F002654,R007,2025-06-27 07:45:00,Airbus A320,180,Completed,3702.73,1268.26,2861.51,1111.73
F002655,R008,2025-06-27 07:00:00,Boeing 737,160,Completed,3344.1,1281.54,1797.13,981.12
F002656,R009,2025-06-27 17:30:00,Boeing 737,160,Completed,939.14,355.86,1773.38,1274.87
F002657,R009,2025-06-27 14:00:00,Boeing 737,160,Completed,1111.13,368.09,2978.98,597.79
F002658,R010,2025-06-27 11:45:00,Airbus A320,180,Completed,941.29,363.87,2222.43,732.12
F002659,R001,2025-06-28 10:45:00,Airbus A320,180,Completed,13540.22,4777.32,2779.57,1129.56
F002660,R001,2025-06-28 18:30:00,Airbus A320,180,Completed,12531.36,5150.82,2551.83,1390.36
F002661,R002,2025-06-28 09:45:00,Boeing 737,160,Completed,12323.26,4985.19,1737.51,1241.83
F002662,R002,2025-06-28 14:30:00,Boeing 737,160,Completed,12987.64,4797.07,2557.73,562.79
F002663,R003,2025-06-28 16:30:00,Boeing 737,160,Completed,9783.01,3607.42,2579.69,639.57
F002664,R004,2025-06-28 15:15:00,Boeing 737,160,Completed,10188.38,3670.44,2875.99,961.0
F002665,R005,2025-06-28 14:45:00,Boeing 737,160,Completed,3184.91,1216.66,2789.95,653.33
F002666,R006,2025-06-28 22:15:00,Airbus A320,180,Completed,3350.82,1208.84,2550.62,1039.7
F002667,R007,2025-06-28 11:00:00,Airbus A320,180,Completed,3717.05,1279.83,1562.17,992.71
F002668,R008,2025-06-28 12:15:00,Boeing 737,160,Completed,3707.1,1293.4,2979.27,930.0
F002669,R008,2025-06-28 09:30:00,Boeing 737,160,Delayed,3289.95,1277.8,2314.35,789.84
F002670,R009,2025-06-28 14:00:00,Airbus A320,180,Completed,1056.59,384.68,2038.92,1027.29
F002671,R009,2025-06-28 12:15:00,Airbus A320,180,Completed,1069.53,381.88,2216.74,904.53
F002672,R010,2025-06-28 06:30:00,Airbus A320,180,Completed,1024.85,379.93,2668.38,862.41
F002673,R001,2025-06-29 16:30:00,Boeing 737,160,Completed,14390.42,4896.44,2333.17,672.61
F002674,R002,2025-06-29 06:00:00,Boeing 737,160,Completed,13211.39,5096.43,2900.74,905.74
F002675,R002,2025-06-29 15:45:00,Boeing 737,160,Completed,13755.35,4795.91,2640.72,1380.81
F002676,R003,2025-06-29 08:15:00,Boeing 737,160,Cancelled,9636.59,3608.39,1931.21,1073.4
F002677,R004,2025-06-29 06:45:00,Airbus A320,180,Completed,9483.39,3763.49,1559.64,909.91
F002678,R005,2025-06-29 14:30:00,Boeing 737,160,Delayed,3569.44,1171.52,1791.31,566.75
F002679,R006,2025-06-29 07:00:00,Boeing 737,160,Completed,3341.83,1134.53,2640.39,1074.92
F002680,R006,2025-06-29 13:30:00,Boeing 737,160,Completed,3292.31,1149.7,1740.48,1336.35
F002681,R007,2025-06-29 08:15:00,Airbus A320,180,Delayed,3773.82,1306.98,2129.81,521.27
F002682,R008,2025-06-29 20:45:00,Boeing 737,160,Completed,3398.84,1253.92,1666.35,1185.09
F002683,R009,2025-06-29 07:45:00,Airbus A320,180,Completed,1104.67,369.92,1827.58,1025.72
F002684,R009,2025-06-29 17:00:00,Boeing 737,160,Completed,1043.4,363.84,1760.2,771.38
F002685,R010,2025-06-29 20:45:00,Boeing 737,160,Completed,1102.02,380.48,1808.38,1367.35
F002686,R001,2025-06-30 19:00:00,Boeing 737,160,Completed,14001.58,5094.82,1888.46,1212.55
F002687,R002,2025-06-30 15:15:00,Boeing 737,160,Completed,14198.97,4895.1,1914.03,1317.13
F002688,R002,2025-06-30 09:15:00,Airbus A320,180,Completed,12737.7,4935.08,2842.14,1023.36
F002689,R003,2025-06-30 19:00:00,Airbus A320,180,Completed,10881.28,3584.35,1876.51,792.32
F002690,R003,2025-06-30 07:30:00,Airbus A320,180,Completed,10780.15,3682.17,2787.52,600.09
F002691,R004,2025-06-30 06:00:00,Airbus A320,180,Completed,10396.11,3715.86,1758.65,1197.33
F002692,R004,2025-06-30 07:15:00,Airbus A320,180,Completed,10275.57,3671.8,1899.91,767.32
F002693,R005,2025-06-30 11:15:00,Airbus A320,180,Completed,3165.95,1221.37,2694.2,1000.98
F002694,R005,2025-06-30 18:30:00,Airbus A320,180,Completed,3312.92,1247.1,1748.26,1374.15
F002695,R006,2025-06-30 13:45:00,Boeing 737,160,Completed,3213.44,1196.06,1921.31,967.61
F002696,R006,2025-06-30 12:45:00,Airbus A320,180,Completed,2981.61,1130.04,2935.92,1095.62
F002697,R007,2025-06-30 22:30:00,Airbus A320,180,Completed,3512.6,1338.87,1761.57,890.81
F002698,R008,2025-06-30 13:30:00,Boeing 737,160,Completed,3761.87,1222.07,2671.52,976.96
F002699,R008,2025-06-30 08:30:00,Airbus A320,180,Completed,3208.14,1280.56,2471.32,910.57
F002700,R009,2025-06-30 15:15:00,Airbus A320,180,Completed,1029.57,389.2,1892.89,712.28
F002701,R010,2025-06-30 18:45:00,Boeing 737,160,Completed,1037.19,372.18,2477.74,1356.14
F002702,R001,2025-07-01 14:45:00,Airbus A320,180,Completed,12608.91,5136.54,2632.53,904.13
F002703,R001,2025-07-01 08:30:00,Airbus A320,180,Completed,14653.22,4745.63,2059.15,1017.53
F002704,R002,2025-07-01 07:15:00,Airbus A320,180,Completed,13545.47,5046.91,2365.3,610.0
F002705,R003,2025-07-01 16:00:00,Airbus A320,180,Completed,10457.21,3816.65,2077.59,790.06
F002706,R003,2025-07-01 13:30:00,Airbus A320,180,Completed,10666.54,3665.57,2006.19,536.5
F002707,R004,2025-07-01 20:30:00,Airbus A320,180,Completed,10340.1,3598.09,1540.57,983.05
F002708,R005,2025-07-01 12:00:00,Airbus A320,180,Delayed,3248.05,1222.63,2857.15,1047.99
F002709,R005,2025-07-01 10:15:00,Boeing 737,160,Completed,3215.14,1234.08,2213.06,1074.64
F002710,R006,2025-07-01 08:00:00,Airbus A320,180,Completed,3272.28,1188.84,1993.65,1002.38
F002711,R006,2025-07-01 16:00:00,Airbus A320,180,Completed,3247.87,1152.98,2122.07,804.68
F002712,R007,2025-07-01 22:45:00,Airbus A320,180,Delayed,3189.92,1326.08,2698.23,1137.68
F002713,R008,2025-07-01 15:15:00,Boeing 737,160,Completed,3757.08,1306.93,1588.02,1147.91
F002714,R009,2025-07-01 08:45:00,Airbus A320,180,Completed,931.77,369.91,1780.23,561.19
F002715,R009,2025-07-01 08:45:00,Boeing 737,160,Completed,1044.52,391.28,2844.47,514.83
F002716,R010,2025-07-01 11:00:00,Boeing 737,160,Completed,1026.55,376.31,2128.02,822.86
F002717,R001,2025-07-02 13:45:00,Boeing 737,160,Completed,13496.91,5155.14,1509.11,922.89
F002718,R002,2025-07-02 14:15:00,Airbus A320,180,Completed,13850.21,4780.58,1809.37,1195.46
F002719,R002,2025-07-02 13:00:00,Boeing 737,160,Completed,14858.43,4852.23,2984.35,1101.5
F002720,R003,2025-07-02 09:30:00,Airbus A320,180,Completed,10711.59,3732.8,2127.82,526.78
F002721,R004,2025-07-02 11:00:00,Airbus A320,180,Completed,10801.83,3669.55,1502.99,758.46
F002722,R004,2025-07-02 22:15:00,Airbus A320,180,Completed,9608.8,3844.28,2613.75,777.94
F002723,R005,2025-07-02 07:15:00,Boeing 737,160,Completed,3244.72,1192.61,2121.43,1002.0
F002724,R006,2025-07-02 18:45:00,Airbus A320,180,Completed,3373.72,1209.12,2015.61,1145.2
F002725,R007,2025-07-02 09:45:00,Airbus A320,180,Completed,3795.19,1292.37,2584.07,641.92
F002726,R008,2025-07-02 16:00:00,Boeing 737,160,Completed,3835.38,1317.22,1671.66,554.4
F002727,R009,2025-07-02 19:30:00,Boeing 737,160,Completed,1017.45,357.09,1546.63,1129.1
F002728,R010,2025-07-02 22:00:00,Airbus A320,180,Completed,958.43,360.92,1748.41,1445.87
F002729,R001,2025-07-03 15:30:00,Airbus A320,180,Completed,14299.29,4717.44,2775.99,957.64
F002730,R002,2025-07-03 11:45:00,Airbus A320,180,Completed,12493.06,4909.88,1503.27,1437.06
F002731,R002,2025-07-03 09:45:00,Boeing 737,160,Delayed,12718.13,4936.26,2087.87,515.56
F002732,R003,2025-07-03 22:15:00,Boeing 737,160,Completed,9625.26,3551.72,1585.23,1257.41
F002733,R004,2025-07-03 19:15:00,Airbus A320,180,Completed,9707.51,3588.01,2704.6,881.49
F002734,R005,2025-07-03 14:30:00,Airbus A320,180,Completed,3528.35,1138.25,1516.43,1246.38
F002735,R006,2025-07-03 15:15:00,Airbus A320,180,Completed,3080.75,1199.48,2378.35,1438.79
F002736,R007,2025-07-03 13:45:00,Airbus A320,180,Completed,3348.27,1241.31,2864.21,1069.88
F002737,R008,2025-07-03 07:15:00,Airbus A320,180,Completed,3630.58,1275.44,1697.79,1254.21
F002738,R008,2025-07-03 13:45:00,Airbus A320,180,Completed,3266.7,1315.95,2534.56,542.03
F002739,R009,2025-07-03 13:45:00,Airbus A320,180,Completed,1028.75,358.26,2299.18,939.62
F002740,R009,2025-07-03 17:30:00,Boeing 737,160,Completed,1125.36,387.98,2740.6,771.98
F002741,R010,2025-07-03 09:30:00,Airbus A320,180,Completed,1130.95,364.6,2054.16,1439.07
F002742,R001,2025-07-04 19:15:00,Boeing 737,160,Completed,14866.84,4816.76,1557.66,903.23
F002743,R001,2025-07-04 20:45:00,Airbus A320,180,Completed,13844.75,4766.53,2372.22,1066.95
F002744,R002,2025-07-04 11:15:00,Boeing 737,160,Completed,14841.21,4794.57,2286.65,684.52
F002745,R002,2025-07-04 19:15:00,Boeing 737,160,Completed,13296.23,4899.59,2949.75,1448.63
F002746,R003,2025-07-04 11:15:00,Airbus A320,180,Completed,9903.15,3871.16,2863.02,1447.98
F002747,R003,2025-07-04 10:15:00,Boeing 737,160,Completed,9788.74,3711.51,2216.19,1472.54
F002748,R004,2025-07-04 21:45:00,Boeing 737,160,Completed,9893.43,3795.74,1518.54,621.42
F002749,R004,2025-07-04 14:15:00,Boeing 737,160,Completed,10200.23,3827.47,1877.2,1108.01
F002750,R005,2025-07-04 09:30:00,Boeing 737,160,Completed,3334.38,1217.23,2964.07,1099.49
F002751,R006,2025-07-04 10:45:00,Boeing 737,160,Completed,2959.46,1235.14,1934.39,549.67
F002752,R007,2025-07-04 18:15:00,Boeing 737,160,Completed,3847.44,1257.0,2478.09,726.83
F002753,R007,2025-07-04 07:30:00,Boeing 737,160,Completed,3326.47,1233.05,1806.19,1311.53
F002754,R008,2025-07-04 16:15:00,Airbus A320,180,Completed,3266.3,1293.72,2310.22,1144.43
F002755,R008,2025-07-04 18:30:00,Boeing 737,160,Completed,3696.33,1303.43,2545.94,796.85
F002756,R009,2025-07-04 16:15:00,Boeing 737,160,Completed,1032.32,364.03,2747.48,530.98
F002757,R010,2025-07-04 19:45:00,Boeing 737,160,Completed,1053.67,365.06,2858.62,900.68
F002758,R010,2025-07-04 07:30:00,Airbus A320,180,Cancelled,1035.48,388.19,1627.76,1158.88
F002759,R001,2025-07-05 06:45:00,Airbus A320,180,Completed,13364.86,5166.04,2145.92,833.21
F002760,R002,2025-07-05 10:30:00,Boeing 737,160,Completed,13094.19,5096.22,1961.03,757.63
F002761,R002,2025-07-05 11:30:00,Boeing 737,160,Completed,14876.73,5027.54,2223.24,1118.67
F002762,R003,2025-07-05 09:00:00,Boeing 737,160,Completed,10145.29,3690.47,2463.55,573.27
F002763,R003,2025-07-05 17:00:00,Boeing 737,160,Completed,9988.61,3787.09,2642.69,679.34
F002764,R004,2025-07-05 10:30:00,Boeing 737,160,Completed,10337.35,3697.77,1790.06,959.62
F002765,R005,2025-07-05 15:15:00,Airbus A320,180,Completed,3496.86,1165.49,2769.94,786.61
F002766,R006,2025-07-05 14:45:00,Airbus A320,180,Completed,2957.07,1217.68,2301.82,1366.0
F002767,R007,2025-07-05 16:00:00,Boeing 737,160,Completed,3660.76,1278.21,1982.03,1277.39
F002768,R008,2025-07-05 21:00:00,Airbus A320,180,Completed,3236.29,1307.01,2941.52,666.46
F002769,R009,2025-07-05 08:30:00,Airbus A320,180,Completed,1004.54,391.64,1555.56,1313.94
F002770,R009,2025-07-05 17:00:00,Airbus A320,180,Cancelled,996.89,383.05,2593.38,1307.76
F002771,R010,2025-07-05 20:30:00,Airbus A320,180,Completed,1073.41,378.46,2503.62,748.88
F002772,R010,2025-07-05 09:45:00,Boeing 737,160,Completed,1058.66,386.02,1504.04,785.06
F002773,R001,2025-07-06 06:30:00,Airbus A320,180,Completed,14681.87,4760.53,1914.44,518.37
F002774,R002,2025-07-06 10:15:00,Boeing 737,160,Completed,14440.88,4714.45,1813.51,882.62
F002775,R003,2025-07-06 07:15:00,Airbus A320,180,Delayed,10996.39,3708.24,2099.01,1448.52
F002776,R004,2025-07-06 20:00:00,Boeing 737,160,Completed,9933.17,3565.53,2546.72,590.54
F002777,R005,2025-07-06 15:45:00,Boeing 737,160,Completed,3506.77,1214.42,2013.82,917.52
F002778,R005,2025-07-06 12:00:00,Boeing 737,160,Completed,3335.54,1184.25,1895.47,520.67
F002779,R006,2025-07-06 19:45:00,Boeing 737,160,Completed,3270.65,1243.24,2337.58,1492.4
F002780,R007,2025-07-06 11:00:00,Boeing 737,160,Completed,3595.65,1296.76,2311.28,1222.89
F002781,R008,2025-07-06 13:00:00,Boeing 737,160,Completed,3313.75,1327.66,1717.89,889.8
F002782,R008,2025-07-06 09:00:00,Airbus A320,180,Completed,3551.67,1288.86,2341.32,842.91
F002783,R009,2025-07-06 13:15:00,Boeing 737,160,Completed,948.57,379.84,1548.52,1494.19
F002784,R009,2025-07-06 11:15:00,Boeing 737,160,Completed,990.15,377.76,2205.58,507.01
F002785,R010,2025-07-06 14:30:00,Airbus A320,180,Delayed,986.59,382.47,2937.87,556.71
F002786,R010,2025-07-06 10:15:00,Boeing 737,160,Completed,1016.94,357.68,2085.6,573.43
F002787,R001,2025-07-07 13:30:00,Airbus A320,180,Completed,14637.25,4943.03,2081.23,908.17
F002788,R001,2025-07-07 19:15:00,Boeing 737,160,Completed,13140.74,5078.18,2063.89,502.78
F002789,R002,2025-07-07 06:15:00,Airbus A320,180,Completed,12451.82,4967.14,1524.67,873.97
F002790,R003,2025-07-07 06:15:00,Airbus A320,180,Cancelled,10187.39,3525.28,2892.19,551.83
F002791,R003,2025-07-07 13:00:00,Airbus A320,180,Delayed,9941.43,3667.62,1512.55,544.02
F002792,R004,2025-07-07 19:30:00,Boeing 737,160,Completed,10404.48,3724.4,1516.42,716.36
F002793,R005,2025-07-07 09:15:00,Boeing 737,160,Delayed,3466.61,1156.79,1543.22,864.84
F002794,R006,2025-07-07 14:30:00,Boeing 737,160,Completed,3390.2,1219.77,2190.1,871.03
F002795,R007,2025-07-07 17:15:00,Boeing 737,160,Completed,3578.01,1323.59,2953.76,541.66
F002796,R007,2025-07-07 19:00:00,Boeing 737,160,Completed,3781.48,1277.32,2875.85,1447.52
F002797,R008,2025-07-07 16:30:00,Airbus A320,180,Cancelled,3864.99,1293.61,1705.59,819.02
F002798,R008,2025-07-07 15:30:00,Airbus A320,180,Completed,3331.69,1229.51,2336.16,1130.62
F002799,R009,2025-07-07 18:30:00,Airbus A320,180,Completed,1034.55,365.9,2758.45,782.99
F002800,R010,2025-07-07 18:45:00,Boeing 737,160,Completed,1103.98,377.63,2528.74,649.41
F002801,R010,2025-07-07 21:45:00,Boeing 737,160,Completed,990.42,370.54,1518.11,1469.51
F002802,R001,2025-07-08 09:45:00,Boeing 737,160,Completed,13094.13,4911.91,2171.47,796.33
F002803,R001,2025-07-08 10:45:00,Airbus A320,180,Completed,12294.91,4799.89,2699.67,562.89
F002804,R002,2025-07-08 06:00:00,Airbus A320,180,Completed,14850.95,5039.54,1601.78,730.4
F002805,R002,2025-07-08 08:45:00,Airbus A320,180,Completed,14453.65,4858.94,1580.95,1026.56
F002806,R003,2025-07-08 17:15:00,Boeing 737,160,Completed,9656.84,3535.11,1867.94,826.4
F002807,R004,2025-07-08 14:00:00,Airbus A320,180,Completed,11104.6,3777.63,2048.05,597.07
F002808,R004,2025-07-08 16:45:00,Boeing 737,160,Completed,9786.11,3677.32,2359.0,1235.34
F002809,R005,2025-07-08 19:30:00,Airbus A320,180,Completed,3319.75,1179.65,2082.51,623.06
F002810,R005,2025-07-08 13:15:00,Airbus A320,180,Completed,3406.49,1187.39,2440.8,1059.57
F002811,R006,2025-07-08 06:30:00,Airbus A320,180,Completed,2972.43,1150.67,1864.33,1246.09
F002812,R006,2025-07-08 21:45:00,Boeing 737,160,Completed,3294.48,1157.63,1508.97,1142.39
F002813,R007,2025-07-08 11:00:00,Airbus A320,180,Completed,3477.9,1248.91,1784.48,1317.38
F002814,R008,2025-07-08 12:15:00,Boeing 737,160,Completed,3571.7,1328.23,1933.64,539.92
F002815,R008,2025-07-08 10:30:00,Boeing 737,160,Completed,3711.0,1322.44,2902.16,1395.77
F002816,R009,2025-07-08 18:15:00,Airbus A320,180,Completed,959.66,373.01,1855.14,1433.05
F002817,R009,2025-07-08 11:15:00,Airbus A320,180,Completed,1059.71,357.05,1857.45,682.36
F002818,R010,2025-07-08 14:00:00,Boeing 737,160,Completed,1012.72,362.36,2641.72,675.19
F002819,R001,2025-07-09 15:15:00,Boeing 737,160,Completed,14869.01,4947.35,1605.9,1090.99
F002820,R001,2025-07-09 10:00:00,Airbus A320,180,Completed,13153.48,4861.44,1626.16,1342.74
F002821,R002,2025-07-09 10:45:00,Boeing 737,160,Completed,14741.9,4921.57,2154.63,1189.73
F002822,R002,2025-07-09 08:15:00,Boeing 737,160,Completed,12589.7,4704.37,2748.51,1288.6
F002823,R003,2025-07-09 12:15:00,Boeing 737,160,Completed,10708.28,3667.08,2438.13,1279.08
F002824,R004,2025-07-09 21:45:00,Airbus A320,180,Completed,10085.71,3582.63,1613.15,1386.7
F002825,R005,2025-07-09 18:45:00,Airbus A320,180,Completed,3417.36,1131.96,2703.98,503.45
F002826,R006,2025-07-09 07:15:00,Airbus A320,180,Completed,3461.43,1168.4,1969.79,1123.9
F002827,R006,2025-07-09 15:15:00,Airbus A320,180,Completed,2995.72,1226.5,2460.47,1291.09
F002828,R007,2025-07-09 07:15:00,Airbus A320,180,Completed,3363.5,1304.49,2802.81,973.24
F002829,R007,2025-07-09 17:15:00,Airbus A320,180,Completed,3492.67,1235.56,2353.76,502.42
F002830,R008,2025-07-09 11:00:00,Boeing 737,160,Delayed,3345.78,1269.8,2707.28,1162.36
F002831,R008,2025-07-09 17:45:00,Airbus A320,180,Completed,3839.88,1311.35,1924.09,947.82
F002832,R009,2025-07-09 21:15:00,Boeing 737,160,Completed,1033.17,363.44,2380.61,1270.07
F002833,R009,2025-07-09 21:30:00,Boeing 737,160,Completed,978.66,389.48,2259.13,534.38
F002834,R010,2025-07-09 16:00:00,Airbus A320,180,Completed,1048.5,385.24,1811.31,1323.55
F002835,R010,2025-07-09 19:30:00,Boeing 737,160,Completed,951.89,383.17,2963.04,757.26
F002836,R001,2025-07-10 09:15:00,Boeing 737,160,Completed,12678.54,4973.79,2555.83,1380.52
F002837,R001,2025-07-10 08:00:00,Airbus A320,180,Completed,13928.09,4980.88,2009.15,751.48
F002838,R002,2025-07-10 08:15:00,Airbus A320,180,Completed,13440.81,5048.51,2878.81,663.35
F002839,R003,2025-07-10 22:30:00,Airbus A320,180,Completed,9747.23,3812.62,2893.72,661.62
F002840,R004,2025-07-10 20:45:00,Boeing 737,160,Completed,10858.12,3793.29,2289.53,1408.99
F002841,R004,2025-07-10 10:15:00,Airbus A320,180,Completed,10205.51,3709.0,2224.62,829.83
F002842,R005,2025-07-10 08:45:00,Boeing 737,160,Completed,3191.48,1137.75,2596.93,1197.91
F002843,R005,2025-07-10 14:30:00,Airbus A320,180,Completed,3140.21,1217.41,2362.43,1036.48
F002844,R006,2025-07-10 18:00:00,Airbus A320,180,Completed,3277.01,1210.18,2435.3,1067.37
F002845,R006,2025-07-10 18:15:00,Boeing 737,160,Completed,3574.79,1230.33,2787.12,944.77
F002846,R007,2025-07-10 18:00:00,Boeing 737,160,Completed,3764.82,1225.51,2820.09,917.18
F002847,R008,2025-07-10 18:15:00,Boeing 737,160,Completed,3242.72,1259.26,2851.3,1232.45
F002848,R008,2025-07-10 22:45:00,Airbus A320,180,Completed,3406.02,1303.22,2284.11,898.6
F002849,R009,2025-07-10 17:45:00,Airbus A320,180,Completed,946.19,391.43,1882.15,930.95
F002850,R009,2025-07-10 06:00:00,Boeing 737,160,Delayed,1005.14,372.0,2281.53,1309.29
F002851,R010,2025-07-10 15:00:00,Airbus A320,180,Completed,940.31,369.61,1883.03,606.51
F002852,R001,2025-07-11 14:30:00,Airbus A320,180,Completed,12438.32,4956.08,2417.43,1432.95
F002853,R002,2025-07-11 10:15:00,Boeing 737,160,Completed,13692.22,5154.01,2997.17,516.99
F002854,R003,2025-07-11 16:45:00,Boeing 737,160,Completed,10620.42,3674.51,2937.5,908.21
F002855,R004,2025-07-11 15:30:00,Boeing 737,160,Completed,10998.35,3696.69,2116.82,673.36
F002856,R005,2025-07-11 07:15:00,Boeing 737,160,Completed,3582.67,1220.89,1916.97,569.16
F002857,R005,2025-07-11 14:00:00,Airbus A320,180,Completed,3357.15,1226.45,2213.45,984.79
F002858,R006,2025-07-11 10:30:00,Airbus A320,180,Completed,3587.19,1194.56,1664.27,862.58
F002859,R006,2025-07-11 14:00:00,Airbus A320,180,Completed,3147.93,1133.62,1806.97,1253.51
F002860,R007,2025-07-11 21:30:00,Boeing 737,160,Completed,3577.0,1281.78,2458.74,722.77
F002861,R007,2025-07-11 14:00:00,Airbus A320,180,Completed,3585.07,1298.4,2322.76,640.36
F002862,R008,2025-07-11 06:15:00,Airbus A320,180,Completed,3363.51,1301.32,2713.11,544.3
F002863,R008,2025-07-11 13:00:00,Airbus A320,180,Completed,3815.54,1294.88,2644.06,832.12
F002864,R009,2025-07-11 06:45:00,Boeing 737,160,Completed,1099.34,361.04,1841.04,1063.52
F002865,R009,2025-07-11 20:45:00,Airbus A320,180,Completed,984.42,371.64,2043.86,865.3
F002866,R010,2025-07-11 15:00:00,Airbus A320,180,Completed,1077.42,392.45,2530.1,1221.63
F002867,R001,2025-07-12 06:15:00,Airbus A320,180,Completed,14393.06,4959.9,2094.65,1014.3
F002868,R002,2025-07-12 09:45:00,Boeing 737,160,Completed,12917.43,5081.89,1752.47,1391.5
F002869,R002,2025-07-12 06:30:00,Airbus A320,180,Completed,14201.73,5077.09,1748.62,919.99
F002870,R003,2025-07-12 15:15:00,Boeing 737,160,Completed,10862.3,3671.12,2549.69,883.95
F002871,R003,2025-07-12 11:15:00,Boeing 737,160,Completed,9892.13,3869.85,2294.45,1393.52
F002872,R004,2025-07-12 20:15:00,Airbus A320,180,Delayed,10719.41,3834.64,2734.99,1321.7
F002873,R005,2025-07-12 19:00:00,Airbus A320,180,Completed,3546.56,1156.59,2190.25,644.41
F002874,R005,2025-07-12 21:00:00,Airbus A320,180,Completed,3348.46,1240.97,1540.46,651.5
F002875,R006,2025-07-12 13:45:00,Boeing 737,160,Completed,2963.76,1225.13,2644.37,928.41
F002876,R007,2025-07-12 20:00:00,Airbus A320,180,Completed,3744.02,1344.1,2371.39,1203.27
F002877,R007,2025-07-12 08:45:00,Airbus A320,180,Completed,3522.96,1258.14,2390.02,577.39
F002878,R008,2025-07-12 20:15:00,Airbus A320,180,Completed,3535.5,1263.12,1597.2,994.11
F002879,R009,2025-07-12 15:30:00,Airbus A320,180,Completed,960.14,386.22,1815.15,763.57
F002880,R010,2025-07-12 19:15:00,Boeing 737,160,Completed,1102.81,391.18,2527.87,898.59
F002881,R010,2025-07-12 10:15:00,Airbus A320,180,Completed,1065.78,362.05,2903.48,1286.35
F002882,R001,2025-07-13 16:00:00,Boeing 737,160,Completed,12672.38,4983.2,2683.67,1022.99
F002883,R002,2025-07-13 09:15:00,Boeing 737,160,Completed,14017.76,4944.28,2873.11,888.02
F002884,R002,2025-07-13 07:00:00,Boeing 737,160,Completed,13489.12,4767.82,2221.57,646.73
F002885,R003,2025-07-13 18:15:00,Boeing 737,160,Completed,9695.91,3768.22,2494.13,1349.54
F002886,R004,2025-07-13 20:00:00,Boeing 737,160,Completed,10587.24,3523.73,2236.24,960.24
F002887,R004,2025-07-13 19:15:00,Boeing 737,160,Completed,9824.69,3762.34,1519.9,986.84
F002888,R005,2025-07-13 09:15:00,Boeing 737,160,Delayed,3005.74,1167.72,2448.19,1181.35
F002889,R006,2025-07-13 20:00:00,Airbus A320,180,Completed,3023.27,1139.72,2217.66,1103.5
F002890,R006,2025-07-13 13:30:00,Airbus A320,180,Completed,3112.41,1165.57,2972.78,1037.39
F002891,R007,2025-07-13 08:30:00,Boeing 737,160,Completed,3390.52,1279.87,1577.11,1419.75
F002892,R008,2025-07-13 10:15:00,Airbus A320,180,Completed,3772.87,1243.34,2303.63,943.97
F002893,R009,2025-07-13 18:00:00,Boeing 737,160,Completed,1045.53,371.68,2809.07,1117.91
F002894,R009,2025-07-13 07:15:00,Boeing 737,160,Completed,1057.05,366.62,2666.97,767.01
F002895,R010,2025-07-13 22:30:00,Airbus A320,180,Completed,1010.4,372.99,2715.31,524.74
F002896,R010,2025-07-13 13:45:00,Airbus A320,180,Completed,1121.84,385.76,1599.59,717.93
F002897,R001,2025-07-14 16:45:00,Boeing 737,160,Completed,14315.95,4952.99,1812.47,619.03
F002898,R002,2025-07-14 17:45:00,Boeing 737,160,Completed,13888.62,5050.63,1720.95,939.18
F002899,R002,2025-07-14 09:45:00,Boeing 737,160,Completed,14186.05,4770.17,2744.8,831.43
F002900,R003,2025-07-14 15:15:00,Boeing 737,160,Delayed,9597.91,3618.19,2063.87,1492.67
F002901,R003,2025-07-14 17:00:00,Airbus A320,180,Completed,10410.54,3601.28,1871.16,932.86
F002902,R004,2025-07-14 06:45:00,Boeing 737,160,Completed,9746.66,3800.81,2769.84,1209.02
F002903,R004,2025-07-14 18:15:00,Boeing 737,160,Completed,9839.02,3740.8,2035.1,783.44
F002904,R005,2025-07-14 21:30:00,Boeing 737,160,Completed,3217.8,1181.1,2005.01,1448.3
F002905,R006,2025-07-14 08:00:00,Airbus A320,180,Completed,3309.17,1137.13,2751.19,786.68
F002906,R007,2025-07-14 13:30:00,Airbus A320,180,Completed,3643.71,1267.46,2834.04,1205.23
F002907,R008,2025-07-14 12:45:00,Airbus A320,180,Completed,3375.88,1312.25,1692.69,1310.36
F002908,R008,2025-07-14 10:45:00,Airbus A320,180,Completed,3641.45,1345.71,2956.64,1270.65
F002909,R009,2025-07-14 10:45:00,Airbus A320,180,Completed,1125.02,383.32,2362.71,1145.81
F002910,R010,2025-07-14 11:00:00,Boeing 737,160,Completed,1011.14,372.22,1684.67,1246.25
F002911,R010,2025-07-14 19:45:00,Airbus A320,180,Completed,1121.59,355.36,2996.07,1246.61
F002912,R001,2025-07-15 14:15:00,Boeing 737,160,Completed,12617.23,5122.77,1692.01,1180.05
F002913,R002,2025-07-15 14:00:00,Boeing 737,160,Completed,14700.53,4805.83,2156.58,923.38
F002914,R003,2025-07-15 19:45:00,Airbus A320,180,Completed,10390.98,3513.36,2211.53,952.34
F002915,R004,2025-07-15 16:15:00,Airbus A320,180,Completed,9698.3,3656.41,1911.52,526.9
F002916,R005,2025-07-15 12:15:00,Airbus A320,180,Completed,2981.25,1164.72,2093.18,860.5
F002917,R006,2025-07-15 10:45:00,Boeing 737,160,Completed,3012.2,1174.19,2234.42,628.24
F002918,R006,2025-07-15 12:00:00,Airbus A320,180,Completed,3420.59,1204.97,2840.44,1133.71
F002919,R007,2025-07-15 11:15:00,Airbus A320,180,Completed,3656.16,1266.06,2821.2,1311.89
F002920,R007,2025-07-15 15:00:00,Boeing 737,160,Completed,3325.49,1327.94,2689.22,1314.35
F002921,R008,2025-07-15 06:15:00,Airbus A320,180,Completed,3414.99,1311.31,2968.15,1331.74
F002922,R008,2025-07-15 14:30:00,Airbus A320,180,Completed,3789.92,1269.09,1711.02,1033.45
F002923,R009,2025-07-15 06:30:00,Airbus A320,180,Completed,1080.96,391.08,1599.16,1425.15
F002924,R010,2025-07-15 18:00:00,Airbus A320,180,Delayed,1066.89,366.24,2744.19,648.82
F002925,R010,2025-07-15 08:00:00,Airbus A320,180,Completed,1068.96,377.3,2288.97,966.56
F002926,R001,2025-07-16 12:00:00,Boeing 737,160,Completed,14633.03,4706.5,1520.95,822.23
F002927,R001,2025-07-16 13:45:00,Airbus A320,180,Cancelled,14022.59,4912.84,2270.75,551.77
F002928,R002,2025-07-16 22:00:00,Boeing 737,160,Completed,12523.24,5047.37,2220.63,743.21
F002929,R002,2025-07-16 15:15:00,Boeing 737,160,Completed,13134.9,5166.97,1875.26,933.13
F002930,R003,2025-07-16 11:00:00,Boeing 737,160,Completed,10124.34,3709.91,2323.19,597.32
F002931,R003,2025-07-16 18:30:00,Airbus A320,180,Completed,9749.3,3629.48,2181.21,552.88
F002932,R004,2025-07-16 10:45:00,Boeing 737,160,Completed,9633.96,3805.95,1608.15,1442.07
F002933,R005,2025-07-16 12:00:00,Airbus A320,180,Completed,2962.02,1150.54,1581.34,1458.94
F002934,R006,2025-07-16 16:30:00,Boeing 737,160,Completed,3381.53,1237.36,1707.16,788.31
F002935,R006,2025-07-16 09:00:00,Airbus A320,180,Delayed,3455.35,1131.84,2113.29,536.67
F002936,R007,2025-07-16 08:30:00,Airbus A320,180,Delayed,3693.69,1290.51,1528.64,1483.1
F002937,R007,2025-07-16 18:45:00,Boeing 737,160,Completed,3318.06,1312.79,1710.97,635.68
F002938,R008,2025-07-16 14:00:00,Boeing 737,160,Completed,3871.85,1247.66,2965.97,630.49
F002939,R009,2025-07-16 07:30:00,Airbus A320,180,Delayed,954.41,356.33,2941.32,1239.16
F002940,R010,2025-07-16 08:00:00,Boeing 737,160,Completed,978.31,366.77,1835.44,601.03
F002941,R001,2025-07-17 11:30:00,Boeing 737,160,Completed,13658.85,5175.4,1675.12,714.68
F002942,R002,2025-07-17 14:30:00,Airbus A320,180,Completed,14100.58,4867.46,1824.87,685.67
F002943,R003,2025-07-17 15:30:00,Airbus A320,180,Completed,10007.2,3509.24,1895.56,1012.0
F002944,R003,2025-07-17 19:15:00,Airbus A320,180,Completed,9490.76,3527.52,2715.36,1450.76
F002945,R004,2025-07-17 19:45:00,Airbus A320,180,Completed,10407.03,3827.49,1863.75,1161.87
F002946,R005,2025-07-17 11:45:00,Boeing 737,160,Completed,3173.05,1227.78,1638.17,1188.36
F002947,R005,2025-07-17 18:45:00,Airbus A320,180,Completed,3472.22,1195.45,1599.5,987.93
F002948,R006,2025-07-17 11:30:00,Boeing 737,160,Completed,3510.29,1189.29,2429.38,916.56
F002949,R006,2025-07-17 15:00:00,Airbus A320,180,Completed,3249.18,1246.52,1828.76,904.32
F002950,R007,2025-07-17 11:30:00,Airbus A320,180,Completed,3721.13,1339.56,2885.71,893.81
F002951,R007,2025-07-17 16:15:00,Airbus A320,180,Completed,3319.88,1292.33,2534.1,1425.93
F002952,R008,2025-07-17 16:15:00,Boeing 737,160,Completed,3377.17,1330.39,2560.61,1489.89
F002953,R009,2025-07-17 10:30:00,Boeing 737,160,Completed,995.33,358.36,2461.43,1363.41
F002954,R009,2025-07-17 19:15:00,Boeing 737,160,Completed,992.29,363.25,2489.02,910.82
F002955,R010,2025-07-17 22:45:00,Boeing 737,160,Completed,1063.21,356.28,2677.19,893.3
F002956,R010,2025-07-17 10:30:00,Airbus A320,180,Completed,1047.06,364.14,2412.63,1389.42
F002957,R001,2025-07-18 19:00:00,Airbus A320,180,Completed,14593.81,5036.04,2250.14,601.51
F002958,R002,2025-07-18 20:00:00,Boeing 737,160,Completed,12917.84,4948.57,1812.33,630.8
F002959,R003,2025-07-18 21:15:00,Boeing 737,160,Completed,11052.53,3608.51,2420.32,1314.52
F002960,R004,2025-07-18 10:45:00,Airbus A320,180,Completed,10302.94,3550.9,2968.82,1479.05
F002961,R005,2025-07-18 12:30:00,Airbus A320,180,Completed,3199.61,1167.01,1916.96,644.15
F002962,R005,2025-07-18 11:45:00,Airbus A320,180,Completed,3165.38,1176.77,2875.74,691.25
F002963,R006,2025-07-18 20:15:00,Airbus A320,180,Completed,2947.71,1175.57,2358.99,1005.63
F002964,R007,2025-07-18 09:15:00,Airbus A320,180,Completed,3668.29,1267.03,1938.2,960.16
F002965,R008,2025-07-18 20:00:00,Airbus A320,180,Delayed,3653.78,1288.5,1827.68,720.67
F002966,R008,2025-07-18 09:00:00,Boeing 737,160,Completed,3846.98,1231.67,2024.86,1273.36
F002967,R009,2025-07-18 09:45:00,Boeing 737,160,Completed,1042.42,365.48,2377.65,1261.42
F002968,R010,2025-07-18 12:15:00,Boeing 737,160,Completed,981.64,365.47,2214.36,1165.88
F002969,R001,2025-07-19 12:30:00,Boeing 737,160,Completed,13017.49,5111.13,2318.24,1191.36
F002970,R001,2025-07-19 08:00:00,Boeing 737,160,Completed,14606.15,4946.84,1824.77,573.91
F002971,R002,2025-07-19 08:00:00,Airbus A320,180,Completed,12279.62,4842.55,2481.68,1090.31
F002972,R002,2025-07-19 08:00:00,Boeing 737,160,Completed,14561.08,5027.3,2884.05,1393.63
F002973,R003,2025-07-19 10:45:00,Airbus A320,180,Completed,11017.69,3656.63,2316.44,532.98
F002974,R004,2025-07-19 07:15:00,Airbus A320,180,Completed,9430.88,3859.9,2654.56,757.82
F002975,R005,2025-07-19 15:30:00,Boeing 737,160,Completed,3591.36,1153.49,1796.22,925.47
F002976,R005,2025-07-19 21:00:00,Airbus A320,180,Completed,3487.41,1238.86,1649.53,1420.78
F002977,R006,2025-07-19 07:00:00,Airbus A320,180,Completed,3454.66,1140.35,2552.84,586.41
F002978,R006,2025-07-19 21:00:00,Boeing 737,160,Completed,3513.27,1221.58,1646.64,1181.85
F002979,R007,2025-07-19 10:30:00,Airbus A320,180,Completed,3644.67,1218.45,2955.97,1020.75
F002980,R008,2025-07-19 15:00:00,Boeing 737,160,Completed,3266.39,1286.31,2776.63,799.07
F002981,R009,2025-07-19 21:00:00,Boeing 737,160,Completed,1125.13,373.12,2265.11,990.86
F002982,R010,2025-07-19 19:15:00,Boeing 737,160,Completed,974.78,384.79,1619.54,1417.97
F002983,R010,2025-07-19 21:30:00,Boeing 737,160,Completed,1060.92,369.47,2673.69,1498.76
F002984,R001,2025-07-20 13:15:00,Boeing 737,160,Completed,13199.64,5136.6,1614.2,737.47
F002985,R002,2025-07-20 12:30:00,Boeing 737,160,Completed,13370.1,5030.91,2948.72,685.55
F002986,R002,2025-07-20 08:45:00,Airbus A320,180,Cancelled,14467.77,4869.38,2997.51,675.5
F002987,R003,2025-07-20 15:00:00,Boeing 737,160,Completed,9419.81,3641.52,2229.84,1308.73
F002988,R003,2025-07-20 20:30:00,Airbus A320,180,Completed,10002.57,3730.58,2260.03,1481.97
F002989,R004,2025-07-20 07:00:00,Airbus A320,180,Completed,9352.88,3873.06,2551.13,840.73
F002990,R005,2025-07-20 17:45:00,Boeing 737,160,Completed,3179.2,1221.06,1944.37,645.64
F002991,R005,2025-07-20 11:45:00,Boeing 737,160,Completed,3238.04,1174.9,1699.9,1153.41
F002992,R006,2025-07-20 17:00:00,Airbus A320,180,Completed,3190.41,1129.55,1533.83,542.83
F002993,R006,2025-07-20 15:30:00,Boeing 737,160,Completed,3488.39,1129.21,2727.62,1009.24
F002994,R007,2025-07-20 11:30:00,Boeing 737,160,Completed,3728.18,1283.53,2667.04,602.61
F002995,R007,2025-07-20 06:00:00,Airbus A320,180,Completed,3461.46,1294.76,2508.47,1488.28
F002996,R008,2025-07-20 21:15:00,Boeing 737,160,Completed,3178.38,1270.16,1788.26,1220.12
F002997,R009,2025-07-20 17:15:00,Boeing 737,160,Completed,972.83,375.95,1771.47,1056.07
F002998,R010,2025-07-20 06:30:00,Airbus A320,180,Completed,992.86,361.12,1788.91,1499.92
F002999,R010,2025-07-20 15:00:00,Boeing 737,160,Completed,981.79,356.76,2626.96,767.98
F003000,R001,2025-07-21 13:30:00,Boeing 737,160,Completed,14169.34,5165.83,2020.54,529.7
F003001,R002,2025-07-21 12:30:00,Airbus A320,180,Completed,14776.77,4784.04,2464.69,1092.05
F003002,R002,2025-07-21 06:45:00,Airbus A320,180,Completed,12571.58,5049.1,2497.36,1456.5
F003003,R003,2025-07-21 20:15:00,Boeing 737,160,Cancelled,9396.86,3706.93,2777.23,523.73
F003004,R004,2025-07-21 09:30:00,Airbus A320,180,Completed,9630.29,3535.9,1999.37,1259.05
F003005,R004,2025-07-21 22:00:00,Airbus A320,180,Completed,9722.33,3712.55,2699.8,787.84
F003006,R005,2025-07-21 07:15:00,Boeing 737,160,Completed,3359.49,1208.69,2889.51,723.27
F003007,R006,2025-07-21 13:30:00,Airbus A320,180,Completed,3581.51,1195.04,2565.55,524.94
F003008,R006,2025-07-21 13:45:00,Boeing 737,160,Completed,3376.53,1140.16,2735.86,1120.57
F003009,R007,2025-07-21 14:15:00,Airbus A320,180,Completed,3593.37,1219.66,2721.48,1052.55
F003010,R007,2025-07-21 17:45:00,Airbus A320,180,Completed,3590.62,1257.14,2652.23,1044.73
F003011,R008,2025-07-21 11:00:00,Airbus A320,180,Completed,3597.94,1273.02,2456.45,1189.47
F003012,R008,2025-07-21 17:15:00,Airbus A320,180,Completed,3183.37,1226.45,1572.71,831.56
F003013,R009,2025-07-21 13:15:00,Airbus A320,180,Completed,1081.19,369.18,2840.52,582.99
F003014,R009,2025-07-21 16:15:00,Airbus A320,180,Completed,1010.89,389.95,2127.38,1060.14
F003015,R010,2025-07-21 07:15:00,Airbus A320,180,Completed,970.89,356.07,1920.53,978.91
F003016,R010,2025-07-21 18:15:00,Airbus A320,180,Completed,986.49,366.57,2660.81,998.9
F003017,R001,2025-07-22 16:00:00,Airbus A320,180,Completed,14089.79,4821.49,1711.26,750.53
F003018,R002,2025-07-22 15:00:00,Boeing 737,160,Completed,12996.96,4927.41,1689.03,610.61
F003019,R003,2025-07-22 16:15:00,Airbus A320,180,Completed,10356.78,3628.36,2007.05,958.54
F003020,R003,2025-07-22 06:45:00,Boeing 737,160,Completed,10831.42,3715.3,2068.24,662.15
F003021,R004,2025-07-22 17:45:00,Boeing 737,160,Completed,9623.34,3789.06,1832.43,644.4
F003022,R005,2025-07-22 15:30:00,Boeing 737,160,Completed,3548.56,1229.38,1983.24,1037.82
F003023,R005,2025-07-22 10:45:00,Boeing 737,160,Completed,2970.42,1131.01,2742.21,1105.1
F003024,R006,2025-07-22 11:00:00,Airbus A320,180,Completed,3043.49,1186.26,2926.92,1100.24
F003025,R006,2025-07-22 10:00:00,Airbus A320,180,Completed,2997.15,1183.72,2891.42,676.83
F003026,R007,2025-07-22 17:15:00,Boeing 737,160,Completed,3807.43,1266.93,1814.87,1358.44
F003027,R008,2025-07-22 18:15:00,Boeing 737,160,Completed,3750.71,1314.25,2956.76,621.11
F003028,R009,2025-07-22 11:00:00,Airbus A320,180,Completed,1035.01,390.37,2037.44,684.95
F003029,R010,2025-07-22 19:00:00,Boeing 737,160,Completed,947.5,364.25,1865.28,873.67
F003030,R001,2025-07-23 21:45:00,Boeing 737,160,Cancelled,13894.83,4703.52,2469.19,683.81
F003031,R002,2025-07-23 19:00:00,Airbus A320,180,Completed,12649.35,5119.13,2064.86,1217.94
F003032,R002,2025-07-23 14:45:00,Boeing 737,160,Completed,13650.95,4884.89,2954.74,809.1
F003033,R003,2025-07-23 10:15:00,Boeing 737,160,Completed,9717.75,3795.24,2590.43,1477.42
F003034,R003,2025-07-23 10:15:00,Boeing 737,160,Completed,11091.89,3747.71,2203.08,1416.05
F003035,R004,2025-07-23 15:30:00,Airbus A320,180,Completed,9725.81,3778.36,2756.8,943.94
F003036,R005,2025-07-23 15:30:00,Boeing 737,160,Completed,3383.1,1211.68,1656.62,580.28
F003037,R006,2025-07-23 21:45:00,Airbus A320,180,Completed,3405.19,1168.99,2016.9,1158.83
F003038,R006,2025-07-23 19:00:00,Boeing 737,160,Completed,2957.62,1196.97,2330.66,1321.37
F003039,R007,2025-07-23 21:00:00,Airbus A320,180,Completed,3639.85,1320.1,2437.42,655.88
F003040,R007,2025-07-23 13:00:00,Boeing 737,160,Completed,3448.5,1298.16,2519.63,941.8
F003041,R008,2025-07-23 21:45:00,Boeing 737,160,Completed,3409.37,1235.27,1797.63,986.29
F003042,R008,2025-07-23 17:15:00,Boeing 737,160,Completed,3785.69,1266.43,2453.64,1220.46
F003043,R009,2025-07-23 19:15:00,Airbus A320,180,Completed,942.89,366.0,1728.33,811.57
F003044,R009,2025-07-23 06:00:00,Boeing 737,160,Completed,1118.79,364.46,2745.27,1272.91
F003045,R010,2025-07-23 10:15:00,Boeing 737,160,Completed,968.27,365.01,2016.87,1158.71
F003046,R001,2025-07-24 18:15:00,Boeing 737,160,Completed,14894.52,5076.21,2303.06,757.85
F003047,R001,2025-07-24 21:15:00,Airbus A320,180,Completed,13374.92,4984.71,2823.58,840.83
F003048,R002,2025-07-24 22:15:00,Boeing 737,160,Completed,12507.84,5088.08,2500.95,530.33
F003049,R003,2025-07-24 17:15:00,Airbus A320,180,Completed,9935.56,3575.33,2167.67,1293.02
F003050,R003,2025-07-24 13:30:00,Boeing 737,160,Completed,10773.31,3687.51,2990.13,815.92
F003051,R004,2025-07-24 13:15:00,Airbus A320,180,Completed,11067.14,3642.32,2088.38,1430.35
F003052,R004,2025-07-24 18:45:00,Airbus A320,180,Completed,9666.02,3670.32,1940.26,925.86
F003053,R005,2025-07-24 14:30:00,Airbus A320,180,Completed,3482.92,1131.18,2110.19,638.09
F003054,R006,2025-07-24 19:15:00,Airbus A320,180,Completed,3153.96,1192.02,2000.7,609.86
F003055,R007,2025-07-24 19:15:00,Airbus A320,180,Completed,3790.49,1309.05,1768.98,1444.66
F003056,R008,2025-07-24 06:45:00,Boeing 737,160,Completed,3354.44,1330.37,2799.71,572.95
F003057,R008,2025-07-24 09:30:00,Airbus A320,180,Completed,3785.45,1302.09,2851.55,686.05
F003058,R009,2025-07-24 15:45:00,Airbus A320,180,Completed,1038.81,387.35,2902.38,1199.23
F003059,R010,2025-07-24 15:30:00,Airbus A320,180,Completed,1074.38,372.64,2815.83,873.58
F003060,R001,2025-07-25 07:45:00,Boeing 737,160,Completed,12805.58,5024.12,2294.55,593.61
F003061,R001,2025-07-25 20:15:00,Boeing 737,160,Completed,12776.88,5021.83,2821.25,1193.42
F003062,R002,2025-07-25 16:00:00,Airbus A320,180,Completed,13580.48,5081.64,2167.9,895.42
F003063,R002,2025-07-25 19:15:00,Boeing 737,160,Completed,14561.84,5090.49,2712.02,926.34
F003064,R003,2025-07-25 09:00:00,Boeing 737,160,Completed,10931.29,3812.15,1540.6,1449.15
F003065,R004,2025-07-25 22:30:00,Airbus A320,180,Completed,9394.57,3809.08,2659.85,1369.68
F003066,R005,2025-07-25 12:15:00,Airbus A320,180,Completed,3495.11,1208.87,2071.54,1447.0
F003067,R006,2025-07-25 18:45:00,Boeing 737,160,Completed,3395.92,1173.89,2777.73,1140.11
F003068,R007,2025-07-25 15:45:00,Boeing 737,160,Completed,3189.89,1344.22,2875.84,779.93
F003069,R007,2025-07-25 07:00:00,Boeing 737,160,Completed,3275.59,1297.59,2645.4,593.58
F003070,R008,2025-07-25 17:00:00,Boeing 737,160,Completed,3227.56,1333.14,1937.66,609.72
F003071,R009,2025-07-25 22:00:00,Boeing 737,160,Completed,970.23,374.89,2264.36,1138.92
F003072,R009,2025-07-25 07:30:00,Airbus A320,180,Completed,1056.9,357.59,1592.15,741.99
F003073,R010,2025-07-25 18:45:00,Airbus A320,180,Completed,941.25,363.29,1995.26,1022.44
F003074,R010,2025-07-25 09:30:00,Boeing 737,160,Completed,1023.83,372.43,2028.4,549.94
F003075,R001,2025-07-26 06:00:00,Airbus A320,180,Completed,13656.93,4859.79,1922.75,609.99
F003076,R002,2025-07-26 14:00:00,Boeing 737,160,Completed,14870.48,5003.56,1732.15,962.59
F003077,R002,2025-07-26 09:45:00,Boeing 737,160,Completed,13568.21,4753.4,1640.11,865.81
F003078,R003,2025-07-26 19:45:00,Boeing 737,160,Completed,9310.68,3718.32,2739.9,885.38
F003079,R003,2025-07-26 17:15:00,Boeing 737,160,Completed,9462.25,3531.65,2804.68,1219.42
F003080,R004,2025-07-26 16:15:00,Airbus A320,180,Completed,9522.68,3639.03,2308.68,1088.06
F003081,R005,2025-07-26 16:45:00,Boeing 737,160,Completed,3296.69,1157.93,2927.78,1487.39
F003082,R005,2025-07-26 22:15:00,Airbus A320,180,Completed,3044.34,1176.14,1713.04,968.12
F003083,R006,2025-07-26 16:00:00,Boeing 737,160,Completed,3385.47,1192.68,1901.53,925.32
F003084,R006,2025-07-26 21:15:00,Boeing 737,160,Completed,3472.68,1220.83,1509.69,1288.69
F003085,R007,2025-07-26 12:15:00,Airbus A320,180,Completed,3299.0,1314.56,2145.0,1060.18
F003086,R007,2025-07-26 13:30:00,Airbus A320,180,Completed,3222.05,1265.46,2607.98,561.23
F003087,R008,2025-07-26 10:30:00,Airbus A320,180,Completed,3473.65,1342.03,1506.63,1044.37
F003088,R008,2025-07-26 12:00:00,Airbus A320,180,Completed,3261.13,1310.47,1511.96,956.68
F003089,R009,2025-07-26 11:45:00,Airbus A320,180,Completed,1022.15,389.7,2925.19,615.95
F003090,R010,2025-07-26 10:30:00,Boeing 737,160,Delayed,1068.26,373.28,2255.93,889.94
F003091,R010,2025-07-26 06:00:00,Boeing 737,160,Completed,1016.69,358.4,1609.78,1327.28
F003092,R001,2025-07-27 10:15:00,Airbus A320,180,Completed,14089.31,4944.49,2832.67,1464.31
F003093,R001,2025-07-27 17:45:00,Airbus A320,180,Delayed,14934.15,4749.0,2428.57,1427.92
F003094,R002,2025-07-27 09:45:00,Boeing 737,160,Completed,13275.45,5053.84,2151.75,1271.88
F003095,R002,2025-07-27 18:45:00,Airbus A320,180,Completed,13057.1,5003.09,2585.14,877.63
F003096,R003,2025-07-27 12:30:00,Airbus A320,180,Delayed,9170.35,3734.46,2049.97,661.48
F003097,R004,2025-07-27 10:45:00,Airbus A320,180,Completed,9536.26,3676.82,1800.44,1194.56
F003098,R004,2025-07-27 10:00:00,Boeing 737,160,Completed,10681.44,3597.44,2435.65,513.29
F003099,R005,2025-07-27 17:30:00,Airbus A320,180,Completed,3379.23,1178.65,2643.39,834.57
F003100,R006,2025-07-27 08:30:00,Boeing 737,160,Completed,3427.23,1140.03,1603.86,1208.84
F003101,R007,2025-07-27 19:00:00,Boeing 737,160,Completed,3528.26,1235.15,2022.97,1071.82
F003102,R008,2025-07-27 14:45:00,Airbus A320,180,Delayed,3594.51,1328.6,2877.77,703.31
F003103,R009,2025-07-27 15:15:00,Airbus A320,180,Completed,1026.85,358.64,1780.34,783.69
F003104,R009,2025-07-27 18:45:00,Boeing 737,160,Completed,1093.95,369.68,2955.45,1210.88
F003105,R010,2025-07-27 18:30:00,Boeing 737,160,Completed,1092.74,356.16,1811.5,1442.41
F003106,R010,2025-07-27 21:15:00,Airbus A320,180,Completed,1012.72,360.77,2277.67,810.38
F003107,R001,2025-07-28 14:15:00,Airbus A320,180,Completed,14074.81,4846.1,1559.1,534.38
F003108,R001,2025-07-28 10:00:00,Airbus A320,180,Completed,14059.18,4745.25,2499.81,876.99
F003109,R002,2025-07-28 16:00:00,Boeing 737,160,Completed,13774.43,4869.77,1812.71,643.24
F003110,R003,2025-07-28 18:15:00,Boeing 737,160,Completed,10922.82,3764.39,1797.22,734.47
F003111,R004,2025-07-28 12:45:00,Boeing 737,160,Completed,10786.19,3540.41,1587.32,1222.38
F003112,R004,2025-07-28 07:15:00,Boeing 737,160,Completed,10260.71,3699.77,2590.68,1309.54
F003113,R005,2025-07-28 07:15:00,Boeing 737,160,Completed,3159.79,1241.68,1596.7,1043.76
F003114,R005,2025-07-28 11:00:00,Boeing 737,160,Completed,2972.56,1159.79,1830.94,943.48
F003115,R006,2025-07-28 08:15:00,Airbus A320,180,Completed,3197.68,1192.01,2464.05,1011.84
F003116,R006,2025-07-28 08:15:00,Boeing 737,160,Completed,3380.94,1179.58,1600.17,1353.05
F003117,R007,2025-07-28 20:30:00,Airbus A320,180,Completed,3770.03,1329.67,2867.04,720.29
F003118,R007,2025-07-28 08:00:00,Airbus A320,180,Completed,3653.04,1339.29,2511.51,1241.68
F003119,R008,2025-07-28 19:45:00,Boeing 737,160,Completed,3599.3,1297.22,1935.32,639.51
F003120,R009,2025-07-28 15:15:00,Airbus A320,180,Completed,1050.39,373.04,2112.29,1363.51
F003121,R010,2025-07-28 09:45:00,Airbus A320,180,Completed,1013.51,381.11,1647.44,995.24
F003122,R001,2025-07-29 10:15:00,Airbus A320,180,Completed,14774.56,4916.56,2288.95,1164.8
F003123,R001,2025-07-29 17:00:00,Boeing 737,160,Completed,14235.16,4898.77,2663.91,1139.88
F003124,R002,2025-07-29 18:15:00,Boeing 737,160,Completed,12752.4,4916.47,2165.78,1330.8
F003125,R002,2025-07-29 22:00:00,Boeing 737,160,Completed,13469.69,4899.06,2924.4,1489.51
F003126,R003,2025-07-29 11:15:00,Boeing 737,160,Completed,10079.49,3721.82,1862.76,817.99
F003127,R003,2025-07-29 09:15:00,Airbus A320,180,Completed,9830.94,3683.37,2197.28,933.83
F003128,R004,2025-07-29 18:30:00,Boeing 737,160,Completed,10252.59,3576.8,2335.57,1459.59
F003129,R004,2025-07-29 06:30:00,Boeing 737,160,Completed,11014.54,3846.49,2911.79,790.91
F003130,R005,2025-07-29 09:45:00,Airbus A320,180,Completed,3255.79,1197.83,2357.49,1453.4
F003131,R005,2025-07-29 10:30:00,Airbus A320,180,Completed,3169.59,1139.63,2299.32,580.28
F003132,R006,2025-07-29 15:45:00,Boeing 737,160,Delayed,2976.94,1206.0,2660.8,504.36
F003133,R007,2025-07-29 14:30:00,Boeing 737,160,Completed,3541.61,1275.23,2752.91,991.28
F003134,R008,2025-07-29 07:15:00,Boeing 737,160,Completed,3718.66,1293.49,1527.03,601.68
F003135,R008,2025-07-29 10:30:00,Boeing 737,160,Completed,3217.94,1282.92,2753.42,536.13
F003136,R009,2025-07-29 11:00:00,Airbus A320,180,Completed,1061.73,377.77,1723.85,681.16
F003137,R009,2025-07-29 13:15:00,Airbus A320,180,Completed,1050.04,386.0,2450.98,515.68
F003138,R010,2025-07-29 07:00:00,Airbus A320,180,Completed,1057.08,356.04,1704.15,761.68
F003139,R001,2025-07-30 18:45:00,Boeing 737,160,Completed,12957.91,5100.94,2176.85,739.22
F003140,R002,2025-07-30 06:30:00,Airbus A320,180,Completed,14658.29,5044.24,2710.14,1262.64
F003141,R002,2025-07-30 15:45:00,Airbus A320,180,Completed,14705.02,5038.25,2862.48,755.71
F003142,R003,2025-07-30 21:15:00,Airbus A320,180,Cancelled,10449.35,3600.86,2059.02,754.39
F003143,R003,2025-07-30 08:30:00,Airbus A320,180,Completed,10468.39,3838.32,2962.77,1162.66
F003144,R004,2025-07-30 17:15:00,Airbus A320,180,Delayed,10166.56,3797.79,2342.35,1356.15
F003145,R004,2025-07-30 17:45:00,Boeing 737,160,Completed,10873.21,3814.62,1823.75,1478.64
F003146,R005,2025-07-30 22:30:00,Boeing 737,160,Completed,3041.09,1230.85,2717.11,972.76
F003147,R005,2025-07-30 22:45:00,Boeing 737,160,Completed,3544.25,1235.65,1936.09,659.07
F003148,R006,2025-07-30 12:30:00,Airbus A320,180,Completed,3099.63,1244.48,2145.94,1097.06
F003149,R006,2025-07-30 16:00:00,Airbus A320,180,Completed,2955.84,1214.62,1958.4,1299.71
F003150,R007,2025-07-30 07:15:00,Airbus A320,180,Completed,3455.62,1239.08,2734.1,551.14
F003151,R007,2025-07-30 12:30:00,Boeing 737,160,Completed,3820.07,1315.1,2637.73,1067.14
F003152,R008,2025-07-30 20:15:00,Airbus A320,180,Cancelled,3812.47,1326.17,2385.44,769.64
F003153,R008,2025-07-30 17:00:00,Boeing 737,160,Completed,3569.38,1221.56,2132.57,835.08
F003154,R009,2025-07-30 09:30:00,Boeing 737,160,Completed,1064.82,381.07,2454.04,799.9
F003155,R009,2025-07-30 16:00:00,Boeing 737,160,Completed,1123.0,358.82,1814.58,726.98
F003156,R010,2025-07-30 10:45:00,Airbus A320,180,Completed,1084.4,380.98,2526.82,1324.36
F003157,R001,2025-07-31 16:15:00,Boeing 737,160,Completed,14422.41,5061.32,1650.86,642.24
F003158,R001,2025-07-31 17:00:00,Airbus A320,180,Completed,14956.76,4785.1,2036.95,1384.92
F003159,R002,2025-07-31 10:45:00,Airbus A320,180,Completed,14718.14,5101.53,2015.92,1191.9
F003160,R002,2025-07-31 22:30:00,Airbus A320,180,Completed,12859.58,4797.76,2572.37,850.1
F003161,R003,2025-07-31 16:00:00,Airbus A320,180,Completed,10420.88,3666.67,1561.47,1103.63
F003162,R003,2025-07-31 08:15:00,Airbus A320,180,Completed,9328.1,3683.37,2852.82,804.44
F003163,R004,2025-07-31 16:15:00,Airbus A320,180,Delayed,10556.15,3848.47,2126.82,973.91
F003164,R004,2025-07-31 09:45:00,Airbus A320,180,Completed,9543.41,3670.68,2077.91,1497.69
F003165,R005,2025-07-31 08:30:00,Airbus A320,180,Completed,3185.03,1178.87,2582.87,1369.49
F003166,R006,2025-07-31 19:30:00,Boeing 737,160,Completed,3053.86,1179.01,2270.54,1025.72
F003167,R007,2025-07-31 18:15:00,Boeing 737,160,Completed,3588.36,1337.5,2135.84,734.04
F003168,R007,2025-07-31 19:15:00,Boeing 737,160,Completed,3730.05,1248.01,2427.7,836.03
F003169,R008,2025-07-31 19:45:00,Boeing 737,160,Completed,3392.07,1222.06,1994.9,1115.55
F003170,R009,2025-07-31 10:45:00,Airbus A320,180,Completed,972.46,385.36,2921.46,1452.27
F003171,R010,2025-07-31 14:15:00,Boeing 737,160,Delayed,989.12,368.17,2903.64,1157.57
F003172,R001,2025-08-01 07:15:00,Airbus A320,180,Completed,13906.0,4822.43,1946.67,546.2
F003173,R002,2025-08-01 11:15:00,Boeing 737,160,Completed,12921.85,4768.09,2042.72,871.09
F003174,R003,2025-08-01 20:15:00,Boeing 737,160,Completed,9361.47,3629.69,2385.71,1248.49
F003175,R003,2025-08-01 14:15:00,Boeing 737,160,Completed,10196.33,3768.52,2470.35,748.73
F003176,R004,2025-08-01 13:00:00,Boeing 737,160,Completed,10530.03,3823.34,2496.71,1085.26
F003177,R004,2025-08-01 21:00:00,Boeing 737,160,Completed,9788.9,3658.03,2524.98,614.69
F003178,R005,2025-08-01 10:45:00,Airbus A320,180,Completed,3468.83,1236.67,1820.44,661.72
F003179,R005,2025-08-01 09:45:00,Boeing 737,160,Completed,3388.08,1138.51,1580.36,1003.42
F003180,R006,2025-08-01 10:15:00,Boeing 737,160,Completed,3328.23,1157.85,2350.8,575.52
F003181,R007,2025-08-01 20:15:00,Airbus A320,180,Completed,3479.77,1279.95,2659.31,858.98
F003182,R007,2025-08-01 22:45:00,Airbus A320,180,Completed,3173.64,1300.39,2019.39,1094.86
F003183,R008,2025-08-01 17:15:00,Boeing 737,160,Completed,3352.25,1258.64,1515.53,1488.19
F003184,R009,2025-08-01 10:45:00,Boeing 737,160,Completed,1040.94,376.06,1551.32,713.05
F003185,R010,2025-08-01 17:00:00,Boeing 737,160,Completed,1047.93,374.11,2178.88,896.6
F003186,R010,2025-08-01 13:00:00,Airbus A320,180,Completed,927.4,384.5,2683.02,773.14
F003187,R001,2025-08-02 17:30:00,Boeing 737,160,Completed,13711.79,5060.68,1860.14,923.96
F003188,R001,2025-08-02 22:00:00,Boeing 737,160,Completed,12456.84,4823.08,2324.19,632.16
F003189,R002,2025-08-02 08:00:00,Airbus A320,180,Completed,12523.85,4823.56,2062.95,600.55
F003190,R003,2025-08-02 11:15:00,Boeing 737,160,Completed,9337.8,3705.08,2320.36,861.66
F003191,R003,2025-08-02 13:15:00,Boeing 737,160,Cancelled,10703.19,3780.69,2527.71,576.8
F003192,R004,2025-08-02 22:00:00,Airbus A320,180,Completed,9589.03,3817.93,1856.34,1065.34
F003193,R004,2025-08-02 08:45:00,Boeing 737,160,Cancelled,10636.85,3729.01,2198.78,1010.28
F003194,R005,2025-08-02 21:45:00,Airbus A320,180,Delayed,3060.65,1133.68,2030.38,580.79
F003195,R005,2025-08-02 09:00:00,Airbus A320,180,Completed,3537.07,1182.86,2150.55,768.99
F003196,R006,2025-08-02 06:30:00,Boeing 737,160,Completed,3058.11,1183.1,2293.63,580.93
F003197,R006,2025-08-02 09:00:00,Airbus A320,180,Completed,3462.07,1164.71,1889.31,863.37
F003198,R007,2025-08-02 10:45:00,Airbus A320,180,Completed,3411.58,1323.37,2400.06,953.52
F003199,R007,2025-08-02 21:00:00,Boeing 737,160,Completed,3482.62,1312.05,2716.32,1188.1
F003200,R008,2025-08-02 10:45:00,Boeing 737,160,Completed,3585.19,1269.28,1701.71,901.73
F003201,R008,2025-08-02 18:45:00,Boeing 737,160,Delayed,3835.71,1265.62,2241.63,958.77
F003202,R009,2025-08-02 22:45:00,Airbus A320,180,Completed,1094.97,357.04,2594.16,717.42
F003203,R010,2025-08-02 18:00:00,Airbus A320,180,Completed,986.77,369.92,2071.89,994.24
F003204,R010,2025-08-02 12:15:00,Boeing 737,160,Completed,986.71,380.73,1607.43,957.08
F003205,R001,2025-08-03 15:15:00,Boeing 737,160,Completed,13271.08,4848.78,1840.15,1100.97
F003206,R002,2025-08-03 12:45:00,Airbus A320,180,Completed,13555.87,5119.15,2082.45,877.11
F003207,R002,2025-08-03 18:45:00,Boeing 737,160,Completed,12840.54,4975.35,2669.11,731.33
F003208,R003,2025-08-03 14:15:00,Airbus A320,180,Completed,10524.42,3847.26,1841.76,1228.94
F003209,R004,2025-08-03 17:15:00,Boeing 737,160,Completed,10720.48,3768.4,2922.06,613.61
F003210,R005,2025-08-03 21:00:00,Airbus A320,180,Completed,3155.81,1155.1,1596.62,1407.84
F003211,R006,2025-08-03 18:15:00,Boeing 737,160,Completed,2993.85,1182.26,1692.42,656.88
F003212,R007,2025-08-03 09:15:00,Boeing 737,160,Completed,3234.65,1232.54,2544.78,1272.68
F003213,R007,2025-08-03 18:00:00,Airbus A320,180,Completed,3408.92,1275.36,2419.23,1290.06
F003214,R008,2025-08-03 21:30:00,Airbus A320,180,Completed,3613.13,1225.19,1741.84,1368.25
F003215,R008,2025-08-03 09:45:00,Boeing 737,160,Completed,3250.78,1287.93,2113.83,835.75
F003216,R009,2025-08-03 17:00:00,Boeing 737,160,Delayed,1130.3,388.64,1514.12,576.97
F003217,R009,2025-08-03 12:30:00,Airbus A320,180,Completed,1102.88,358.84,2111.9,1329.09
F003218,R010,2025-08-03 20:30:00,Airbus A320,180,Completed,1017.93,361.96,2800.1,914.42
F003219,R001,2025-08-04 15:45:00,Boeing 737,160,Completed,13579.84,4979.97,1606.55,1073.96
F003220,R001,2025-08-04 12:00:00,Airbus A320,180,Completed,13695.27,5171.64,2546.55,613.83
F003221,R002,2025-08-04 06:45:00,Boeing 737,160,Completed,13411.08,4946.91,1782.79,1183.27
F003222,R003,2025-08-04 09:45:00,Boeing 737,160,Completed,10767.21,3762.54,2132.39,620.53
F003223,R004,2025-08-04 08:45:00,Airbus A320,180,Completed,9681.42,3520.92,2771.83,810.47
F003224,R005,2025-08-04 13:45:00,Boeing 737,160,Completed,3333.24,1217.67,2057.36,1276.52
F003225,R006,2025-08-04 16:45:00,Boeing 737,160,Completed,3384.67,1237.55,2322.24,1330.87
F003226,R007,2025-08-04 21:30:00,Boeing 737,160,Completed,3598.66,1237.66,2866.16,1277.2
F003227,R008,2025-08-04 09:45:00,Airbus A320,180,Completed,3222.12,1294.85,2609.65,822.67
F003228,R008,2025-08-04 08:30:00,Airbus A320,180,Completed,3784.73,1333.03,2856.91,606.29
F003229,R009,2025-08-04 12:45:00,Boeing 737,160,Completed,950.65,375.57,1849.91,1098.23
F003230,R010,2025-08-04 14:00:00,Boeing 737,160,Completed,1074.44,376.05,1977.51,593.82
F003231,R010,2025-08-04 18:15:00,Boeing 737,160,Completed,1049.71,355.62,2657.72,970.29
F003232,R001,2025-08-05 22:30:00,Boeing 737,160,Completed,14022.54,4914.68,2492.4,862.36
F003233,R001,2025-08-05 20:15:00,Airbus A320,180,Completed,14741.43,4718.39,2977.91,1111.28
F003234,R002,2025-08-05 09:45:00,Airbus A320,180,Completed,13982.9,5144.06,1992.93,1445.71
F003235,R003,2025-08-05 19:45:00,Boeing 737,160,Completed,9272.82,3583.53,2944.49,970.47
F003236,R004,2025-08-05 20:00:00,Airbus A320,180,Completed,10543.71,3552.08,2485.29,1206.61
F003237,R004,2025-08-05 06:15:00,Airbus A320,180,Completed,9406.97,3570.77,1756.1,1350.98
F003238,R005,2025-08-05 09:15:00,Boeing 737,160,Completed,3209.37,1236.99,1777.24,734.69
F003239,R005,2025-08-05 16:30:00,Boeing 737,160,Completed,3001.81,1193.26,2473.22,810.0
F003240,R006,2025-08-05 11:30:00,Airbus A320,180,Completed,3041.77,1245.65,1546.23,1193.13
F003241,R006,2025-08-05 13:30:00,Boeing 737,160,Completed,3396.18,1165.15,2117.03,1201.55
F003242,R007,2025-08-05 09:45:00,Boeing 737,160,Completed,3863.86,1271.3,1910.95,1112.69
F003243,R008,2025-08-05 09:30:00,Airbus A320,180,Completed,3420.83,1297.51,2430.06,564.95
F003244,R008,2025-08-05 12:45:00,Boeing 737,160,Completed,3398.52,1324.41,1701.35,1338.77
F003245,R009,2025-08-05 07:15:00,Airbus A320,180,Completed,1102.57,380.26,2732.71,570.6
F003246,R010,2025-08-05 16:45:00,Airbus A320,180,Completed,1052.46,362.08,2366.86,1490.08
F003247,R001,2025-08-06 11:15:00,Airbus A320,180,Completed,13291.87,4891.39,2374.63,1436.54
F003248,R002,2025-08-06 11:15:00,Airbus A320,180,Completed,12887.57,4968.44,1639.91,750.05
F003249,R002,2025-08-06 08:15:00,Boeing 737,160,Completed,14526.65,5095.06,2675.16,805.54
F003250,R003,2025-08-06 10:30:00,Boeing 737,160,Completed,9906.38,3756.0,2268.58,687.82
F003251,R003,2025-08-06 19:15:00,Boeing 737,160,Completed,10774.27,3756.44,2308.2,730.07
F003252,R004,2025-08-06 14:15:00,Airbus A320,180,Completed,9890.9,3854.1,2606.37,881.25
F003253,R005,2025-08-06 07:45:00,Airbus A320,180,Completed,3470.82,1149.48,1873.63,1062.02
F003254,R005,2025-08-06 18:15:00,Airbus A320,180,Completed,3164.76,1182.03,1806.3,1321.19
F003255,R006,2025-08-06 17:15:00,Airbus A320,180,Delayed,3338.08,1233.04,2881.74,1343.53
F003256,R007,2025-08-06 13:45:00,Airbus A320,180,Completed,3372.76,1244.76,2401.41,1339.51
F003257,R008,2025-08-06 18:30:00,Boeing 737,160,Completed,3355.3,1233.87,2324.17,701.41
F003258,R008,2025-08-06 07:30:00,Airbus A320,180,Completed,3269.11,1283.11,2182.99,1434.56
F003259,R009,2025-08-06 18:45:00,Airbus A320,180,Completed,1014.04,377.33,2416.94,758.21
F003260,R009,2025-08-06 06:45:00,Boeing 737,160,Delayed,1019.77,387.22,2463.72,1372.18
F003261,R010,2025-08-06 07:00:00,Airbus A320,180,Completed,1053.44,389.27,1621.19,1463.37
F003262,R010,2025-08-06 12:30:00,Airbus A320,180,Completed,946.76,369.97,2743.9,918.83
F003263,R001,2025-08-07 06:30:00,Boeing 737,160,Completed,13729.08,4952.57,2915.52,1186.22
F003264,R001,2025-08-07 18:45:00,Airbus A320,180,Completed,12961.17,5141.48,2524.64,704.41
F003265,R002,2025-08-07 17:45:00,Airbus A320,180,Completed,12302.02,5185.82,2889.53,824.21
F003266,R003,2025-08-07 16:45:00,Airbus A320,180,Completed,10877.66,3720.29,2922.59,984.47
F003267,R004,2025-08-07 07:15:00,Airbus A320,180,Completed,10967.76,3801.06,2151.95,971.63
F003268,R004,2025-08-07 11:30:00,Airbus A320,180,Delayed,9390.25,3861.45,2766.73,830.44
F003269,R005,2025-08-07 16:45:00,Airbus A320,180,Completed,3426.8,1218.36,2811.82,800.85
F003270,R006,2025-08-07 19:15:00,Airbus A320,180,Completed,3314.68,1218.74,2110.81,1059.29
F003271,R007,2025-08-07 18:15:00,Airbus A320,180,Completed,3534.07,1246.2,2580.14,584.58
F003272,R008,2025-08-07 10:45:00,Airbus A320,180,Completed,3596.77,1228.68,2709.77,1148.52
F003273,R009,2025-08-07 15:30:00,Boeing 737,160,Completed,1112.13,389.1,2234.59,850.28
F003274,R010,2025-08-07 21:00:00,Boeing 737,160,Completed,1005.32,370.82,1577.41,694.3
F003275,R010,2025-08-07 19:15:00,Airbus A320,180,Completed,988.19,365.82,2443.3,758.16
F003276,R001,2025-08-08 13:15:00,Boeing 737,160,Completed,13713.82,5036.26,1725.81,722.35
F003277,R001,2025-08-08 20:45:00,Boeing 737,160,Completed,13549.28,5119.4,2853.26,948.49
F003278,R002,2025-08-08 09:45:00,Airbus A320,180,Completed,13013.39,4879.38,2192.33,928.01
F003279,R003,2025-08-08 10:45:00,Boeing 737,160,Completed,11052.96,3671.51,1969.74,541.14
F003280,R003,2025-08-08 21:45:00,Airbus A320,180,Completed,10728.79,3864.12,2788.04,1113.28
F003281,R004,2025-08-08 13:30:00,Airbus A320,180,Completed,9418.61,3638.15,1785.39,1249.9
F003282,R004,2025-08-08 14:00:00,Boeing 737,160,Completed,10104.67,3679.35,2336.36,781.39
F003283,R005,2025-08-08 10:00:00,Airbus A320,180,Cancelled,3215.55,1170.74,1962.19,945.15
F003284,R005,2025-08-08 12:30:00,Boeing 737,160,Delayed,2989.98,1218.22,2649.8,1151.74
F003285,R006,2025-08-08 07:00:00,Boeing 737,160,Completed,3360.66,1134.13,2776.66,1238.47
F003286,R007,2025-08-08 17:45:00,Airbus A320,180,Completed,3684.83,1237.13,2617.3,1222.35
F003287,R007,2025-08-08 16:15:00,Airbus A320,180,Completed,3634.57,1272.09,1869.0,1453.83
F003288,R008,2025-08-08 10:45:00,Airbus A320,180,Completed,3866.66,1298.83,2873.13,1171.11
F003289,R009,2025-08-08 07:30:00,Airbus A320,180,Completed,931.6,392.68,2605.29,570.14
F003290,R010,2025-08-08 15:30:00,Airbus A320,180,Completed,941.65,377.74,2648.07,1001.86
F003291,R001,2025-08-09 16:00:00,Boeing 737,160,Completed,13742.14,5040.51,1977.42,715.04
F003292,R001,2025-08-09 20:30:00,Airbus A320,180,Delayed,13412.08,4856.92,1959.62,948.68
F003293,R002,2025-08-09 22:45:00,Airbus A320,180,Completed,14072.41,4841.43,2192.34,1083.55
F003294,R003,2025-08-09 18:15:00,Boeing 737,160,Completed,10641.1,3770.28,2053.29,843.09
F003295,R003,2025-08-09 17:00:00,Boeing 737,160,Completed,9698.61,3567.98,1849.01,731.56
F003296,R004,2025-08-09 11:45:00,Airbus A320,180,Completed,10982.03,3823.2,1973.32,1338.18
F003297,R005,2025-08-09 19:15:00,Boeing 737,160,Completed,2984.13,1135.11,1600.85,1375.67
F003298,R006,2025-08-09 18:00:00,Airbus A320,180,Completed,3256.91,1182.19,1865.45,1051.76
F003299,R006,2025-08-09 08:30:00,Airbus A320,180,Delayed,3419.39,1188.04,1751.49,955.21
F003300,R007,2025-08-09 10:00:00,Boeing 737,160,Completed,3403.74,1251.55,1654.67,1430.02
F003301,R007,2025-08-09 11:15:00,Airbus A320,180,Completed,3627.84,1325.37,2988.17,1037.27
F003302,R008,2025-08-09 19:30:00,Airbus A320,180,Completed,3510.74,1230.14,1635.26,703.56
F003303,R008,2025-08-09 17:00:00,Boeing 737,160,Completed,3179.06,1263.45,2060.83,767.54
F003304,R009,2025-08-09 16:00:00,Airbus A320,180,Completed,968.85,378.56,2290.84,1037.96
F003305,R009,2025-08-09 11:00:00,Airbus A320,180,Completed,1038.86,367.56,2815.24,1306.73
F003306,R010,2025-08-09 22:30:00,Boeing 737,160,Completed,1114.21,391.62,2331.0,875.11
F003307,R001,2025-08-10 22:00:00,Airbus A320,180,Completed,13505.55,5077.66,1766.72,1038.04
F003308,R001,2025-08-10 09:15:00,Airbus A320,180,Completed,13700.96,5175.02,1637.55,1391.53
F003309,R002,2025-08-10 07:15:00,Boeing 737,160,Completed,14481.32,5131.24,1783.62,627.14
F003310,R003,2025-08-10 15:15:00,Boeing 737,160,Completed,10537.06,3830.93,2361.35,1244.56
F003311,R004,2025-08-10 07:00:00,Boeing 737,160,Completed,9266.27,3623.47,2208.27,693.19
F003312,R005,2025-08-10 08:30:00,Airbus A320,180,Completed,2997.88,1158.24,1998.51,1141.11
F003313,R006,2025-08-10 12:00:00,Boeing 737,160,Delayed,3149.86,1133.23,1588.33,807.31
F003314,R006,2025-08-10 06:45:00,Airbus A320,180,Completed,3288.45,1208.4,1649.71,547.45
F003315,R007,2025-08-10 17:30:00,Airbus A320,180,Completed,3398.42,1270.05,2759.12,932.16
F003316,R007,2025-08-10 15:30:00,Airbus A320,180,Completed,3257.34,1289.48,2960.63,1097.64
F003317,R008,2025-08-10 10:45:00,Airbus A320,180,Completed,3413.56,1224.96,1960.18,582.03
F003318,R009,2025-08-10 06:45:00,Boeing 737,160,Completed,1114.42,383.28,2973.3,880.54
F003319,R010,2025-08-10 06:00:00,Boeing 737,160,Completed,958.57,364.65,2700.09,623.5
F003320,R001,2025-08-11 19:15:00,Boeing 737,160,Completed,14121.65,5015.75,2248.83,1427.87
F003321,R002,2025-08-11 11:45:00,Airbus A320,180,Completed,14850.16,4717.59,1790.33,770.99
F003322,R002,2025-08-11 08:00:00,Boeing 737,160,Completed,13191.23,4816.55,2493.07,1134.14
F003323,R003,2025-08-11 21:15:00,Boeing 737,160,Completed,10257.11,3675.71,2555.19,657.9
F003324,R003,2025-08-11 06:00:00,Airbus A320,180,Delayed,10991.37,3606.1,2009.4,993.35
F003325,R004,2025-08-11 14:15:00,Airbus A320,180,Completed,11044.99,3560.84,2024.47,795.24
F003326,R005,2025-08-11 07:30:00,Boeing 737,160,Completed,3401.93,1146.11,2447.63,1016.01
F003327,R006,2025-08-11 18:00:00,Airbus A320,180,Completed,3301.25,1149.21,2902.95,681.93
F003328,R007,2025-08-11 19:30:00,Airbus A320,180,Completed,3797.96,1251.68,2931.93,899.14
F003329,R008,2025-08-11 07:00:00,Airbus A320,180,Delayed,3786.83,1299.25,2958.08,1084.42
F003330,R008,2025-08-11 16:45:00,Airbus A320,180,Delayed,3851.92,1251.18,1552.92,1400.58
F003331,R009,2025-08-11 17:45:00,Boeing 737,160,Completed,971.02,376.2,2296.26,1426.75
F003332,R009,2025-08-11 20:45:00,Airbus A320,180,Completed,1013.19,392.05,2964.97,1123.44
F003333,R010,2025-08-11 08:15:00,Airbus A320,180,Completed,1061.21,357.26,2470.73,1385.05
F003334,R001,2025-08-12 06:00:00,Boeing 737,160,Completed,14427.52,5132.23,2334.02,509.12
F003335,R002,2025-08-12 21:30:00,Airbus A320,180,Completed,14708.44,4741.92,2366.13,515.42
F003336,R002,2025-08-12 22:00:00,Boeing 737,160,Completed,13147.69,5078.66,2595.41,1356.84
F003337,R003,2025-08-12 13:15:00,Airbus A320,180,Completed,9763.21,3724.9,2630.23,759.62
F003338,R003,2025-08-12 07:30:00,Boeing 737,160,Completed,9762.36,3554.71,1859.05,858.41
F003339,R004,2025-08-12 19:45:00,Boeing 737,160,Completed,10436.48,3810.17,1997.07,721.06
F003340,R005,2025-08-12 21:00:00,Airbus A320,180,Completed,3505.18,1218.79,2106.02,1126.79
F003341,R005,2025-08-12 19:30:00,Airbus A320,180,Completed,3390.34,1146.33,2836.38,867.56
F003342,R006,2025-08-12 11:15:00,Boeing 737,160,Completed,3436.97,1141.76,1827.5,745.47
F003343,R007,2025-08-12 07:45:00,Airbus A320,180,Completed,3474.09,1311.16,2522.26,1331.8
F003344,R008,2025-08-12 19:45:00,Boeing 737,160,Completed,3603.63,1269.08,1985.92,1051.66
F003345,R008,2025-08-12 21:30:00,Airbus A320,180,Completed,3578.05,1324.43,2212.42,646.56
F003346,R009,2025-08-12 17:15:00,Boeing 737,160,Completed,1118.52,367.36,2016.92,1287.29
F003347,R010,2025-08-12 11:45:00,Airbus A320,180,Completed,1036.2,372.41,1914.65,1466.97
F003348,R010,2025-08-12 08:30:00,Airbus A320,180,Completed,1066.33,392.06,1734.74,943.76
F003349,R001,2025-08-13 09:45:00,Airbus A320,180,Completed,12951.4,4813.39,2419.69,855.59
F003350,R002,2025-08-13 08:30:00,Airbus A320,180,Completed,13097.08,4757.74,2104.95,1029.39
F003351,R002,2025-08-13 19:15:00,Boeing 737,160,Completed,14738.29,4727.16,2933.12,850.96
F003352,R003,2025-08-13 07:00:00,Airbus A320,180,Completed,10730.27,3816.47,1628.79,1236.41
F003353,R004,2025-08-13 10:15:00,Airbus A320,180,Completed,9431.29,3700.98,2638.99,1291.88
F003354,R004,2025-08-13 12:30:00,Boeing 737,160,Completed,10111.57,3658.85,1573.23,1128.43
F003355,R005,2025-08-13 19:00:00,Boeing 737,160,Completed,3465.94,1232.46,2956.24,774.59
F003356,R005,2025-08-13 12:15:00,Airbus A320,180,Completed,3301.99,1137.15,2781.5,1370.47
F003357,R006,2025-08-13 13:30:00,Airbus A320,180,Completed,3201.82,1217.33,1656.49,845.92
F003358,R006,2025-08-13 14:30:00,Airbus A320,180,Completed,3515.78,1169.59,2378.66,1392.5
F003359,R007,2025-08-13 19:45:00,Airbus A320,180,Completed,3829.68,1323.63,2104.35,1200.52
F003360,R008,2025-08-13 10:00:00,Airbus A320,180,Completed,3701.34,1268.55,2545.15,1293.31
F003361,R008,2025-08-13 08:00:00,Boeing 737,160,Completed,3673.99,1323.15,2023.54,944.45
F003362,R009,2025-08-13 22:30:00,Boeing 737,160,Completed,960.77,358.5,2821.86,857.42
F003363,R010,2025-08-13 12:15:00,Boeing 737,160,Completed,1064.2,372.28,2812.13,1049.02
F003364,R010,2025-08-13 08:15:00,Airbus A320,180,Completed,963.17,365.02,2913.59,870.78
F003365,R001,2025-08-14 22:30:00,Airbus A320,180,Delayed,14288.74,4703.75,2341.77,1276.76
F003366,R001,2025-08-14 06:45:00,Airbus A320,180,Completed,12475.0,5089.23,2343.86,1069.52
F003367,R002,2025-08-14 22:00:00,Airbus A320,180,Completed,13566.96,4885.81,1729.77,1177.59
F003368,R003,2025-08-14 15:00:00,Airbus A320,180,Completed,10364.21,3568.4,1809.01,600.31
F003369,R003,2025-08-14 14:15:00,Boeing 737,160,Completed,10188.23,3745.2,2494.45,975.87
F003370,R004,2025-08-14 20:45:00,Airbus A320,180,Cancelled,9907.78,3625.26,2846.84,981.41
F003371,R004,2025-08-14 17:30:00,Airbus A320,180,Delayed,10610.46,3604.62,2690.69,710.25
F003372,R005,2025-08-14 13:45:00,Airbus A320,180,Completed,3369.74,1140.7,2789.74,1300.7
F003373,R005,2025-08-14 11:15:00,Boeing 737,160,Completed,3482.67,1160.16,2418.74,1397.59
F003374,R006,2025-08-14 18:15:00,Airbus A320,180,Completed,3505.58,1169.68,2039.91,963.81
F003375,R006,2025-08-14 09:00:00,Boeing 737,160,Completed,3012.04,1241.43,2465.17,962.34
F003376,R007,2025-08-14 15:30:00,Boeing 737,160,Completed,3640.58,1322.85,2488.89,1194.23
F003377,R008,2025-08-14 10:15:00,Airbus A320,180,Completed,3837.57,1277.94,2250.72,901.29
F003378,R008,2025-08-14 09:15:00,Airbus A320,180,Completed,3363.58,1341.79,2450.82,809.02
F003379,R009,2025-08-14 16:30:00,Airbus A320,180,Completed,969.67,380.18,1727.47,1360.7
F003380,R009,2025-08-14 17:30:00,Airbus A320,180,Completed,1039.34,386.49,2511.23,1082.07
F003381,R010,2025-08-14 21:30:00,Airbus A320,180,Completed,1000.14,374.06,2480.43,902.45
F003382,R010,2025-08-14 10:30:00,Boeing 737,160,Completed,1085.42,370.65,1857.5,1241.66
F003383,R001,2025-08-15 20:00:00,Airbus A320,180,Completed,12300.92,4752.87,2100.67,1092.9
F003384,R001,2025-08-15 20:00:00,Airbus A320,180,Completed,14237.4,4946.39,2384.8,1220.36
F003385,R002,2025-08-15 15:00:00,Airbus A320,180,Completed,14194.15,4985.59,2992.04,1018.2
F003386,R003,2025-08-15 21:30:00,Airbus A320,180,Completed,10587.31,3655.97,1683.99,525.4
F003387,R004,2025-08-15 09:00:00,Boeing 737,160,Completed,10072.01,3734.74,1546.86,1346.38
F003388,R004,2025-08-15 09:45:00,Boeing 737,160,Completed,11046.7,3677.24,2685.87,769.71
F003389,R005,2025-08-15 21:45:00,Boeing 737,160,Completed,3557.21,1165.74,2519.86,897.87
F003390,R006,2025-08-15 09:30:00,Boeing 737,160,Completed,3374.54,1220.15,2885.02,924.22
F003391,R007,2025-08-15 13:30:00,Boeing 737,160,Completed,3730.39,1280.31,1860.23,1379.19
F003392,R007,2025-08-15 17:45:00,Boeing 737,160,Completed,3517.78,1276.16,1699.26,1038.33
F003393,R008,2025-08-15 08:15:00,Boeing 737,160,Completed,3737.63,1323.06,2629.92,1112.09
F003394,R008,2025-08-15 08:30:00,Boeing 737,160,Completed,3206.18,1277.91,2785.91,664.97
F003395,R009,2025-08-15 13:45:00,Airbus A320,180,Completed,1100.71,389.82,1970.47,1212.27
F003396,R009,2025-08-15 19:45:00,Boeing 737,160,Completed,1121.21,365.32,2944.9,696.02
F003397,R010,2025-08-15 07:45:00,Boeing 737,160,Completed,1091.15,384.25,2155.43,864.76
F003398,R001,2025-08-16 18:00:00,Boeing 737,160,Completed,14903.81,4872.14,2922.88,1169.39
F003399,R002,2025-08-16 21:30:00,Boeing 737,160,Completed,12636.46,4953.26,2645.38,890.34
F003400,R003,2025-08-16 08:15:00,Boeing 737,160,Completed,11080.81,3801.57,1749.37,763.85
F003401,R004,2025-08-16 16:15:00,Airbus A320,180,Completed,9305.44,3547.35,2233.85,1141.91
F003402,R005,2025-08-16 16:30:00,Airbus A320,180,Completed,3578.51,1218.74,2177.26,764.11
F003403,R006,2025-08-16 18:30:00,Boeing 737,160,Completed,3058.48,1210.15,1975.54,786.41
F003404,R006,2025-08-16 08:00:00,Boeing 737,160,Completed,3461.25,1210.28,2498.6,1264.51
F003405,R007,2025-08-16 08:15:00,Airbus A320,180,Completed,3822.61,1241.95,2949.56,1187.15
F003406,R007,2025-08-16 10:00:00,Boeing 737,160,Completed,3562.6,1300.98,2309.81,1190.02
F003407,R008,2025-08-16 20:45:00,Airbus A320,180,Completed,3723.16,1286.75,2846.71,1361.96
F003408,R009,2025-08-16 14:45:00,Boeing 737,160,Completed,959.76,390.68,1891.55,1022.23
F003409,R010,2025-08-16 13:30:00,Airbus A320,180,Completed,1126.16,388.94,1666.94,942.92
F003410,R001,2025-08-17 18:00:00,Boeing 737,160,Completed,12255.66,4940.93,2666.57,1420.13
F003411,R002,2025-08-17 21:00:00,Boeing 737,160,Completed,14950.29,5029.89,2224.75,608.41
F003412,R002,2025-08-17 13:45:00,Airbus A320,180,Delayed,12644.33,5001.33,1503.88,921.07
F003413,R003,2025-08-17 08:45:00,Boeing 737,160,Completed,11083.95,3691.63,1562.69,1045.6
F003414,R003,2025-08-17 22:45:00,Boeing 737,160,Completed,10471.34,3545.42,2084.9,1074.3
F003415,R004,2025-08-17 13:15:00,Airbus A320,180,Delayed,10853.46,3748.98,2693.77,756.7
F003416,R005,2025-08-17 20:30:00,Boeing 737,160,Completed,3325.04,1138.5,1555.51,1217.92
F003417,R005,2025-08-17 13:00:00,Airbus A320,180,Completed,3452.98,1158.32,2696.41,533.19
F003418,R006,2025-08-17 06:15:00,Airbus A320,180,Completed,3025.69,1225.34,2997.07,1205.17
F003419,R006,2025-08-17 20:00:00,Boeing 737,160,Completed,3301.18,1216.2,2060.65,1073.87
F003420,R007,2025-08-17 18:15:00,Airbus A320,180,Completed,3500.5,1219.28,1915.91,617.87
F003421,R008,2025-08-17 13:00:00,Boeing 737,160,Completed,3622.53,1268.92,1707.82,1374.63
F003422,R008,2025-08-17 11:45:00,Boeing 737,160,Completed,3272.08,1232.4,2357.08,1429.22
F003423,R009,2025-08-17 22:45:00,Airbus A320,180,Completed,1088.7,374.54,1712.35,1343.04
F003424,R010,2025-08-17 12:30:00,Boeing 737,160,Completed,1081.16,386.25,1788.19,1339.2
F003425,R001,2025-08-18 06:45:00,Airbus A320,180,Completed,13472.66,5140.77,1989.41,584.46
F003426,R002,2025-08-18 16:30:00,Airbus A320,180,Completed,13813.72,5084.39,2559.03,622.12
F003427,R002,2025-08-18 11:00:00,Airbus A320,180,Completed,12379.44,5102.36,1632.64,1410.88
F003428,R003,2025-08-18 12:00:00,Airbus A320,180,Completed,9884.24,3858.7,2374.36,982.19
F003429,R004,2025-08-18 13:30:00,Airbus A320,180,Completed,9340.69,3850.37,1622.17,985.93
F003430,R005,2025-08-18 12:00:00,Airbus A320,180,Completed,3208.72,1182.29,1585.48,1073.13
F003431,R006,2025-08-18 10:30:00,Airbus A320,180,Completed,2943.44,1139.67,2088.24,1040.87
F003432,R007,2025-08-18 16:15:00,Boeing 737,160,Completed,3488.99,1289.51,1672.95,1057.35
F003433,R008,2025-08-18 20:45:00,Airbus A320,180,Completed,3777.72,1219.1,1919.72,810.16
F003434,R008,2025-08-18 20:15:00,Boeing 737,160,Completed,3623.55,1278.46,1854.5,727.65
F003435,R009,2025-08-18 14:45:00,Airbus A320,180,Delayed,994.22,383.53,2249.81,1480.02
F003436,R010,2025-08-18 09:00:00,Airbus A320,180,Completed,1037.31,388.84,2788.18,1086.65
F003437,R010,2025-08-18 20:15:00,Boeing 737,160,Completed,1037.02,392.36,2080.53,1356.45
F003438,R001,2025-08-19 11:45:00,Boeing 737,160,Completed,13490.03,5088.33,2375.51,1439.3
F003439,R001,2025-08-19 15:45:00,Airbus A320,180,Completed,14516.25,4754.57,1576.84,1453.36
F003440,R002,2025-08-19 18:30:00,Airbus A320,180,Completed,13236.95,5035.94,2026.64,841.42
F003441,R002,2025-08-19 10:45:00,Boeing 737,160,Completed,12704.33,5040.65,1815.13,1006.91
F003442,R003,2025-08-19 06:15:00,Boeing 737,160,Completed,10374.04,3602.59,2527.92,1028.42
F003443,R003,2025-08-19 17:45:00,Boeing 737,160,Completed,10849.19,3647.31,2385.2,1097.46
F003444,R004,2025-08-19 08:15:00,Boeing 737,160,Completed,11029.18,3796.04,2214.54,1124.8
F003445,R004,2025-08-19 20:45:00,Airbus A320,180,Completed,10029.2,3645.7,1561.32,1154.25
F003446,R005,2025-08-19 10:45:00,Boeing 737,160,Completed,3265.04,1198.6,2819.01,1307.9
F003447,R005,2025-08-19 20:00:00,Boeing 737,160,Cancelled,2976.35,1180.61,1857.54,857.59
F003448,R006,2025-08-19 19:15:00,Boeing 737,160,Completed,3371.99,1132.46,2309.46,1401.01
F003449,R007,2025-08-19 15:15:00,Boeing 737,160,Completed,3336.41,1305.64,2664.47,551.89
F003450,R008,2025-08-19 12:15:00,Airbus A320,180,Completed,3370.32,1220.79,2101.7,1208.37
F003451,R009,2025-08-19 18:30:00,Boeing 737,160,Completed,1065.54,355.39,2417.96,1154.37
F003452,R010,2025-08-19 16:45:00,Airbus A320,180,Completed,992.12,360.56,1958.28,636.54
F003453,R001,2025-08-20 13:45:00,Boeing 737,160,Delayed,12341.11,4891.86,2910.31,753.81
F003454,R001,2025-08-20 16:30:00,Airbus A320,180,Completed,14374.45,4871.12,1659.95,1461.85
F003455,R002,2025-08-20 14:15:00,Airbus A320,180,Completed,13204.3,4856.45,1714.76,1302.16
F003456,R003,2025-08-20 13:45:00,Airbus A320,180,Completed,10681.23,3619.15,1698.02,833.02
F003457,R003,2025-08-20 06:45:00,Airbus A320,180,Delayed,10255.85,3742.78,2169.95,896.89
F003458,R004,2025-08-20 07:15:00,Boeing 737,160,Completed,9480.43,3599.37,1612.74,980.54
F003459,R005,2025-08-20 16:45:00,Airbus A320,180,Completed,3543.06,1241.63,2663.53,1161.83
F003460,R006,2025-08-20 22:45:00,Boeing 737,160,Completed,3541.22,1190.3,1804.47,1297.58
F003461,R006,2025-08-20 08:30:00,Boeing 737,160,Completed,3466.66,1196.01,2695.81,673.68
F003462,R007,2025-08-20 21:45:00,Airbus A320,180,Completed,3384.77,1272.66,1851.68,1260.24
F003463,R008,2025-08-20 21:00:00,Boeing 737,160,Completed,3401.53,1307.84,1768.2,987.67
F003464,R009,2025-08-20 08:15:00,Boeing 737,160,Completed,955.92,361.25,2554.96,1252.14
F003465,R009,2025-08-20 08:45:00,Airbus A320,180,Completed,986.86,390.72,1600.23,775.43
F003466,R010,2025-08-20 10:00:00,Boeing 737,160,Completed,1104.29,365.36,2122.58,1374.45
F003467,R010,2025-08-20 16:00:00,Boeing 737,160,Completed,998.78,370.48,2520.82,947.32
F003468,R001,2025-08-21 11:00:00,Boeing 737,160,Completed,14613.62,4899.63,2221.92,1408.55
F003469,R001,2025-08-21 16:30:00,Boeing 737,160,Completed,12800.28,4986.07,2058.69,1452.35
F003470,R002,2025-08-21 13:15:00,Airbus A320,180,Completed,13707.54,5021.41,2139.37,1295.62
F003471,R003,2025-08-21 16:45:00,Boeing 737,160,Completed,9602.95,3655.57,1613.22,1241.53
F003472,R003,2025-08-21 16:00:00,Airbus A320,180,Completed,9151.85,3642.15,2583.55,1065.5
F003473,R004,2025-08-21 21:15:00,Boeing 737,160,Completed,10391.44,3636.77,2357.19,546.22
F003474,R004,2025-08-21 10:30:00,Boeing 737,160,Completed,9621.54,3767.7,2954.3,949.96
F003475,R005,2025-08-21 14:15:00,Airbus A320,180,Completed,3322.86,1188.66,2390.08,603.14
F003476,R006,2025-08-21 16:00:00,Boeing 737,160,Completed,3220.84,1153.67,2406.54,943.63
F003477,R006,2025-08-21 15:15:00,Boeing 737,160,Completed,3531.0,1184.04,2745.73,959.49
F003478,R007,2025-08-21 15:15:00,Airbus A320,180,Completed,3568.71,1277.86,1857.34,912.05
F003479,R008,2025-08-21 10:30:00,Boeing 737,160,Completed,3537.58,1287.82,2539.65,677.82
F003480,R008,2025-08-21 21:45:00,Boeing 737,160,Completed,3708.63,1300.69,2562.42,961.09
F003481,R009,2025-08-21 14:30:00,Boeing 737,160,Completed,1056.34,362.69,2825.01,1359.93
F003482,R010,2025-08-21 22:45:00,Boeing 737,160,Completed,1049.81,387.73,2042.85,610.32
F003483,R010,2025-08-21 18:30:00,Boeing 737,160,Completed,1109.61,387.71,2471.38,1334.92
F003484,R001,2025-08-22 13:30:00,Boeing 737,160,Completed,13995.58,4764.55,2206.35,1364.14
F003485,R002,2025-08-22 06:00:00,Airbus A320,180,Completed,12277.07,4735.08,2548.5,982.93
F003486,R003,2025-08-22 19:15:00,Airbus A320,180,Completed,10922.56,3657.12,2541.78,1469.01
F003487,R003,2025-08-22 10:15:00,Airbus A320,180,Completed,9669.11,3564.18,1549.58,912.59
F003488,R004,2025-08-22 07:00:00,Airbus A320,180,Completed,11011.85,3739.82,1587.97,600.26
F003489,R005,2025-08-22 10:45:00,Boeing 737,160,Completed,3011.35,1213.04,2628.21,684.35
F003490,R005,2025-08-22 11:45:00,Airbus A320,180,Completed,3535.84,1159.32,2940.0,828.26
F003491,R006,2025-08-22 06:00:00,Airbus A320,180,Completed,3022.55,1201.11,1834.16,1478.89
F003492,R007,2025-08-22 20:30:00,Boeing 737,160,Delayed,3284.3,1286.96,1863.54,1293.94
F003493,R007,2025-08-22 16:45:00,Airbus A320,180,Completed,3815.71,1279.6,2215.0,1434.24
F003494,R008,2025-08-22 13:00:00,Boeing 737,160,Completed,3290.11,1316.5,1745.29,801.19
F003495,R008,2025-08-22 13:45:00,Airbus A320,180,Completed,3180.42,1310.17,1714.87,1062.77
F003496,R009,2025-08-22 07:45:00,Airbus A320,180,Completed,1098.94,370.51,2797.0,1144.92
F003497,R010,2025-08-22 10:45:00,Airbus A320,180,Completed,976.96,382.88,1987.33,759.81
F003498,R010,2025-08-22 07:30:00,Boeing 737,160,Completed,1057.56,359.97,2428.86,1098.69
F003499,R001,2025-08-23 19:45:00,Airbus A320,180,Completed,14460.35,4834.98,2356.36,1121.97
F003500,R002,2025-08-23 13:45:00,Boeing 737,160,Completed,13005.86,5125.07,2609.01,1171.87
F003501,R002,2025-08-23 11:30:00,Boeing 737,160,Completed,13648.94,4978.68,1833.65,956.67
F003502,R003,2025-08-23 22:00:00,Boeing 737,160,Completed,9637.78,3852.33,1848.67,840.39
F003503,R004,2025-08-23 07:15:00,Boeing 737,160,Completed,9996.85,3544.86,1768.07,793.12
F003504,R005,2025-08-23 14:00:00,Airbus A320,180,Completed,3065.02,1225.89,1735.92,741.73
F003505,R005,2025-08-23 17:00:00,Airbus A320,180,Completed,3538.72,1176.09,1688.27,1321.5
F003506,R006,2025-08-23 09:00:00,Airbus A320,180,Completed,3403.37,1172.04,2034.74,1034.32
F003507,R006,2025-08-23 21:00:00,Airbus A320,180,Completed,3354.59,1211.55,1910.07,652.31
F003508,R007,2025-08-23 16:45:00,Airbus A320,180,Completed,3223.16,1294.02,1734.4,1313.01
F003509,R007,2025-08-23 08:15:00,Airbus A320,180,Delayed,3336.94,1320.56,1553.39,986.31
F003510,R008,2025-08-23 08:15:00,Airbus A320,180,Completed,3809.95,1262.68,2614.38,1229.23
F003511,R009,2025-08-23 14:00:00,Airbus A320,180,Completed,948.29,381.18,2787.48,814.06
F003512,R009,2025-08-23 21:00:00,Airbus A320,180,Completed,1014.56,363.92,2938.19,1131.8
F003513,R010,2025-08-23 14:45:00,Boeing 737,160,Completed,929.24,384.62,1680.49,910.52
F003514,R001,2025-08-24 17:45:00,Boeing 737,160,Completed,13111.4,4707.08,2668.66,958.2
F003515,R002,2025-08-24 16:00:00,Airbus A320,180,Completed,12670.09,4858.12,2343.57,885.41
F003516,R003,2025-08-24 19:45:00,Airbus A320,180,Completed,10919.07,3620.4,2528.76,1192.73
F003517,R003,2025-08-24 19:00:00,Boeing 737,160,Completed,10650.83,3726.28,1663.96,578.65
F003518,R004,2025-08-24 19:00:00,Boeing 737,160,Completed,10625.48,3728.88,2228.39,1013.44
F003519,R004,2025-08-24 22:00:00,Boeing 737,160,Completed,9215.4,3802.48,2843.75,1156.44
F003520,R005,2025-08-24 13:00:00,Airbus A320,180,Completed,3572.06,1184.81,2303.49,852.31
F003521,R005,2025-08-24 22:30:00,Airbus A320,180,Completed,3548.59,1134.03,2025.78,535.18
F003522,R006,2025-08-24 16:45:00,Boeing 737,160,Completed,3188.72,1149.52,1551.41,979.17
F003523,R006,2025-08-24 10:45:00,Boeing 737,160,Completed,3478.78,1214.61,2975.27,612.26
F003524,R007,2025-08-24 20:15:00,Boeing 737,160,Completed,3495.96,1262.99,1924.08,966.11
F003525,R007,2025-08-24 13:00:00,Boeing 737,160,Completed,3208.01,1269.22,2165.17,1384.31
F003526,R008,2025-08-24 09:30:00,Airbus A320,180,Completed,3861.79,1295.79,1806.63,961.45
F003527,R008,2025-08-24 08:30:00,Airbus A320,180,Completed,3511.97,1290.24,2915.73,878.92
F003528,R009,2025-08-24 20:30:00,Boeing 737,160,Completed,1104.28,367.93,2237.14,600.98
F003529,R009,2025-08-24 19:30:00,Airbus A320,180,Completed,1014.33,368.43,2411.43,865.44
F003530,R010,2025-08-24 12:30:00,Boeing 737,160,Completed,1116.15,358.64,1573.22,1125.82
F003531,R010,2025-08-24 20:15:00,Boeing 737,160,Completed,928.99,356.51,2024.23,1334.89
F003532,R001,2025-08-25 19:30:00,Boeing 737,160,Completed,12905.27,4935.01,2215.23,1294.6
F003533,R001,2025-08-25 06:15:00,Boeing 737,160,Completed,13281.79,5042.82,2221.55,1091.9
F003534,R002,2025-08-25 19:00:00,Airbus A320,180,Completed,13022.18,4940.34,1730.55,1352.11
F003535,R003,2025-08-25 14:00:00,Boeing 737,160,Completed,11074.76,3860.1,1935.11,821.25
F003536,R004,2025-08-25 16:30:00,Boeing 737,160,Completed,10167.78,3782.22,1554.72,1063.59
F003537,R005,2025-08-25 21:45:00,Airbus A320,180,Completed,3095.09,1189.19,1702.66,877.51
F003538,R006,2025-08-25 12:00:00,Boeing 737,160,Completed,3461.93,1220.31,1873.1,719.76
F003539,R006,2025-08-25 07:00:00,Boeing 737,160,Completed,3319.44,1163.18,1969.31,1115.09
F003540,R007,2025-08-25 06:45:00,Airbus A320,180,Completed,3247.94,1345.02,2349.59,1143.82
F003541,R008,2025-08-25 14:45:00,Airbus A320,180,Completed,3280.55,1297.28,2539.78,859.23
F003542,R008,2025-08-25 22:45:00,Boeing 737,160,Completed,3275.38,1237.8,2666.98,1131.84
F003543,R009,2025-08-25 06:15:00,Boeing 737,160,Completed,977.04,360.15,2844.96,786.97
F003544,R010,2025-08-25 18:45:00,Airbus A320,180,Completed,1101.14,391.79,1653.13,859.43
F003545,R010,2025-08-25 17:00:00,Airbus A320,180,Completed,946.69,374.62,2443.55,1272.2
F003546,R001,2025-08-26 16:00:00,Airbus A320,180,Completed,13347.18,4724.01,2313.4,614.76
F003547,R002,2025-08-26 12:15:00,Airbus A320,180,Completed,13686.56,4847.99,1913.12,1134.89
F003548,R003,2025-08-26 18:15:00,Airbus A320,180,Completed,9306.03,3559.29,2086.36,822.96
F003549,R004,2025-08-26 15:30:00,Boeing 737,160,Completed,9167.78,3566.5,2965.62,1194.08
F003550,R004,2025-08-26 10:30:00,Airbus A320,180,Completed,9526.34,3533.43,2802.46,734.71
F003551,R005,2025-08-26 15:30:00,Boeing 737,160,Completed,3088.21,1137.35,2753.36,609.88
F003552,R006,2025-08-26 10:45:00,Airbus A320,180,Completed,3352.79,1225.09,2880.13,1287.99
F003553,R007,2025-08-26 19:00:00,Airbus A320,180,Completed,3233.07,1251.71,2896.02,1287.96
F003554,R008,2025-08-26 09:15:00,Airbus A320,180,Completed,3770.17,1266.41,2486.67,1099.25
F003555,R009,2025-08-26 21:45:00,Boeing 737,160,Completed,985.19,391.53,1830.67,578.49
F003556,R009,2025-08-26 08:15:00,Boeing 737,160,Completed,1031.72,359.45,2786.8,1354.9
F003557,R010,2025-08-26 15:00:00,Airbus A320,180,Completed,1115.23,381.38,1847.18,814.86
F003558,R001,2025-08-27 20:00:00,Airbus A320,180,Completed,13100.18,4721.58,2041.74,501.36
F003559,R002,2025-08-27 07:45:00,Airbus A320,180,Completed,12523.74,5029.49,2254.99,1026.57
F003560,R002,2025-08-27 08:00:00,Boeing 737,160,Delayed,12535.93,5103.12,2030.53,1410.42
F003561,R003,2025-08-27 16:45:00,Boeing 737,160,Completed,11059.39,3563.69,1992.18,1476.72
F003562,R003,2025-08-27 14:00:00,Airbus A320,180,Completed,10611.19,3517.49,1822.19,1493.13
F003563,R004,2025-08-27 14:30:00,Airbus A320,180,Completed,9145.23,3855.4,1870.4,606.54
F003564,R004,2025-08-27 13:45:00,Airbus A320,180,Completed,9318.35,3808.6,2106.78,800.46
F003565,R005,2025-08-27 18:00:00,Boeing 737,160,Completed,3049.96,1218.78,2176.38,733.74
F003566,R006,2025-08-27 07:30:00,Airbus A320,180,Completed,3545.0,1175.71,1631.38,1336.52
F003567,R007,2025-08-27 06:45:00,Airbus A320,180,Completed,3381.18,1318.77,1748.62,725.86
F003568,R008,2025-08-27 18:30:00,Boeing 737,160,Completed,3216.27,1274.41,2925.87,900.01
F003569,R009,2025-08-27 18:30:00,Airbus A320,180,Completed,1031.95,372.78,2847.27,746.46
F003570,R009,2025-08-27 09:00:00,Boeing 737,160,Completed,1115.17,372.35,2202.8,1253.49
F003571,R010,2025-08-27 21:15:00,Airbus A320,180,Completed,990.07,389.24,2393.28,1308.94
F003572,R010,2025-08-27 07:45:00,Boeing 737,160,Completed,948.41,388.4,2163.52,1073.73
F003573,R001,2025-08-28 07:00:00,Airbus A320,180,Completed,13928.55,4786.76,1639.24,786.61
F003574,R001,2025-08-28 08:30:00,Airbus A320,180,Completed,14563.22,4911.82,1918.97,732.36
F003575,R002,2025-08-28 19:30:00,Airbus A320,180,Cancelled,14810.74,4815.76,2978.46,980.04
F003576,R002,2025-08-28 06:15:00,Boeing 737,160,Completed,13231.88,5151.4,2814.65,1257.13
F003577,R003,2025-08-28 11:45:00,Airbus A320,180,Completed,11127.58,3586.57,2078.88,611.67
F003578,R003,2025-08-28 21:45:00,Boeing 737,160,Completed,9348.41,3675.18,2942.29,1369.05
F003579,R004,2025-08-28 10:30:00,Airbus A320,180,Cancelled,10594.97,3563.61,2877.37,1292.78
F003580,R004,2025-08-28 17:45:00,Airbus A320,180,Completed,11106.87,3597.34,2432.6,1365.76
F003581,R005,2025-08-28 20:00:00,Airbus A320,180,Completed,3398.53,1246.33,2938.44,773.48
F003582,R005,2025-08-28 12:00:00,Airbus A320,180,Completed,3539.74,1174.99,2905.84,930.42
F003583,R006,2025-08-28 17:00:00,Airbus A320,180,Completed,3510.53,1226.58,2193.76,625.3
F003584,R006,2025-08-28 09:45:00,Boeing 737,160,Completed,3161.8,1175.31,2717.2,1057.29
F003585,R007,2025-08-28 17:30:00,Airbus A320,180,Completed,3386.07,1244.65,2388.79,1193.96
F003586,R008,2025-08-28 06:00:00,Airbus A320,180,Completed,3640.16,1298.46,1991.49,986.0
F003587,R008,2025-08-28 13:15:00,Airbus A320,180,Completed,3639.31,1278.85,2759.89,599.06
F003588,R009,2025-08-28 18:15:00,Airbus A320,180,Completed,991.92,377.9,2778.37,554.76
F003589,R009,2025-08-28 06:15:00,Airbus A320,180,Completed,1128.25,355.57,2500.21,1283.77
F003590,R010,2025-08-28 07:00:00,Airbus A320,180,Completed,1012.89,370.83,2769.13,959.67
F003591,R001,2025-08-29 14:00:00,Boeing 737,160,Completed,14830.98,5125.93,1501.81,1172.59
F003592,R001,2025-08-29 22:15:00,Boeing 737,160,Completed,13696.5,4852.46,2957.27,1332.21
F003593,R002,2025-08-29 18:45:00,Boeing 737,160,Completed,12786.61,5163.92,1610.36,763.7
F003594,R003,2025-08-29 22:00:00,Airbus A320,180,Completed,10510.93,3855.9,2199.31,1128.1
F003595,R003,2025-08-29 19:30:00,Airbus A320,180,Completed,10609.15,3533.32,1707.75,1487.83
F003596,R004,2025-08-29 10:00:00,Airbus A320,180,Completed,9570.87,3537.53,2590.85,897.64
F003597,R005,2025-08-29 09:45:00,Airbus A320,180,Completed,2981.55,1203.41,2962.12,723.34
F003598,R005,2025-08-29 06:15:00,Boeing 737,160,Completed,3210.45,1219.43,2535.42,936.36
F003599,R006,2025-08-29 19:15:00,Airbus A320,180,Completed,3536.89,1201.01,1599.18,1347.62
F003600,R007,2025-08-29 14:00:00,Boeing 737,160,Completed,3276.84,1318.1,2499.64,1213.02
F003601,R007,2025-08-29 13:15:00,Airbus A320,180,Completed,3271.6,1333.24,1723.78,1386.87
F003602,R008,2025-08-29 20:00:00,Boeing 737,160,Completed,3441.26,1295.14,2191.64,760.04
F003603,R008,2025-08-29 16:15:00,Boeing 737,160,Delayed,3393.66,1334.18,2121.71,757.26
F003604,R009,2025-08-29 22:30:00,Boeing 737,160,Completed,1090.51,383.24,2143.81,1203.47
F003605,R009,2025-08-29 19:00:00,Boeing 737,160,Completed,940.95,384.59,1833.84,546.33
F003606,R010,2025-08-29 06:00:00,Airbus A320,180,Completed,1041.24,373.21,2761.37,817.26
F003607,R010,2025-08-29 17:00:00,Airbus A320,180,Completed,1069.35,361.54,2222.22,978.91
F003608,R001,2025-08-30 11:30:00,Boeing 737,160,Completed,14124.59,4710.33,2594.6,1454.53
F003609,R002,2025-08-30 20:15:00,Boeing 737,160,Completed,13374.16,5141.23,2949.94,895.27
F003610,R003,2025-08-30 12:15:00,Boeing 737,160,Completed,9795.62,3617.04,2302.78,506.71
F003611,R004,2025-08-30 17:45:00,Airbus A320,180,Completed,10700.37,3773.77,2955.26,1296.66
F003612,R004,2025-08-30 12:30:00,Airbus A320,180,Completed,10869.22,3624.01,2019.39,1064.33
F003613,R005,2025-08-30 14:45:00,Airbus A320,180,Completed,3386.04,1137.33,2219.23,716.57
F003614,R006,2025-08-30 20:00:00,Boeing 737,160,Completed,3404.53,1179.17,2941.95,892.94
F003615,R006,2025-08-30 20:45:00,Boeing 737,160,Completed,3007.87,1171.93,2333.42,1230.28
F003616,R007,2025-08-30 12:15:00,Boeing 737,160,Completed,3734.55,1287.52,2042.24,1456.24
F003617,R008,2025-08-30 22:15:00,Boeing 737,160,Completed,3615.95,1345.36,2337.93,1011.28
F003618,R009,2025-08-30 11:00:00,Boeing 737,160,Completed,1108.31,380.84,2282.55,702.72
F003619,R010,2025-08-30 20:15:00,Airbus A320,180,Completed,1127.56,383.82,1935.91,848.94
F003620,R001,2025-08-31 06:45:00,Boeing 737,160,Completed,12269.17,5008.01,2767.43,1050.41
F003621,R002,2025-08-31 21:30:00,Boeing 737,160,Completed,13440.58,5057.15,2235.09,1198.19
F003622,R003,2025-08-31 18:30:00,Boeing 737,160,Completed,9456.52,3777.42,1990.86,832.02
F003623,R004,2025-08-31 06:30:00,Boeing 737,160,Completed,9203.41,3549.79,1955.36,1037.77
F003624,R005,2025-08-31 10:15:00,Airbus A320,180,Completed,3513.41,1153.31,1571.48,709.8
F003625,R005,2025-08-31 06:45:00,Boeing 737,160,Completed,3024.59,1166.88,1730.31,1154.19
F003626,R006,2025-08-31 06:15:00,Airbus A320,180,Completed,3386.44,1232.81,2459.62,697.49
F003627,R007,2025-08-31 16:15:00,Boeing 737,160,Completed,3864.38,1316.3,1712.32,1456.7
F003628,R007,2025-08-31 06:00:00,Airbus A320,180,Completed,3673.19,1246.25,2133.04,1399.85
F003629,R008,2025-08-31 18:45:00,Airbus A320,180,Completed,3179.47,1244.35,1502.15,873.82
F003630,R008,2025-08-31 14:00:00,Boeing 737,160,Completed,3447.61,1273.78,1895.85,964.31
F003631,R009,2025-08-31 15:30:00,Airbus A320,180,Delayed,1039.26,359.03,2593.3,594.98
F003632,R010,2025-08-31 15:15:00,Airbus A320,180,Completed,1096.41,361.66,1505.39,629.59
F003633,R010,2025-08-31 09:00:00,Airbus A320,180,Completed,926.9,385.9,2481.3,1464.32
F003634,R001,2025-09-01 19:00:00,Boeing 737,160,Completed,12583.86,5116.55,2562.52,872.48
F003635,R001,2025-09-01 13:15:00,Boeing 737,160,Completed,14049.89,5187.41,2903.17,824.38
F003636,R002,2025-09-01 20:45:00,Airbus A320,180,Completed,12891.07,5158.51,2610.26,1454.65
F003637,R003,2025-09-01 21:45:00,Boeing 737,160,Completed,11043.25,3782.88,2514.54,1095.81
F003638,R003,2025-09-01 07:00:00,Boeing 737,160,Delayed,9372.87,3629.09,1738.74,824.62
F003639,R004,2025-09-01 11:45:00,Airbus A320,180,Completed,10567.49,3711.26,1765.75,540.38
F003640,R004,2025-09-01 08:45:00,Airbus A320,180,Completed,10217.01,3514.3,1856.94,754.73
F003641,R005,2025-09-01 22:00:00,Airbus A320,180,Completed,3017.23,1193.18,1601.11,1388.85
F003642,R005,2025-09-01 15:15:00,Boeing 737,160,Completed,3338.32,1234.67,2051.96,1202.52
F003643,R006,2025-09-01 17:15:00,Boeing 737,160,Completed,3153.3,1222.86,2345.3,942.95
F003644,R006,2025-09-01 20:45:00,Boeing 737,160,Completed,3010.2,1150.98,2173.82,1092.41
F003645,R007,2025-09-01 06:30:00,Airbus A320,180,Completed,3502.75,1342.45,2163.23,750.11
F003646,R008,2025-09-01 08:45:00,Boeing 737,160,Completed,3560.4,1343.4,2773.3,1467.98
F003647,R009,2025-09-01 07:00:00,Airbus A320,180,Completed,1061.27,391.36,1772.3,1276.59
F003648,R009,2025-09-01 12:45:00,Airbus A320,180,Completed,938.15,389.54,1793.64,958.51
F003649,R010,2025-09-01 10:15:00,Boeing 737,160,Completed,1066.94,389.73,1921.14,1402.5
F003650,R001,2025-09-02 13:45:00,Boeing 737,160,Completed,13521.41,5016.03,2893.53,1195.93
F003651,R002,2025-09-02 13:15:00,Airbus A320,180,Completed,14288.14,5139.05,2514.94,1382.51
F003652,R003,2025-09-02 22:30:00,Airbus A320,180,Completed,10178.44,3546.13,2659.45,758.2
F003653,R004,2025-09-02 20:45:00,Boeing 737,160,Completed,9241.56,3843.14,2352.71,1145.05
F003654,R005,2025-09-02 13:45:00,Airbus A320,180,Completed,3342.45,1245.05,2774.48,1442.64
F003655,R005,2025-09-02 15:30:00,Airbus A320,180,Completed,3242.53,1235.6,2489.17,1369.55
F003656,R006,2025-09-02 14:00:00,Boeing 737,160,Completed,3235.57,1197.69,2742.51,1243.82
F003657,R006,2025-09-02 10:45:00,Airbus A320,180,Completed,3126.39,1156.19,2652.89,1330.34
F003658,R007,2025-09-02 18:00:00,Airbus A320,180,Cancelled,3348.86,1292.22,2879.4,709.3
F003659,R008,2025-09-02 07:45:00,Airbus A320,180,Completed,3429.52,1327.52,2175.66,1256.33
F003660,R008,2025-09-02 21:30:00,Airbus A320,180,Completed,3642.54,1320.12,1608.07,976.95
F003661,R009,2025-09-02 12:30:00,Boeing 737,160,Completed,1026.2,391.03,1815.77,1496.08
F003662,R009,2025-09-02 09:45:00,Airbus A320,180,Completed,1122.57,358.81,2881.81,1136.82
F003663,R010,2025-09-02 16:00:00,Boeing 737,160,Delayed,1026.84,375.29,2081.86,656.72
F003664,R001,2025-09-03 12:30:00,Airbus A320,180,Completed,12288.42,5150.07,2113.2,1087.87
F003665,R002,2025-09-03 10:30:00,Boeing 737,160,Completed,14233.35,4813.48,2647.47,1462.01
F003666,R002,2025-09-03 18:30:00,Boeing 737,160,Completed,12683.1,4820.26,2541.53,1210.94
F003667,R003,2025-09-03 15:45:00,Boeing 737,160,Completed,9670.7,3762.14,1782.56,1468.58
F003668,R004,2025-09-03 14:45:00,Airbus A320,180,Delayed,9289.66,3663.9,2418.56,1386.23
F003669,R005,2025-09-03 17:30:00,Airbus A320,180,Completed,3165.51,1182.24,2982.95,1413.25
F003670,R006,2025-09-03 07:00:00,Airbus A320,180,Completed,3014.49,1158.48,1791.84,1474.38
F003671,R007,2025-09-03 17:30:00,Airbus A320,180,Completed,3736.46,1232.15,1740.18,1051.01
F003672,R007,2025-09-03 13:00:00,Boeing 737,160,Completed,3509.71,1311.8,2678.54,1342.74
F003673,R008,2025-09-03 06:45:00,Airbus A320,180,Completed,3245.83,1237.62,2803.96,1406.35
F003674,R008,2025-09-03 13:00:00,Airbus A320,180,Completed,3445.26,1254.22,2336.19,852.7
F003675,R009,2025-09-03 14:30:00,Airbus A320,180,Completed,992.26,390.44,2370.95,551.06
F003676,R010,2025-09-03 12:30:00,Airbus A320,180,Cancelled,927.01,373.94,2652.24,1105.72
F003677,R010,2025-09-03 15:15:00,Boeing 737,160,Completed,1058.57,373.56,2786.74,691.69
F003678,R001,2025-09-04 14:45:00,Boeing 737,160,Completed,12330.83,4790.58,2612.75,744.2
F003679,R002,2025-09-04 10:45:00,Boeing 737,160,Completed,12751.49,5041.9,1724.5,1064.23
F003680,R002,2025-09-04 17:30:00,Boeing 737,160,Completed,13341.37,4929.17,2408.24,931.67
F003681,R003,2025-09-04 06:00:00,Airbus A320,180,Completed,10514.88,3571.14,1583.73,1084.02
F003682,R003,2025-09-04 12:30:00,Airbus A320,180,Completed,10379.62,3676.16,2398.7,1394.05
F003683,R004,2025-09-04 18:15:00,Boeing 737,160,Completed,10257.03,3578.89,1856.51,1186.26
F003684,R005,2025-09-04 08:15:00,Airbus A320,180,Completed,3452.04,1201.0,1668.71,1350.1
F003685,R006,2025-09-04 06:45:00,Boeing 737,160,Completed,3044.59,1237.85,1563.19,555.65
F003686,R007,2025-09-04 10:15:00,Airbus A320,180,Completed,3486.35,1253.76,2181.04,554.14
F003687,R008,2025-09-04 16:45:00,Airbus A320,180,Completed,3729.48,1332.08,2900.3,562.14
F003688,R008,2025-09-04 12:15:00,Boeing 737,160,Cancelled,3661.56,1284.38,2540.55,1242.5
F003689,R009,2025-09-04 11:45:00,Boeing 737,160,Completed,1111.1,364.97,2555.53,865.67
F003690,R010,2025-09-04 10:30:00,Airbus A320,180,Completed,1009.65,386.89,2125.43,1192.61
F003691,R010,2025-09-04 06:45:00,Airbus A320,180,Completed,1016.15,381.28,1885.6,1316.57
F003692,R001,2025-09-05 11:30:00,Airbus A320,180,Completed,12843.45,4974.81,2542.32,969.27
F003693,R001,2025-09-05 14:00:00,Airbus A320,180,Completed,12261.06,5047.45,2408.99,916.57
F003694,R002,2025-09-05 20:45:00,Boeing 737,160,Completed,14957.44,4745.27,2857.32,1013.95
F003695,R002,2025-09-05 20:15:00,Airbus A320,180,Completed,12673.41,4961.11,2693.35,636.33
F003696,R003,2025-09-05 18:00:00,Airbus A320,180,Completed,9659.88,3668.94,1501.96,695.88
F003697,R004,2025-09-05 08:45:00,Boeing 737,160,Completed,9817.32,3776.41,2096.72,1015.31
F003698,R004,2025-09-05 12:00:00,Airbus A320,180,Completed,9905.26,3876.4,2954.12,1077.23
F003699,R005,2025-09-05 08:15:00,Airbus A320,180,Completed,3320.99,1151.28,1684.82,674.2
F003700,R005,2025-09-05 14:15:00,Airbus A320,180,Completed,3095.95,1172.92,2528.51,583.21
F003701,R006,2025-09-05 06:00:00,Boeing 737,160,Completed,3578.74,1194.7,1892.54,519.72
F003702,R006,2025-09-05 20:00:00,Boeing 737,160,Completed,3248.24,1210.83,2669.17,1185.15
F003703,R007,2025-09-05 09:30:00,Boeing 737,160,Completed,3200.74,1277.81,1655.19,1449.05
F003704,R007,2025-09-05 21:30:00,Boeing 737,160,Delayed,3373.89,1246.74,2962.56,1078.98
F003705,R008,2025-09-05 18:45:00,Boeing 737,160,Completed,3629.94,1255.55,1624.86,553.71
F003706,R008,2025-09-05 08:00:00,Boeing 737,160,Completed,3826.14,1291.06,1500.76,1176.29
F003707,R009,2025-09-05 09:45:00,Airbus A320,180,Completed,931.43,361.91,2058.34,648.6
F003708,R010,2025-09-05 21:15:00,Boeing 737,160,Completed,1070.32,378.4,1549.16,511.96
F003709,R010,2025-09-05 11:45:00,Airbus A320,180,Completed,1111.7,384.87,2210.06,1148.42
F003710,R001,2025-09-06 13:45:00,Airbus A320,180,Completed,13871.15,5072.99,2176.96,809.23
F003711,R001,2025-09-06 11:30:00,Boeing 737,160,Completed,13295.54,5038.21,2423.3,1242.0
F003712,R002,2025-09-06 07:30:00,Boeing 737,160,Completed,13352.4,4758.44,2667.84,711.19
F003713,R003,2025-09-06 07:30:00,Boeing 737,160,Completed,10966.17,3874.89,1857.53,1437.43
F003714,R003,2025-09-06 13:45:00,Airbus A320,180,Completed,10754.51,3653.41,2360.14,1283.37
F003715,R004,2025-09-06 18:00:00,Airbus A320,180,Completed,10695.42,3509.17,2295.29,843.51
F003716,R004,2025-09-06 08:45:00,Airbus A320,180,Completed,10353.44,3524.54,2044.76,798.27
F003717,R005,2025-09-06 22:00:00,Airbus A320,180,Completed,3118.59,1201.34,2273.26,711.44
F003718,R005,2025-09-06 16:45:00,Boeing 737,160,Delayed,3125.37,1133.96,2033.23,755.49
F003719,R006,2025-09-06 06:45:00,Boeing 737,160,Completed,3059.65,1173.02,1865.23,645.36
F003720,R006,2025-09-06 20:00:00,Boeing 737,160,Completed,3529.25,1139.35,2944.2,1411.04
F003721,R007,2025-09-06 08:30:00,Airbus A320,180,Completed,3650.6,1332.9,2414.53,1168.31
F003722,R007,2025-09-06 16:15:00,Boeing 737,160,Completed,3226.8,1263.66,2365.31,617.78
F003723,R008,2025-09-06 07:45:00,Boeing 737,160,Completed,3631.85,1306.77,2777.13,508.31
F003724,R009,2025-09-06 10:15:00,Airbus A320,180,Completed,980.1,368.25,2951.71,995.34
F003725,R010,2025-09-06 06:30:00,Airbus A320,180,Cancelled,986.64,386.2,2733.95,1017.04
F003726,R001,2025-09-07 09:15:00,Boeing 737,160,Completed,14575.9,5100.66,2205.72,1183.09
F003727,R001,2025-09-07 14:45:00,Airbus A320,180,Completed,13303.76,4848.37,2375.81,1435.48
F003728,R002,2025-09-07 21:30:00,Airbus A320,180,Completed,14937.45,5137.89,1620.91,929.78
F003729,R003,2025-09-07 11:45:00,Airbus A320,180,Completed,10224.75,3805.96,2016.21,644.06
F003730,R003,2025-09-07 11:45:00,Airbus A320,180,Completed,10892.69,3817.13,2429.51,1003.45
F003731,R004,2025-09-07 22:45:00,Airbus A320,180,Completed,9809.1,3610.33,2269.08,1383.48
F003732,R004,2025-09-07 15:00:00,Boeing 737,160,Completed,9701.47,3550.06,2415.56,1495.12
F003733,R005,2025-09-07 19:00:00,Airbus A320,180,Completed,3569.24,1180.27,2543.07,832.87
F003734,R006,2025-09-07 12:30:00,Airbus A320,180,Completed,3525.62,1189.89,1540.82,653.19
F003735,R007,2025-09-07 22:30:00,Airbus A320,180,Completed,3510.35,1248.98,2578.15,1169.08
F003736,R007,2025-09-07 19:00:00,Boeing 737,160,Completed,3864.79,1270.41,2704.98,636.1
F003737,R008,2025-09-07 13:00:00,Airbus A320,180,Completed,3192.85,1271.6,2419.93,1018.46
F003738,R009,2025-09-07 13:00:00,Airbus A320,180,Completed,932.87,381.73,2174.27,1423.8
F003739,R009,2025-09-07 13:15:00,Boeing 737,160,Completed,969.5,371.76,2512.78,1308.43
F003740,R010,2025-09-07 08:45:00,Boeing 737,160,Completed,984.12,372.38,2811.51,918.37
F003741,R010,2025-09-07 08:00:00,Boeing 737,160,Completed,1054.32,363.14,2547.79,991.54
F003742,R001,2025-09-08 21:00:00,Airbus A320,180,Completed,13384.34,4860.38,2823.01,846.72
F003743,R002,2025-09-08 22:45:00,Airbus A320,180,Completed,12881.91,4916.84,2562.98,796.45
F003744,R002,2025-09-08 22:00:00,Boeing 737,160,Completed,13962.28,4975.23,2283.38,838.59
F003745,R003,2025-09-08 11:45:00,Airbus A320,180,Completed,10323.57,3843.86,1974.15,1452.29
F003746,R004,2025-09-08 18:30:00,Boeing 737,160,Completed,10227.84,3836.2,2990.3,1340.7
F003747,R004,2025-09-08 15:45:00,Boeing 737,160,Delayed,9804.42,3523.81,1618.86,720.22
F003748,R005,2025-09-08 20:00:00,Boeing 737,160,Completed,3077.26,1147.53,1525.16,1367.46
F003749,R006,2025-09-08 22:45:00,Airbus A320,180,Completed,3023.14,1181.17,2809.05,980.53
F003750,R006,2025-09-08 18:15:00,Airbus A320,180,Completed,3557.59,1212.05,2666.69,686.15
F003751,R007,2025-09-08 22:45:00,Airbus A320,180,Completed,3865.05,1310.51,1724.31,1005.82
F003752,R008,2025-09-08 20:15:00,Airbus A320,180,Completed,3481.52,1228.16,2615.07,906.7
F003753,R008,2025-09-08 13:15:00,Airbus A320,180,Completed,3622.61,1262.38,2805.13,1256.75
F003754,R009,2025-09-08 21:15:00,Airbus A320,180,Completed,1108.87,361.79,2931.06,629.07
F003755,R009,2025-09-08 20:45:00,Boeing 737,160,Completed,937.16,367.66,2009.49,856.45
F003756,R010,2025-09-08 12:00:00,Boeing 737,160,Completed,1085.26,363.55,2454.04,1324.91
F003757,R010,2025-09-08 11:30:00,Airbus A320,180,Completed,1115.47,356.15,2563.78,1288.66
F003758,R001,2025-09-09 10:30:00,Airbus A320,180,Completed,13170.78,5152.08,2281.81,1226.45
F003759,R002,2025-09-09 20:45:00,Boeing 737,160,Completed,13049.41,4753.98,2215.01,1057.92
F003760,R003,2025-09-09 17:45:00,Airbus A320,180,Completed,9949.39,3745.51,1849.27,890.97
F003761,R004,2025-09-09 18:00:00,Airbus A320,180,Completed,11095.01,3610.24,2506.8,1397.78
F003762,R004,2025-09-09 19:45:00,Boeing 737,160,Completed,9558.5,3770.15,2435.4,570.55
F003763,R005,2025-09-09 15:30:00,Airbus A320,180,Completed,3289.65,1237.66,2156.55,510.57
F003764,R006,2025-09-09 11:15:00,Airbus A320,180,Completed,3554.51,1197.82,2389.24,1341.87
F003765,R006,2025-09-09 11:45:00,Airbus A320,180,Completed,2961.06,1177.61,2454.27,1094.64
F003766,R007,2025-09-09 07:00:00,Boeing 737,160,Completed,3838.6,1223.95,2789.18,744.94
F003767,R008,2025-09-09 09:15:00,Airbus A320,180,Completed,3237.2,1315.23,1715.67,723.85
F003768,R009,2025-09-09 19:00:00,Airbus A320,180,Completed,1108.95,375.8,2997.32,538.19
F003769,R009,2025-09-09 06:00:00,Airbus A320,180,Cancelled,1094.04,363.03,1920.31,1308.12
F003770,R010,2025-09-09 18:45:00,Boeing 737,160,Completed,952.25,379.83,2236.5,1011.49
F003771,R010,2025-09-09 20:00:00,Airbus A320,180,Completed,1116.13,368.98,2147.24,1120.99
F003772,R001,2025-09-10 15:30:00,Airbus A320,180,Completed,13178.61,4872.41,2355.06,1476.26
F003773,R001,2025-09-10 06:30:00,Airbus A320,180,Completed,14692.11,4821.3,2443.79,634.0
F003774,R002,2025-09-10 20:00:00,Airbus A320,180,Completed,13650.47,5135.79,2935.6,786.22
F003775,R003,2025-09-10 13:30:00,Boeing 737,160,Completed,10538.16,3555.76,2779.86,1396.88
F003776,R004,2025-09-10 07:45:00,Boeing 737,160,Completed,10711.09,3534.83,2475.17,596.28
F003777,R005,2025-09-10 11:00:00,Airbus A320,180,Completed,3484.08,1173.06,1943.09,795.85
F003778,R006,2025-09-10 07:15:00,Boeing 737,160,Completed,3456.15,1207.58,2210.38,885.72
F003779,R007,2025-09-10 20:15:00,Boeing 737,160,Completed,3534.59,1317.21,1712.24,1451.07
F003780,R007,2025-09-10 12:30:00,Boeing 737,160,Completed,3294.44,1338.05,2678.66,1237.83
F003781,R008,2025-09-10 15:00:00,Boeing 737,160,Completed,3583.85,1345.93,2154.76,789.56
F003782,R008,2025-09-10 06:30:00,Boeing 737,160,Completed,3297.07,1309.76,2734.11,1401.18
F003783,R009,2025-09-10 11:30:00,Airbus A320,180,Completed,1043.24,377.1,1591.7,526.91
F003784,R009,2025-09-10 21:30:00,Boeing 737,160,Completed,953.69,389.37,1855.0,653.86
F003785,R010,2025-09-10 19:00:00,Boeing 737,160,Completed,1039.54,377.53,2932.22,1281.73
F003786,R010,2025-09-10 12:30:00,Boeing 737,160,Completed,979.54,374.09,2050.33,568.66
F003787,R001,2025-09-11 19:15:00,Airbus A320,180,Completed,13415.17,4908.43,1778.46,739.22
F003788,R002,2025-09-11 09:00:00,Boeing 737,160,Completed,12321.82,4784.38,1629.47,1195.81
F003789,R003,2025-09-11 22:00:00,Boeing 737,160,Completed,9217.77,3614.47,2788.95,1060.48
F003790,R004,2025-09-11 22:00:00,Boeing 737,160,Completed,10312.19,3757.51,1953.03,860.46
F003791,R005,2025-09-11 09:00:00,Boeing 737,160,Completed,3275.58,1136.93,1825.44,820.93
F003792,R006,2025-09-11 09:45:00,Boeing 737,160,Completed,3092.87,1179.81,2793.87,898.69
F003793,R007,2025-09-11 15:00:00,Airbus A320,180,Completed,3232.94,1327.93,1826.48,1047.86
F003794,R008,2025-09-11 09:45:00,Airbus A320,180,Completed,3198.17,1322.14,1545.26,739.18
F003795,R009,2025-09-11 11:00:00,Boeing 737,160,Completed,981.69,385.18,2388.65,929.86
F003796,R010,2025-09-11 08:30:00,Airbus A320,180,Completed,1084.03,368.2,2739.56,995.93
F003797,R010,2025-09-11 17:15:00,Airbus A320,180,Completed,1071.18,379.72,1728.04,575.24
F003798,R001,2025-09-12 12:00:00,Airbus A320,180,Completed,12322.3,4799.44,2246.19,1142.49
F003799,R001,2025-09-12 08:00:00,Boeing 737,160,Completed,13110.08,5142.46,2632.56,1476.55
F003800,R002,2025-09-12 12:45:00,Boeing 737,160,Completed,12415.76,4899.97,2192.48,513.66
F003801,R003,2025-09-12 18:45:00,Airbus A320,180,Completed,10531.54,3598.06,2573.57,1486.81
F003802,R003,2025-09-12 13:15:00,Airbus A320,180,Completed,9258.04,3689.47,2613.28,818.28
F003803,R004,2025-09-12 06:45:00,Boeing 737,160,Completed,9694.79,3525.33,2131.28,749.65
F003804,R005,2025-09-12 15:15:00,Boeing 737,160,Completed,3462.42,1176.86,2834.33,1278.32
F003805,R006,2025-09-12 15:15:00,Boeing 737,160,Completed,3099.34,1168.4,2598.31,1340.73
F003806,R006,2025-09-12 21:15:00,Boeing 737,160,Delayed,3283.07,1234.25,2870.0,1338.47
F003807,R007,2025-09-12 17:30:00,Airbus A320,180,Completed,3424.02,1345.96,1668.85,1120.21
F003808,R008,2025-09-12 19:00:00,Boeing 737,160,Completed,3821.18,1284.48,1747.64,1250.99
F003809,R009,2025-09-12 21:15:00,Airbus A320,180,Completed,965.85,388.14,2761.78,692.51
F003810,R009,2025-09-12 13:00:00,Boeing 737,160,Completed,978.74,364.1,1883.0,864.09
F003811,R010,2025-09-12 19:45:00,Airbus A320,180,Completed,1032.05,382.9,2915.6,765.75
F003812,R010,2025-09-12 18:15:00,Airbus A320,180,Completed,1083.37,360.17,2100.49,605.65
F003813,R001,2025-09-13 17:15:00,Airbus A320,180,Completed,13560.19,4720.97,1890.22,1013.39
F003814,R001,2025-09-13 06:00:00,Boeing 737,160,Completed,14291.21,4835.83,2698.88,869.87
F003815,R002,2025-09-13 09:30:00,Boeing 737,160,Completed,14165.3,5143.86,1609.04,1039.01
F003816,R003,2025-09-13 09:30:00,Airbus A320,180,Completed,11000.64,3824.82,2816.18,576.13
F003817,R004,2025-09-13 18:00:00,Airbus A320,180,Completed,9831.55,3769.27,1904.42,1471.35
F003818,R005,2025-09-13 11:45:00,Boeing 737,160,Completed,3188.44,1218.06,2887.35,1443.09
F003819,R005,2025-09-13 13:45:00,Airbus A320,180,Completed,2998.78,1160.31,1540.95,790.07
F003820,R006,2025-09-13 16:30:00,Airbus A320,180,Completed,3494.12,1170.68,2115.41,923.99
F003821,R006,2025-09-13 06:15:00,Boeing 737,160,Completed,3496.49,1139.61,2932.92,1143.53
F003822,R007,2025-09-13 10:45:00,Boeing 737,160,Completed,3847.35,1342.08,2064.61,1087.04
F003823,R008,2025-09-13 10:00:00,Airbus A320,180,Completed,3697.36,1320.83,2085.87,1030.38
F003824,R008,2025-09-13 17:00:00,Airbus A320,180,Completed,3763.63,1298.79,1532.21,1289.99
F003825,R009,2025-09-13 14:00:00,Boeing 737,160,Completed,1009.24,389.66,2041.07,1043.6
F003826,R010,2025-09-13 12:45:00,Airbus A320,180,Completed,1101.76,383.49,2920.79,740.55
F003827,R001,2025-09-14 14:15:00,Airbus A320,180,Completed,14464.51,4719.29,2536.54,672.72
F003828,R001,2025-09-14 21:30:00,Airbus A320,180,Completed,14636.9,4763.94,2716.95,1093.92
F003829,R002,2025-09-14 14:30:00,Airbus A320,180,Completed,13415.79,4865.51,1707.28,584.54
F003830,R002,2025-09-14 21:30:00,Airbus A320,180,Completed,12606.35,4872.18,2250.73,1467.23
F003831,R003,2025-09-14 19:00:00,Airbus A320,180,Completed,9553.35,3620.39,2369.94,1283.16
F003832,R004,2025-09-14 11:15:00,Airbus A320,180,Completed,10506.65,3808.71,2567.4,1050.8
F003833,R004,2025-09-14 11:45:00,Airbus A320,180,Completed,10984.42,3697.31,2229.62,591.1
F003834,R005,2025-09-14 07:00:00,Airbus A320,180,Completed,2948.64,1194.67,2918.91,625.45
F003835,R006,2025-09-14 16:45:00,Airbus A320,180,Completed,3562.36,1216.23,1859.11,1356.43
F003836,R006,2025-09-14 15:30:00,Boeing 737,160,Completed,3396.93,1229.96,1760.6,1205.61
F003837,R007,2025-09-14 16:30:00,Boeing 737,160,Delayed,3727.99,1331.61,2837.91,701.99
F003838,R008,2025-09-14 21:15:00,Airbus A320,180,Completed,3675.65,1328.08,2487.65,1073.78
F003839,R009,2025-09-14 12:00:00,Boeing 737,160,Completed,1010.92,367.48,1910.88,956.34
F003840,R010,2025-09-14 09:00:00,Airbus A320,180,Completed,1032.13,360.16,2593.14,1484.6
F003841,R010,2025-09-14 22:45:00,Boeing 737,160,Completed,1064.53,374.81,2391.78,572.98
F003842,R001,2025-09-15 21:00:00,Boeing 737,160,Completed,14943.38,4761.53,1951.05,901.33
F003843,R002,2025-09-15 18:00:00,Boeing 737,160,Completed,14972.0,5126.35,1861.68,1258.25
F003844,R002,2025-09-15 20:30:00,Airbus A320,180,Completed,12720.78,5082.39,2809.74,989.47
F003845,R003,2025-09-15 11:15:00,Airbus A320,180,Completed,11168.28,3754.43,2955.73,1059.57
F003846,R003,2025-09-15 21:45:00,Boeing 737,160,Delayed,9252.44,3714.27,2831.03,1132.52
F003847,R004,2025-09-15 13:15:00,Airbus A320,180,Completed,11029.04,3565.3,2626.45,1227.07
F003848,R004,2025-09-15 06:15:00,Boeing 737,160,Completed,9962.49,3718.49,2378.33,1114.5
F003849,R005,2025-09-15 19:00:00,Boeing 737,160,Completed,3293.88,1171.44,2578.39,703.27
F003850,R005,2025-09-15 12:30:00,Airbus A320,180,Completed,2981.58,1165.12,2636.97,1168.64
F003851,R006,2025-09-15 09:00:00,Boeing 737,160,Completed,3063.74,1246.57,2208.58,1331.97
F003852,R007,2025-09-15 20:00:00,Boeing 737,160,Completed,3516.63,1317.47,2291.59,1012.12
F003853,R008,2025-09-15 19:15:00,Boeing 737,160,Completed,3198.75,1320.53,2691.71,1206.3
F003854,R008,2025-09-15 22:15:00,Airbus A320,180,Completed,3528.75,1294.03,2508.58,1191.56
F003855,R009,2025-09-15 15:45:00,Airbus A320,180,Completed,1117.75,361.88,2114.77,559.27
F003856,R009,2025-09-15 21:30:00,Airbus A320,180,Completed,1092.69,370.07,2162.46,927.07
F003857,R010,2025-09-15 17:30:00,Boeing 737,160,Completed,1084.74,374.37,2253.22,946.75
F003858,R010,2025-09-15 14:45:00,Airbus A320,180,Completed,1044.42,355.43,2879.16,540.36
F003859,R001,2025-09-16 16:15:00,Boeing 737,160,Completed,12417.35,4919.04,1769.33,1111.46
F003860,R001,2025-09-16 13:00:00,Boeing 737,160,Completed,12591.58,5070.38,2494.95,1404.03
F003861,R002,2025-09-16 11:30:00,Airbus A320,180,Completed,12857.5,4707.5,2865.78,1258.94
F003862,R002,2025-09-16 20:30:00,Boeing 737,160,Completed,14245.32,4814.91,1629.81,1014.94
F003863,R003,2025-09-16 10:30:00,Airbus A320,180,Completed,9949.36,3684.11,1683.26,842.6
F003864,R004,2025-09-16 21:00:00,Boeing 737,160,Completed,10599.98,3639.63,2757.42,709.94
F003865,R005,2025-09-16 12:15:00,Boeing 737,160,Completed,3262.14,1155.99,2989.36,629.52
F003866,R005,2025-09-16 17:45:00,Boeing 737,160,Completed,3445.59,1220.17,1846.32,639.81
F003867,R006,2025-09-16 21:15:00,Boeing 737,160,Completed,3160.51,1197.47,1653.01,733.08
F003868,R007,2025-09-16 21:00:00,Boeing 737,160,Completed,3555.97,1292.78,1713.86,707.62
F003869,R008,2025-09-16 12:45:00,Boeing 737,160,Completed,3361.28,1242.4,2830.33,696.65
F003870,R009,2025-09-16 22:15:00,Airbus A320,180,Completed,1001.17,379.03,2952.4,627.88
F003871,R010,2025-09-16 06:30:00,Airbus A320,180,Completed,970.72,359.08,2285.65,1210.86
F003872,R010,2025-09-16 17:00:00,Airbus A320,180,Completed,1120.96,376.67,2078.46,516.56
F003873,R001,2025-09-17 15:30:00,Airbus A320,180,Completed,13087.5,5062.81,2536.74,595.86
F003874,R001,2025-09-17 21:15:00,Airbus A320,180,Completed,13941.17,4780.38,1934.05,823.21
F003875,R002,2025-09-17 20:15:00,Airbus A320,180,Completed,13673.47,4882.02,1806.27,1225.83
F003876,R003,2025-09-17 22:15:00,Boeing 737,160,Completed,9586.36,3676.06,2865.27,968.75
F003877,R004,2025-09-17 12:00:00,Airbus A320,180,Cancelled,9184.11,3568.31,2390.79,874.13
F003878,R005,2025-09-17 17:30:00,Boeing 737,160,Completed,3385.22,1215.03,1691.65,511.68
F003879,R005,2025-09-17 19:45:00,Airbus A320,180,Completed,3357.1,1219.77,2104.91,957.74
F003880,R006,2025-09-17 21:45:00,Airbus A320,180,Completed,3001.47,1163.98,2352.36,1178.54
F003881,R006,2025-09-17 19:15:00,Boeing 737,160,Delayed,3305.89,1171.17,2423.46,1390.58
F003882,R007,2025-09-17 13:30:00,Boeing 737,160,Completed,3391.83,1327.71,2071.7,652.7
F003883,R008,2025-09-17 17:45:00,Boeing 737,160,Completed,3812.86,1274.53,1808.85,1176.66
F003884,R008,2025-09-17 19:15:00,Airbus A320,180,Completed,3606.65,1335.45,1933.55,701.06
F003885,R009,2025-09-17 16:30:00,Airbus A320,180,Completed,1000.17,384.42,2479.38,698.39
F003886,R009,2025-09-17 21:00:00,Airbus A320,180,Delayed,970.33,357.3,2607.5,591.04
F003887,R010,2025-09-17 20:15:00,Airbus A320,180,Delayed,1063.77,363.58,2614.36,667.74
F003888,R001,2025-09-18 20:15:00,Boeing 737,160,Completed,12714.11,5063.71,1927.62,1004.99
F003889,R001,2025-09-18 14:15:00,Boeing 737,160,Completed,13411.27,4896.26,2695.42,1080.26
F003890,R002,2025-09-18 06:30:00,Airbus A320,180,Completed,13330.26,5182.74,1534.36,942.37
F003891,R003,2025-09-18 19:30:00,Airbus A320,180,Completed,11013.92,3672.53,2653.19,1386.57
F003892,R004,2025-09-18 21:30:00,Airbus A320,180,Completed,10417.18,3610.55,2226.52,930.75
F003893,R005,2025-09-18 06:15:00,Airbus A320,180,Completed,3003.5,1177.88,2872.94,1271.16
F003894,R006,2025-09-18 09:00:00,Airbus A320,180,Completed,3169.04,1186.91,1870.39,771.9
F003895,R006,2025-09-18 19:30:00,Airbus A320,180,Completed,3537.62,1222.78,2533.0,1468.53
F003896,R007,2025-09-18 07:30:00,Boeing 737,160,Completed,3526.33,1291.31,2488.77,888.99
F003897,R007,2025-09-18 17:00:00,Boeing 737,160,Completed,3484.96,1320.31,1954.41,949.36
F003898,R008,2025-09-18 22:15:00,Airbus A320,180,Completed,3365.75,1322.42,2032.14,1106.23
F003899,R009,2025-09-18 22:30:00,Boeing 737,160,Completed,1029.19,370.08,2620.36,557.76
F003900,R009,2025-09-18 13:00:00,Airbus A320,180,Completed,983.33,385.3,2928.45,665.4
F003901,R010,2025-09-18 15:15:00,Airbus A320,180,Completed,977.31,370.47,1994.96,1496.75
F003902,R001,2025-09-19 09:30:00,Airbus A320,180,Completed,12338.9,4818.89,2177.81,505.11
F003903,R002,2025-09-19 12:30:00,Airbus A320,180,Completed,13393.63,4846.42,2140.75,1404.71
F003904,R003,2025-09-19 12:45:00,Airbus A320,180,Cancelled,9664.76,3609.37,2145.47,1414.01
F003905,R004,2025-09-19 08:45:00,Boeing 737,160,Completed,9515.93,3550.15,2007.04,1485.01
F003906,R005,2025-09-19 18:30:00,Airbus A320,180,Completed,3300.49,1177.16,2254.06,1426.19
F003907,R006,2025-09-19 07:00:00,Airbus A320,180,Completed,3020.42,1190.51,1832.42,716.68
F003908,R007,2025-09-19 19:45:00,Boeing 737,160,Completed,3243.75,1246.54,1970.69,1249.21
F003909,R008,2025-09-19 11:30:00,Airbus A320,180,Completed,3309.05,1284.39,1658.89,1375.97
F003910,R009,2025-09-19 08:15:00,Airbus A320,180,Completed,1092.4,387.32,1642.02,1041.98
F003911,R010,2025-09-19 07:45:00,Boeing 737,160,Completed,1048.6,378.02,2656.09,615.94
F003912,R010,2025-09-19 18:30:00,Boeing 737,160,Completed,1106.07,367.87,2363.38,1171.84
F003913,R001,2025-09-20 19:45:00,Boeing 737,160,Completed,13617.04,5096.0,2238.68,983.03
F003914,R002,2025-09-20 15:15:00,Boeing 737,160,Completed,14176.43,5074.35,2921.59,1349.61
F003915,R003,2025-09-20 06:45:00,Boeing 737,160,Completed,10356.39,3538.31,2944.26,720.0
F003916,R003,2025-09-20 10:00:00,Boeing 737,160,Completed,9705.15,3637.73,2942.58,542.09
F003917,R004,2025-09-20 07:00:00,Boeing 737,160,Completed,10108.33,3757.06,2903.45,971.18
F003918,R004,2025-09-20 17:30:00,Airbus A320,180,Completed,9451.43,3673.16,2311.35,888.66
F003919,R005,2025-09-20 08:15:00,Airbus A320,180,Completed,3455.83,1216.59,2581.22,1149.67
F003920,R006,2025-09-20 18:30:00,Boeing 737,160,Completed,3220.82,1186.86,1639.95,610.17
F003921,R007,2025-09-20 07:00:00,Boeing 737,160,Completed,3806.99,1303.44,1697.64,1168.17
F003922,R007,2025-09-20 13:15:00,Boeing 737,160,Completed,3214.75,1259.51,2375.57,1245.54
F003923,R008,2025-09-20 10:00:00,Airbus A320,180,Completed,3728.59,1246.25,2686.07,1315.99
F003924,R008,2025-09-20 16:45:00,Boeing 737,160,Completed,3769.34,1330.9,2555.84,1133.27
F003925,R009,2025-09-20 07:30:00,Airbus A320,180,Completed,931.99,361.41,1597.65,1254.53
F003926,R009,2025-09-20 12:45:00,Boeing 737,160,Completed,1032.38,370.45,1911.13,603.22
F003927,R010,2025-09-20 14:30:00,Airbus A320,180,Completed,1098.4,388.08,2552.2,1191.79
F003928,R001,2025-09-21 09:30:00,Boeing 737,160,Completed,14441.34,4975.65,1854.13,924.85
F003929,R001,2025-09-21 16:30:00,Airbus A320,180,Completed,13792.29,4876.94,2730.34,511.55
F003930,R002,2025-09-21 22:00:00,Airbus A320,180,Completed,14504.65,5045.19,2185.1,840.48
F003931,R002,2025-09-21 19:15:00,Airbus A320,180,Completed,13807.15,4722.61,1886.84,1108.39
F003932,R003,2025-09-21 08:30:00,Boeing 737,160,Delayed,10488.36,3750.31,1935.53,859.09
F003933,R003,2025-09-21 20:45:00,Boeing 737,160,Delayed,9779.77,3577.75,2641.64,1033.65
F003934,R004,2025-09-21 18:45:00,Boeing 737,160,Completed,10920.85,3805.13,1792.88,595.73
F003935,R004,2025-09-21 15:45:00,Boeing 737,160,Completed,10202.62,3740.0,1685.19,1489.23
F003936,R005,2025-09-21 22:30:00,Boeing 737,160,Completed,3028.35,1221.54,2529.57,629.48
F003937,R005,2025-09-21 20:45:00,Boeing 737,160,Completed,3019.34,1174.96,1705.66,1219.16
F003938,R006,2025-09-21 19:00:00,Boeing 737,160,Completed,3141.84,1190.62,1905.1,1441.23
F003939,R006,2025-09-21 19:45:00,Boeing 737,160,Completed,3021.93,1172.51,1736.1,997.64
F003940,R007,2025-09-21 15:00:00,Boeing 737,160,Completed,3217.3,1264.55,2902.14,1451.85
F003941,R007,2025-09-21 12:00:00,Boeing 737,160,Completed,3400.2,1252.96,2941.54,840.2
F003942,R008,2025-09-21 18:00:00,Boeing 737,160,Completed,3540.31,1313.43,2283.72,1119.3
F003943,R008,2025-09-21 18:00:00,Airbus A320,180,Completed,3299.69,1264.3,2773.84,839.48
F003944,R009,2025-09-21 06:30:00,Boeing 737,160,Completed,993.63,384.01,1782.63,619.03
F003945,R010,2025-09-21 17:45:00,Boeing 737,160,Cancelled,993.4,391.23,2435.51,788.15
F003946,R010,2025-09-21 10:15:00,Boeing 737,160,Completed,951.75,382.15,1685.37,1104.53
F003947,R001,2025-09-22 14:30:00,Boeing 737,160,Completed,14226.53,5094.95,1915.75,1198.35
F003948,R002,2025-09-22 14:00:00,Airbus A320,180,Completed,13645.15,4833.79,2860.4,1358.12
F003949,R003,2025-09-22 21:15:00,Airbus A320,180,Completed,9229.35,3562.26,2891.96,927.08
F003950,R003,2025-09-22 22:15:00,Boeing 737,160,Completed,9326.0,3689.08,2910.48,1365.49
F003951,R004,2025-09-22 22:00:00,Boeing 737,160,Delayed,11087.31,3804.24,2350.29,650.6
F003952,R005,2025-09-22 11:45:00,Airbus A320,180,Completed,3589.37,1190.3,2424.83,1305.53
F003953,R005,2025-09-22 12:30:00,Airbus A320,180,Completed,3269.57,1182.26,1923.36,1444.16
F003954,R006,2025-09-22 10:45:00,Boeing 737,160,Completed,3441.62,1164.3,2284.02,1033.19
F003955,R006,2025-09-22 12:45:00,Boeing 737,160,Completed,3145.84,1163.7,1778.52,1139.39
F003956,R007,2025-09-22 16:00:00,Boeing 737,160,Completed,3806.86,1342.25,2519.34,1257.23
F003957,R008,2025-09-22 16:00:00,Boeing 737,160,Completed,3350.47,1264.76,2331.03,1027.27
F003958,R009,2025-09-22 11:00:00,Airbus A320,180,Completed,1016.44,372.98,2069.54,878.86
F003959,R009,2025-09-22 07:15:00,Airbus A320,180,Completed,987.2,381.73,2741.69,946.75
F003960,R010,2025-09-22 07:45:00,Airbus A320,180,Completed,968.35,380.88,2732.33,1216.78
F003961,R001,2025-09-23 17:15:00,Boeing 737,160,Completed,13262.43,5073.78,1704.4,628.39
F003962,R001,2025-09-23 07:45:00,Airbus A320,180,Completed,14189.32,5168.08,1885.39,1454.7
F003963,R002,2025-09-23 06:00:00,Boeing 737,160,Completed,14443.6,4742.9,2882.96,855.47
F003964,R003,2025-09-23 15:30:00,Airbus A320,180,Completed,9771.02,3851.34,1820.3,1095.16
F003965,R003,2025-09-23 21:00:00,Boeing 737,160,Completed,10525.67,3641.21,1840.62,743.04
F003966,R004,2025-09-23 20:15:00,Airbus A320,180,Completed,10847.47,3679.97,1638.35,1250.01
F003967,R004,2025-09-23 12:30:00,Boeing 737,160,Completed,9735.7,3728.83,2244.5,1238.89
F003968,R005,2025-09-23 19:00:00,Boeing 737,160,Completed,3487.76,1185.17,2105.21,1448.03
F003969,R005,2025-09-23 10:00:00,Airbus A320,180,Completed,3314.49,1146.83,2410.51,717.35
F003970,R006,2025-09-23 13:15:00,Airbus A320,180,Completed,3530.33,1197.9,1567.55,1419.83
F003971,R006,2025-09-23 12:00:00,Boeing 737,160,Completed,3049.67,1155.82,2403.12,764.04
F003972,R007,2025-09-23 20:00:00,Airbus A320,180,Completed,3490.58,1305.81,2970.84,1231.84
F003973,R008,2025-09-23 18:45:00,Airbus A320,180,Completed,3497.18,1310.6,2244.55,506.38
F003974,R009,2025-09-23 13:45:00,Airbus A320,180,Completed,1010.22,392.63,2643.48,902.22
F003975,R010,2025-09-23 20:45:00,Boeing 737,160,Completed,958.98,392.42,2778.75,620.15
F003976,R001,2025-09-24 10:00:00,Boeing 737,160,Completed,14589.11,4951.71,2797.82,1037.18
F003977,R002,2025-09-24 14:45:00,Boeing 737,160,Completed,13412.84,5053.12,1823.24,705.99
F003978,R002,2025-09-24 06:30:00,Airbus A320,180,Completed,14004.12,5196.66,2146.33,666.1
F003979,R003,2025-09-24 18:45:00,Airbus A320,180,Completed,9203.62,3608.25,2028.47,731.61
F003980,R004,2025-09-24 12:30:00,Airbus A320,180,Completed,9555.16,3632.95,2717.06,777.12
F003981,R005,2025-09-24 09:30:00,Airbus A320,180,Completed,3169.96,1146.9,1892.08,618.35
F003982,R006,2025-09-24 13:45:00,Boeing 737,160,Cancelled,3249.91,1212.65,1960.39,1210.32
F003983,R006,2025-09-24 13:45:00,Airbus A320,180,Completed,3349.28,1191.45,1624.75,910.77
F003984,R007,2025-09-24 17:30:00,Airbus A320,180,Completed,3576.77,1250.98,1609.88,746.74
F003985,R007,2025-09-24 12:00:00,Boeing 737,160,Completed,3710.99,1270.48,2864.38,893.88
F003986,R008,2025-09-24 11:45:00,Airbus A320,180,Completed,3498.15,1284.52,2214.36,866.11
F003987,R008,2025-09-24 12:30:00,Airbus A320,180,Completed,3223.65,1324.75,1962.9,985.53
F003988,R009,2025-09-24 17:15:00,Boeing 737,160,Completed,1123.11,379.7,2699.17,679.16
F003989,R010,2025-09-24 10:15:00,Boeing 737,160,Delayed,1050.68,355.79,2717.12,1349.52
F003990,R010,2025-09-24 09:30:00,Boeing 737,160,Completed,932.47,358.1,1835.92,606.26
F003991,R001,2025-09-25 22:00:00,Airbus A320,180,Completed,13021.88,5073.44,2119.05,751.11
F003992,R001,2025-09-25 11:00:00,Airbus A320,180,Completed,14954.21,5001.34,1630.55,1364.01
F003993,R002,2025-09-25 09:45:00,Airbus A320,180,Completed,14498.72,5051.0,1527.82,1339.25
F003994,R002,2025-09-25 08:30:00,Airbus A320,180,Completed,12861.56,5029.93,1540.14,954.19
F003995,R003,2025-09-25 20:15:00,Airbus A320,180,Completed,10055.72,3868.41,2376.05,894.4
F003996,R003,2025-09-25 07:15:00,Boeing 737,160,Completed,10067.86,3667.02,1835.58,673.45
F003997,R004,2025-09-25 22:45:00,Airbus A320,180,Completed,11129.55,3838.13,2866.76,1120.45
F003998,R004,2025-09-25 21:00:00,Airbus A320,180,Completed,9872.6,3759.2,2427.09,656.96
F003999,R005,2025-09-25 20:00:00,Boeing 737,160,Completed,3015.85,1168.47,2516.74,595.87
F004000,R005,2025-09-25 20:45:00,Boeing 737,160,Completed,3348.9,1150.33,2755.04,913.71
F004001,R006,2025-09-25 22:30:00,Airbus A320,180,Completed,3272.48,1210.32,2801.23,1186.67
F004002,R006,2025-09-25 19:00:00,Boeing 737,160,Completed,3546.59,1190.82,2510.33,974.28
F004003,R007,2025-09-25 22:45:00,Airbus A320,180,Completed,3780.74,1322.75,2745.89,793.34
F004004,R007,2025-09-25 12:15:00,Airbus A320,180,Completed,3366.01,1331.19,1576.59,882.68
F004005,R008,2025-09-25 21:45:00,Airbus A320,180,Completed,3636.8,1331.36,2647.82,850.65
F004006,R009,2025-09-25 14:30:00,Airbus A320,180,Completed,1060.55,369.78,2428.53,1319.26
F004007,R009,2025-09-25 14:45:00,Boeing 737,160,Completed,997.41,386.79,2713.72,738.61
F004008,R010,2025-09-25 14:30:00,Boeing 737,160,Completed,1073.12,360.15,1535.28,864.54
F004009,R010,2025-09-25 20:45:00,Boeing 737,160,Completed,1049.18,355.51,2587.46,1179.23
F004010,R001,2025-09-26 16:15:00,Airbus A320,180,Completed,13157.21,4715.86,2161.39,1314.74
F004011,R001,2025-09-26 14:00:00,Airbus A320,180,Completed,13680.5,4887.93,2298.14,698.72
F004012,R002,2025-09-26 18:15:00,Boeing 737,160,Completed,14215.85,4762.33,2110.62,879.77
F004013,R002,2025-09-26 22:00:00,Airbus A320,180,Completed,14460.35,4716.94,1832.12,709.03
F004014,R003,2025-09-26 08:30:00,Boeing 737,160,Completed,10603.21,3650.03,1765.02,1489.44
F004015,R003,2025-09-26 14:00:00,Airbus A320,180,Completed,9347.58,3803.56,2819.25,907.61
F004016,R004,2025-09-26 20:45:00,Boeing 737,160,Completed,9548.07,3614.97,2091.85,781.13
F004017,R005,2025-09-26 14:45:00,Airbus A320,180,Completed,3427.45,1158.02,2776.15,1451.64
F004018,R005,2025-09-26 21:15:00,Airbus A320,180,Completed,3113.1,1168.48,1719.95,553.69
F004019,R006,2025-09-26 08:00:00,Boeing 737,160,Completed,2954.12,1203.24,2154.32,982.94
F004020,R006,2025-09-26 09:30:00,Boeing 737,160,Completed,3196.26,1244.64,1893.56,1381.15
F004021,R007,2025-09-26 21:15:00,Boeing 737,160,Completed,3875.12,1328.54,1532.59,587.2
F004022,R007,2025-09-26 14:15:00,Airbus A320,180,Delayed,3488.26,1301.91,1904.39,1446.48
F004023,R008,2025-09-26 16:00:00,Airbus A320,180,Completed,3644.44,1316.43,2529.39,909.89
F004024,R009,2025-09-26 20:00:00,Airbus A320,180,Cancelled,1102.7,372.89,2149.07,970.45
F004025,R010,2025-09-26 08:00:00,Boeing 737,160,Completed,1049.01,364.24,2578.17,1422.44
F004026,R010,2025-09-26 12:00:00,Boeing 737,160,Completed,964.24,372.57,2045.87,1144.61
F004027,R001,2025-09-27 09:15:00,Boeing 737,160,Completed,13607.68,5165.41,2168.84,834.47
F004028,R001,2025-09-27 22:00:00,Airbus A320,180,Completed,13826.98,5077.95,2441.95,1253.84
F004029,R002,2025-09-27 09:00:00,Airbus A320,180,Completed,12979.05,4948.0,2948.43,1027.71
F004030,R002,2025-09-27 15:45:00,Airbus A320,180,Completed,13645.96,4799.66,1515.95,754.31
F004031,R003,2025-09-27 20:15:00,Airbus A320,180,Completed,11025.54,3628.71,1927.12,1178.39
F004032,R003,2025-09-27 15:30:00,Boeing 737,160,Completed,10110.78,3697.2,2421.51,689.14
F004033,R004,2025-09-27 22:15:00,Airbus A320,180,Completed,10769.47,3602.04,2609.04,582.71
F004034,R004,2025-09-27 21:30:00,Airbus A320,180,Completed,11063.04,3874.33,2833.14,1050.83
F004035,R005,2025-09-27 12:00:00,Boeing 737,160,Completed,3590.99,1244.04,1550.51,1126.33
F004036,R005,2025-09-27 17:45:00,Boeing 737,160,Completed,3492.25,1226.59,1731.77,1119.31
F004037,R006,2025-09-27 09:30:00,Boeing 737,160,Completed,3075.37,1236.96,1556.65,630.33
F004038,R007,2025-09-27 18:15:00,Boeing 737,160,Completed,3187.99,1294.87,2837.3,1410.25
F004039,R007,2025-09-27 17:45:00,Airbus A320,180,Completed,3359.62,1218.31,1867.24,940.17
F004040,R008,2025-09-27 17:30:00,Boeing 737,160,Completed,3740.07,1305.41,1812.72,663.35
F004041,R009,2025-09-27 10:30:00,Boeing 737,160,Completed,944.87,391.82,1989.54,521.99
F004042,R010,2025-09-27 12:00:00,Boeing 737,160,Completed,1069.6,383.65,2539.3,884.51
F004043,R001,2025-09-28 07:30:00,Boeing 737,160,Completed,14379.6,4718.6,1856.27,1467.7
F004044,R002,2025-09-28 15:30:00,Airbus A320,180,Completed,12843.43,4958.02,2165.2,1324.55
F004045,R002,2025-09-28 20:15:00,Boeing 737,160,Completed,12988.76,5057.26,2457.13,827.42
F004046,R003,2025-09-28 17:00:00,Boeing 737,160,Completed,10124.61,3824.75,1781.69,1015.22
F004047,R004,2025-09-28 19:30:00,Boeing 737,160,Completed,10329.42,3827.89,1647.7,843.3
F004048,R005,2025-09-28 17:45:00,Airbus A320,180,Completed,3446.04,1221.67,2492.08,579.27
F004049,R005,2025-09-28 16:00:00,Boeing 737,160,Completed,2975.35,1189.58,2362.78,1227.93
F004050,R006,2025-09-28 15:30:00,Airbus A320,180,Completed,3193.61,1208.81,2007.88,1324.56
F004051,R006,2025-09-28 15:30:00,Boeing 737,160,Completed,3518.41,1229.02,2605.64,1010.42
F004052,R007,2025-09-28 14:30:00,Airbus A320,180,Completed,3674.87,1223.17,2876.18,526.76
F004053,R008,2025-09-28 17:30:00,Airbus A320,180,Completed,3596.95,1320.45,2901.23,868.27
F004054,R008,2025-09-28 16:00:00,Boeing 737,160,Completed,3530.99,1309.15,2496.07,946.64
F004055,R009,2025-09-28 15:45:00,Airbus A320,180,Completed,1054.74,390.22,1907.26,1074.42
F004056,R009,2025-09-28 11:30:00,Airbus A320,180,Delayed,1106.54,359.69,1825.24,947.38
F004057,R010,2025-09-28 13:45:00,Airbus A320,180,Completed,1052.3,355.94,1593.19,785.02
F004058,R010,2025-09-28 16:30:00,Airbus A320,180,Completed,1038.25,366.91,2531.98,916.05
F004059,R001,2025-09-29 09:45:00,Airbus A320,180,Completed,12612.18,5037.98,2011.38,921.77
F004060,R001,2025-09-29 21:00:00,Boeing 737,160,Completed,13149.38,4992.63,2015.26,529.87
F004061,R002,2025-09-29 20:45:00,Airbus A320,180,Completed,12968.65,5065.95,1531.23,801.13
F004062,R003,2025-09-29 10:45:00,Boeing 737,160,Completed,10517.57,3654.08,1796.02,562.75
F004063,R004,2025-09-29 17:00:00,Boeing 737,160,Cancelled,9698.76,3690.68,2893.33,1319.12
F004064,R004,2025-09-29 07:30:00,Airbus A320,180,Completed,11087.85,3631.6,1860.99,789.79
F004065,R005,2025-09-29 16:30:00,Airbus A320,180,Completed,3463.95,1242.44,2135.94,1058.24
F004066,R005,2025-09-29 12:15:00,Airbus A320,180,Delayed,3459.32,1238.82,2225.48,1470.54
F004067,R006,2025-09-29 19:00:00,Airbus A320,180,Completed,3435.99,1164.42,2705.3,1080.53
F004068,R006,2025-09-29 06:45:00,Boeing 737,160,Completed,3132.21,1138.04,1633.19,1410.72
F004069,R007,2025-09-29 16:15:00,Boeing 737,160,Completed,3614.16,1292.14,2374.61,723.07
F004070,R007,2025-09-29 18:00:00,Boeing 737,160,Completed,3786.63,1303.57,2130.35,1023.51
F004071,R008,2025-09-29 06:00:00,Boeing 737,160,Completed,3432.82,1319.19,2327.8,1097.22
F004072,R008,2025-09-29 08:00:00,Airbus A320,180,Completed,3766.09,1240.11,1742.65,785.04
F004073,R009,2025-09-29 12:15:00,Boeing 737,160,Completed,1119.1,371.51,2249.66,542.56
F004074,R010,2025-09-29 13:45:00,Boeing 737,160,Completed,1119.76,392.49,1594.18,1032.3
F004075,R001,2025-09-30 22:30:00,Airbus A320,180,Delayed,14844.68,4925.15,1649.01,1255.92
F004076,R002,2025-09-30 19:45:00,Boeing 737,160,Completed,14286.95,4837.62,2764.99,635.11
F004077,R002,2025-09-30 06:15:00,Airbus A320,180,Completed,13646.54,4748.39,1940.92,1242.86
F004078,R003,2025-09-30 19:30:00,Airbus A320,180,Completed,9702.4,3776.15,2119.54,774.81
F004079,R003,2025-09-30 06:30:00,Airbus A320,180,Completed,10454.02,3579.07,2526.34,666.45
F004080,R004,2025-09-30 19:45:00,Boeing 737,160,Delayed,10035.92,3797.18,1990.89,592.92
F004081,R004,2025-09-30 21:45:00,Airbus A320,180,Completed,9691.29,3716.54,1966.65,1026.47
F004082,R005,2025-09-30 15:30:00,Airbus A320,180,Completed,3473.11,1154.41,2689.75,1116.6
F004083,R006,2025-09-30 13:00:00,Airbus A320,180,Completed,3156.11,1180.53,1966.43,644.17
F004084,R006,2025-09-30 14:00:00,Boeing 737,160,Completed,3349.72,1222.72,2375.0,511.11
F004085,R007,2025-09-30 14:45:00,Airbus A320,180,Completed,3467.89,1345.59,2279.04,1458.74
F004086,R007,2025-09-30 09:15:00,Boeing 737,160,Completed,3579.47,1319.26,1864.49,1272.11
F004087,R008,2025-09-30 14:45:00,Airbus A320,180,Completed,3269.81,1333.71,1839.83,707.79
F004088,R009,2025-09-30 14:00:00,Airbus A320,180,Completed,1064.6,357.71,2272.02,991.94
F004089,R009,2025-09-30 15:30:00,Airbus A320,180,Completed,1028.8,357.22,1898.24,829.7
F004090,R010,2025-09-30 16:45:00,Airbus A320,180,Completed,1059.71,380.21,2686.21,871.84
F004091,R010,2025-09-30 20:45:00,Boeing 737,160,Completed,936.78,368.49,1600.66,1234.76
F004092,R001,2025-10-01 21:45:00,Airbus A320,180,Completed,13991.33,5168.12,1895.95,1468.12
F004093,R001,2025-10-01 13:15:00,Airbus A320,180,Completed,12350.41,4905.99,1883.04,934.39
F004094,R002,2025-10-01 14:30:00,Boeing 737,160,Completed,12366.44,4846.96,1631.67,1185.0
F004095,R003,2025-10-01 20:30:00,Airbus A320,180,Completed,10590.31,3826.93,1705.93,749.56
F004096,R003,2025-10-01 08:00:00,Airbus A320,180,Completed,10499.56,3750.11,2706.7,908.85
F004097,R004,2025-10-01 13:15:00,Airbus A320,180,Completed,10922.85,3709.47,1574.49,587.59
F004098,R005,2025-10-01 12:15:00,Boeing 737,160,Completed,3403.93,1188.08,2893.69,1399.04
F004099,R005,2025-10-01 19:15:00,Boeing 737,160,Completed,3498.44,1208.39,2537.76,547.62
F004100,R006,2025-10-01 10:15:00,Boeing 737,160,Cancelled,3298.34,1128.79,1560.84,1481.7
F004101,R006,2025-10-01 22:00:00,Airbus A320,180,Completed,2968.54,1171.8,1690.36,581.52
F004102,R007,2025-10-01 17:45:00,Airbus A320,180,Completed,3582.18,1316.18,2042.77,1098.6
F004103,R007,2025-10-01 16:15:00,Airbus A320,180,Cancelled,3186.31,1241.0,2424.63,929.21
F004104,R008,2025-10-01 15:15:00,Airbus A320,180,Completed,3810.05,1282.49,1790.61,812.11
F004105,R009,2025-10-01 21:45:00,Airbus A320,180,Completed,951.05,356.8,1615.22,1095.34
F004106,R010,2025-10-01 10:00:00,Airbus A320,180,Completed,1038.74,372.35,2008.73,1435.86
F004107,R001,2025-10-02 09:30:00,Airbus A320,180,Completed,12902.49,5115.51,1565.59,745.83
F004108,R001,2025-10-02 10:45:00,Airbus A320,180,Completed,12928.91,4745.56,2120.65,911.23
F004109,R002,2025-10-02 07:15:00,Boeing 737,160,Completed,12799.14,4745.29,2120.73,855.8
F004110,R002,2025-10-02 22:00:00,Airbus A320,180,Completed,14328.07,4826.52,1988.79,838.37
F004111,R003,2025-10-02 20:15:00,Boeing 737,160,Completed,10507.24,3656.99,2837.47,1247.39
F004112,R003,2025-10-02 10:45:00,Airbus A320,180,Completed,9366.62,3510.24,2940.25,1403.42
F004113,R004,2025-10-02 21:00:00,Airbus A320,180,Completed,10313.51,3625.25,2935.4,1272.6
F004114,R004,2025-10-02 11:00:00,Boeing 737,160,Completed,10862.48,3674.88,2532.23,702.61
F004115,R005,2025-10-02 13:30:00,Boeing 737,160,Completed,3315.58,1155.88,2544.39,731.35
F004116,R006,2025-10-02 14:30:00,Airbus A320,180,Completed,3573.0,1232.06,2127.91,973.08
F004117,R006,2025-10-02 07:45:00,Airbus A320,180,Completed,3063.36,1230.85,2559.4,727.2
F004118,R007,2025-10-02 14:15:00,Airbus A320,180,Completed,3654.82,1270.75,2292.48,834.33
F004119,R008,2025-10-02 09:00:00,Boeing 737,160,Completed,3681.15,1256.95,2784.29,1152.45
F004120,R008,2025-10-02 08:30:00,Airbus A320,180,Completed,3556.79,1222.1,1974.09,549.9
F004121,R009,2025-10-02 12:30:00,Airbus A320,180,Completed,1085.0,382.36,1836.41,916.65
F004122,R010,2025-10-02 06:30:00,Airbus A320,180,Delayed,1071.42,369.07,1953.98,965.46
F004123,R001,2025-10-03 06:30:00,Boeing 737,160,Completed,13355.55,5192.97,1849.93,1429.08
F004124,R002,2025-10-03 10:00:00,Airbus A320,180,Cancelled,12280.45,5181.0,1904.33,561.49
F004125,R003,2025-10-03 16:15:00,Boeing 737,160,Completed,10889.31,3847.22,2441.38,1065.4
F004126,R004,2025-10-03 08:45:00,Airbus A320,180,Completed,9910.71,3547.44,2067.89,944.45
F004127,R004,2025-10-03 07:30:00,Boeing 737,160,Cancelled,10139.96,3780.42,2951.81,1274.23
F004128,R005,2025-10-03 06:00:00,Boeing 737,160,Completed,3388.29,1214.27,2838.72,1089.66
F004129,R006,2025-10-03 12:15:00,Boeing 737,160,Completed,3259.24,1153.77,2834.05,787.52
F004130,R006,2025-10-03 21:00:00,Airbus A320,180,Completed,3412.5,1133.73,2025.58,1217.38
F004131,R007,2025-10-03 17:15:00,Airbus A320,180,Completed,3575.52,1337.3,2052.91,521.45
F004132,R007,2025-10-03 21:45:00,Airbus A320,180,Completed,3177.68,1251.36,1769.89,512.35
F004133,R008,2025-10-03 19:15:00,Boeing 737,160,Completed,3490.36,1292.38,2728.16,910.67
F004134,R008,2025-10-03 10:45:00,Boeing 737,160,Completed,3258.47,1273.81,2791.11,519.97
F004135,R009,2025-10-03 06:15:00,Airbus A320,180,Completed,1098.12,377.28,1602.0,778.34
F004136,R010,2025-10-03 08:45:00,Boeing 737,160,Completed,935.73,362.64,1703.9,1190.29
F004137,R001,2025-10-04 22:00:00,Airbus A320,180,Completed,14780.63,5099.62,2500.47,1023.88
F004138,R002,2025-10-04 21:45:00,Boeing 737,160,Completed,12481.65,5034.66,2196.22,1197.66
F004139,R002,2025-10-04 22:15:00,Boeing 737,160,Completed,12537.61,4868.75,2471.22,1272.91
F004140,R003,2025-10-04 15:45:00,Boeing 737,160,Delayed,11095.48,3673.39,2453.61,1461.76
F004141,R003,2025-10-04 17:45:00,Boeing 737,160,Completed,11148.99,3809.2,1723.94,854.1
F004142,R004,2025-10-04 12:30:00,Airbus A320,180,Completed,9625.37,3849.82,2750.86,1433.75
F004143,R005,2025-10-04 15:15:00,Airbus A320,180,Completed,2969.63,1187.52,1658.76,966.98
F004144,R005,2025-10-04 14:45:00,Airbus A320,180,Completed,3063.88,1192.91,2326.5,1230.82
F004145,R006,2025-10-04 21:30:00,Airbus A320,180,Completed,3557.03,1162.12,2176.69,738.76
F004146,R006,2025-10-04 16:30:00,Boeing 737,160,Completed,3291.21,1172.89,2406.62,1090.25
F004147,R007,2025-10-04 11:30:00,Boeing 737,160,Cancelled,3718.01,1325.89,2417.45,561.58
F004148,R008,2025-10-04 14:45:00,Boeing 737,160,Completed,3277.8,1321.72,1667.9,589.05
F004149,R008,2025-10-04 19:15:00,Boeing 737,160,Completed,3433.53,1304.85,1819.33,576.3
F004150,R009,2025-10-04 12:00:00,Airbus A320,180,Completed,1057.58,375.14,2273.4,1238.04
F004151,R009,2025-10-04 21:30:00,Boeing 737,160,Completed,974.08,386.83,1766.9,1189.55
F004152,R010,2025-10-04 10:30:00,Airbus A320,180,Completed,977.81,374.16,1670.6,1058.53
F004153,R001,2025-10-05 12:30:00,Airbus A320,180,Completed,12584.0,4816.73,2960.33,1300.64
F004154,R001,2025-10-05 10:15:00,Boeing 737,160,Completed,13450.5,4930.24,2147.25,1405.67
F004155,R002,2025-10-05 13:30:00,Airbus A320,180,Completed,13268.16,5077.73,2472.56,816.27
F004156,R003,2025-10-05 21:45:00,Boeing 737,160,Completed,10069.1,3582.66,2871.94,1169.32
F004157,R003,2025-10-05 12:30:00,Airbus A320,180,Completed,9556.81,3598.83,2887.49,576.49
F004158,R004,2025-10-05 21:30:00,Boeing 737,160,Completed,10878.02,3559.35,2953.03,657.92
F004159,R004,2025-10-05 14:00:00,Boeing 737,160,Delayed,9910.41,3766.52,2059.74,1143.65
F004160,R005,2025-10-05 11:30:00,Boeing 737,160,Completed,3070.63,1140.53,2303.76,1389.91
F004161,R005,2025-10-05 20:00:00,Airbus A320,180,Completed,3152.34,1176.09,2638.53,727.83
F004162,R006,2025-10-05 14:00:00,Boeing 737,160,Completed,3453.77,1136.61,1949.76,1358.11
F004163,R006,2025-10-05 21:30:00,Boeing 737,160,Completed,3168.21,1228.57,1725.38,1420.82
F004164,R007,2025-10-05 09:00:00,Airbus A320,180,Completed,3603.97,1338.16,2462.25,714.13
F004165,R008,2025-10-05 13:30:00,Airbus A320,180,Completed,3857.69,1259.05,2293.0,1296.57
F004166,R009,2025-10-05 09:00:00,Airbus A320,180,Delayed,1073.06,356.71,1782.98,958.06
F004167,R010,2025-10-05 07:00:00,Airbus A320,180,Delayed,984.54,390.19,2530.67,884.35
F004168,R010,2025-10-05 15:30:00,Airbus A320,180,Delayed,984.03,392.29,1504.87,677.87
F004169,R001,2025-10-06 13:30:00,Airbus A320,180,Completed,14410.32,5010.88,2543.65,644.09
F004170,R002,2025-10-06 15:00:00,Airbus A320,180,Completed,14528.71,4743.76,2167.24,1166.41
F004171,R003,2025-10-06 14:45:00,Airbus A320,180,Completed,10991.78,3846.45,2702.16,1425.92
F004172,R004,2025-10-06 21:00:00,Boeing 737,160,Completed,9984.71,3801.32,1874.75,1070.68
F004173,R004,2025-10-06 08:00:00,Airbus A320,180,Completed,10311.57,3793.08,1662.53,689.89
F004174,R005,2025-10-06 08:30:00,Boeing 737,160,Completed,3423.96,1128.65,1755.69,791.07
F004175,R006,2025-10-06 21:30:00,Airbus A320,180,Completed,2984.32,1189.73,2858.17,837.43
F004176,R007,2025-10-06 08:30:00,Airbus A320,180,Delayed,3258.86,1245.89,1795.59,892.07
F004177,R007,2025-10-06 06:15:00,Airbus A320,180,Completed,3864.32,1294.47,2881.53,828.74
F004178,R008,2025-10-06 16:00:00,Airbus A320,180,Completed,3629.01,1230.58,2059.82,973.44
F004179,R008,2025-10-06 11:00:00,Airbus A320,180,Completed,3298.23,1320.84,2388.97,670.18
F004180,R009,2025-10-06 09:30:00,Boeing 737,160,Completed,1042.99,389.35,1905.5,612.9
F004181,R010,2025-10-06 15:00:00,Boeing 737,160,Completed,970.16,374.49,2042.73,1203.27
F004182,R001,2025-10-07 09:30:00,Boeing 737,160,Completed,13373.43,4778.65,2858.65,1328.85
F004183,R002,2025-10-07 09:45:00,Airbus A320,180,Completed,14674.36,4777.81,2428.92,1006.09
F004184,R003,2025-10-07 15:45:00,Airbus A320,180,Completed,9956.53,3737.87,2315.64,1191.03
F004185,R003,2025-10-07 10:45:00,Boeing 737,160,Completed,11045.44,3728.87,1870.94,885.59
F004186,R004,2025-10-07 09:45:00,Airbus A320,180,Completed,11080.16,3763.57,2365.07,1496.14
F004187,R004,2025-10-07 16:15:00,Boeing 737,160,Completed,10598.36,3714.06,1538.15,595.1
F004188,R005,2025-10-07 07:30:00,Boeing 737,160,Completed,3082.56,1171.29,2743.23,1033.62
F004189,R006,2025-10-07 13:30:00,Boeing 737,160,Completed,3295.19,1239.57,2959.27,1227.27
F004190,R007,2025-10-07 14:45:00,Boeing 737,160,Completed,3837.63,1279.0,1622.51,742.7
F004191,R008,2025-10-07 06:15:00,Airbus A320,180,Completed,3347.04,1324.95,2636.36,753.14
F004192,R009,2025-10-07 19:45:00,Boeing 737,160,Completed,1093.0,373.03,1544.46,1272.76
F004193,R010,2025-10-07 21:45:00,Airbus A320,180,Delayed,1112.83,366.61,2957.01,1200.8
F004194,R001,2025-10-08 21:15:00,Boeing 737,160,Completed,12359.38,5024.39,1767.72,792.11
F004195,R001,2025-10-08 07:00:00,Boeing 737,160,Completed,14517.89,5048.48,2823.7,870.37
F004196,R002,2025-10-08 06:45:00,Boeing 737,160,Cancelled,13023.51,4931.17,2961.94,844.67
F004197,R003,2025-10-08 19:30:00,Airbus A320,180,Completed,10935.52,3668.69,2716.23,1488.79
F004198,R004,2025-10-08 11:45:00,Airbus A320,180,Completed,10665.64,3859.43,2564.37,733.93
F004199,R005,2025-10-08 11:15:00,Boeing 737,160,Completed,3466.25,1148.71,2891.86,1076.56
F004200,R005,2025-10-08 18:15:00,Boeing 737,160,Completed,3448.04,1183.18,2476.36,1015.97
F004201,R006,2025-10-08 07:30:00,Boeing 737,160,Completed,3365.48,1156.19,2855.68,956.61
F004202,R006,2025-10-08 13:00:00,Airbus A320,180,Completed,3318.5,1137.01,1620.97,926.38
F004203,R007,2025-10-08 08:15:00,Airbus A320,180,Completed,3348.83,1308.55,2579.87,846.18
F004204,R008,2025-10-08 06:45:00,Airbus A320,180,Completed,3437.33,1310.62,2327.37,1274.33
F004205,R008,2025-10-08 15:30:00,Airbus A320,180,Completed,3312.43,1262.32,2066.83,916.15
F004206,R009,2025-10-08 10:00:00,Boeing 737,160,Completed,1038.13,355.73,1988.03,1078.8
F004207,R009,2025-10-08 08:30:00,Airbus A320,180,Completed,1077.84,365.69,1756.97,1400.22
F004208,R010,2025-10-08 16:00:00,Boeing 737,160,Completed,1093.73,386.14,2561.97,1242.5
F004209,R010,2025-10-08 08:30:00,Airbus A320,180,Delayed,945.45,370.76,2489.17,854.39
F004210,R001,2025-10-09 06:45:00,Airbus A320,180,Completed,13091.47,4755.59,1845.59,1360.56
F004211,R002,2025-10-09 13:45:00,Airbus A320,180,Completed,14249.93,4707.36,2780.25,1233.97
F004212,R002,2025-10-09 14:00:00,Airbus A320,180,Completed,12897.44,5139.54,2858.41,640.67
F004213,R003,2025-10-09 10:45:00,Airbus A320,180,Completed,10850.06,3797.9,2199.18,1460.54
F004214,R003,2025-10-09 07:15:00,Boeing 737,160,Completed,9577.28,3812.19,1668.06,1015.95
F004215,R004,2025-10-09 08:15:00,Airbus A320,180,Completed,11055.67,3620.82,2164.68,1181.99
F004216,R004,2025-10-09 16:15:00,Boeing 737,160,Completed,9281.07,3566.93,2623.81,1447.99
F004217,R005,2025-10-09 13:45:00,Boeing 737,160,Completed,2986.25,1164.93,2761.89,705.84
F004218,R005,2025-10-09 09:00:00,Airbus A320,180,Completed,3046.13,1157.2,2724.62,1232.0
F004219,R006,2025-10-09 14:00:00,Boeing 737,160,Completed,3093.77,1238.82,1643.29,1301.17
F004220,R006,2025-10-09 13:45:00,Airbus A320,180,Completed,3297.8,1172.82,1639.02,537.43
F004221,R007,2025-10-09 10:00:00,Boeing 737,160,Completed,3387.69,1308.46,1535.6,587.24
F004222,R008,2025-10-09 10:30:00,Airbus A320,180,Completed,3217.15,1299.23,2205.87,945.62
F004223,R009,2025-10-09 11:00:00,Airbus A320,180,Completed,1042.46,376.77,2792.82,1354.04
F004224,R010,2025-10-09 10:00:00,Airbus A320,180,Delayed,964.26,366.95,2243.36,713.05
F004225,R001,2025-10-10 15:30:00,Boeing 737,160,Completed,12535.68,4906.12,1599.52,544.98
F004226,R002,2025-10-10 15:45:00,Boeing 737,160,Completed,12429.94,5013.86,1665.79,621.96
F004227,R003,2025-10-10 17:30:00,Airbus A320,180,Completed,10297.63,3556.56,2581.13,1259.84
F004228,R003,2025-10-10 10:15:00,Boeing 737,160,Completed,10349.55,3639.33,2632.53,1495.53
F004229,R004,2025-10-10 10:00:00,Airbus A320,180,Delayed,9904.81,3795.78,2566.16,1300.74
F004230,R004,2025-10-10 21:45:00,Airbus A320,180,Completed,9997.7,3778.97,2876.74,1364.77
F004231,R005,2025-10-10 22:45:00,Airbus A320,180,Completed,3369.11,1143.9,1819.62,1037.04
F004232,R006,2025-10-10 20:15:00,Boeing 737,160,Completed,3121.77,1185.21,1558.25,861.25
F004233,R007,2025-10-10 16:30:00,Airbus A320,180,Cancelled,3828.26,1321.55,1626.74,1236.54
F004234,R007,2025-10-10 20:15:00,Airbus A320,180,Completed,3252.96,1289.12,2528.39,998.63
F004235,R008,2025-10-10 15:00:00,Boeing 737,160,Completed,3614.61,1319.87,2021.75,984.46
F004236,R008,2025-10-10 16:30:00,Boeing 737,160,Completed,3812.6,1231.49,2976.69,1137.56
F004237,R009,2025-10-10 18:15:00,Boeing 737,160,Completed,1000.05,365.73,1958.5,691.21
F004238,R010,2025-10-10 11:45:00,Boeing 737,160,Completed,1064.35,367.13,1546.65,910.58
F004239,R001,2025-10-11 19:45:00,Boeing 737,160,Completed,12633.14,4729.5,2202.39,1134.89
F004240,R001,2025-10-11 17:15:00,Airbus A320,180,Completed,13772.92,4840.66,1582.75,1395.33
F004241,R002,2025-10-11 17:30:00,Boeing 737,160,Completed,14085.59,4834.66,2905.45,1349.42
F004242,R002,2025-10-11 20:45:00,Airbus A320,180,Completed,13525.34,5181.5,2811.79,1038.05
F004243,R003,2025-10-11 10:00:00,Boeing 737,160,Completed,10640.89,3675.58,1709.76,1166.08
F004244,R004,2025-10-11 06:30:00,Airbus A320,180,Completed,10680.58,3532.52,1687.19,673.79
F004245,R004,2025-10-11 18:00:00,Airbus A320,180,Completed,9883.05,3688.97,2539.28,1392.5
F004246,R005,2025-10-11 09:00:00,Airbus A320,180,Completed,3300.95,1177.17,1622.73,918.44
F004247,R005,2025-10-11 14:15:00,Airbus A320,180,Completed,3022.68,1163.33,2735.59,1461.19
F004248,R006,2025-10-11 14:45:00,Airbus A320,180,Completed,2993.99,1224.26,2969.49,1002.08
F004249,R007,2025-10-11 06:15:00,Boeing 737,160,Completed,3283.67,1277.29,1570.51,785.27
F004250,R007,2025-10-11 15:15:00,Boeing 737,160,Cancelled,3499.82,1235.16,2760.16,1159.41
F004251,R008,2025-10-11 14:00:00,Boeing 737,160,Completed,3623.57,1225.21,2697.14,727.58
F004252,R008,2025-10-11 09:45:00,Airbus A320,180,Completed,3613.16,1330.5,2250.32,1089.89
F004253,R009,2025-10-11 14:45:00,Boeing 737,160,Completed,983.99,356.14,2782.61,621.21
F004254,R010,2025-10-11 07:00:00,Airbus A320,180,Completed,1083.59,366.09,1703.85,583.74
F004255,R001,2025-10-12 17:45:00,Airbus A320,180,Completed,12515.05,5092.14,1749.08,867.2
F004256,R001,2025-10-12 08:45:00,Boeing 737,160,Completed,12309.99,4836.76,2855.29,960.29
F004257,R002,2025-10-12 10:30:00,Airbus A320,180,Completed,14445.76,4934.65,1542.5,1312.52
F004258,R003,2025-10-12 12:45:00,Boeing 737,160,Completed,9777.75,3830.58,2507.63,705.5
F004259,R003,2025-10-12 08:30:00,Airbus A320,180,Completed,9359.48,3531.94,2387.81,1420.16
F004260,R004,2025-10-12 10:00:00,Airbus A320,180,Completed,9161.21,3545.23,2605.51,1149.62
F004261,R005,2025-10-12 07:00:00,Airbus A320,180,Completed,3509.51,1149.57,2966.66,809.29
F004262,R006,2025-10-12 19:45:00,Boeing 737,160,Completed,3429.21,1172.03,1800.25,765.51
F004263,R007,2025-10-12 16:45:00,Boeing 737,160,Completed,3260.17,1270.38,2944.98,812.67
F004264,R008,2025-10-12 14:15:00,Airbus A320,180,Completed,3731.46,1228.83,1912.82,1327.03
F004265,R008,2025-10-12 16:15:00,Airbus A320,180,Completed,3711.07,1345.68,1975.1,1471.23
F004266,R009,2025-10-12 22:15:00,Airbus A320,180,Completed,938.0,359.28,2777.27,1080.53
F004267,R009,2025-10-12 15:00:00,Boeing 737,160,Completed,1090.02,360.3,2021.01,870.44
F004268,R010,2025-10-12 17:00:00,Boeing 737,160,Completed,1120.86,382.86,2442.87,1375.9
F004269,R001,2025-10-13 22:00:00,Airbus A320,180,Completed,12327.53,5101.4,1974.23,1372.86
F004270,R002,2025-10-13 20:15:00,Airbus A320,180,Completed,12957.05,5093.52,1942.04,631.51
F004271,R003,2025-10-13 14:45:00,Airbus A320,180,Completed,10129.97,3600.85,2667.91,773.47
F004272,R004,2025-10-13 14:15:00,Boeing 737,160,Completed,9759.31,3611.63,1579.3,934.76
F004273,R004,2025-10-13 18:15:00,Airbus A320,180,Completed,9742.11,3667.78,2940.42,1171.6
F004274,R005,2025-10-13 17:15:00,Airbus A320,180,Completed,3242.59,1155.67,2828.95,1497.54
F004275,R005,2025-10-13 17:30:00,Airbus A320,180,Completed,2953.82,1140.56,1681.93,1385.95
F004276,R006,2025-10-13 06:45:00,Boeing 737,160,Completed,3502.03,1158.69,2966.64,1231.14
F004277,R006,2025-10-13 19:00:00,Boeing 737,160,Completed,3434.05,1135.78,2750.79,1114.5
F004278,R007,2025-10-13 10:30:00,Airbus A320,180,Cancelled,3194.87,1290.16,2095.71,636.08
F004279,R008,2025-10-13 21:30:00,Boeing 737,160,Completed,3260.65,1268.44,1585.16,631.7
F004280,R009,2025-10-13 13:30:00,Boeing 737,160,Completed,1064.29,377.65,2901.63,758.66
F004281,R010,2025-10-13 10:45:00,Airbus A320,180,Completed,957.59,389.88,2141.07,1286.36
F004282,R010,2025-10-13 21:30:00,Airbus A320,180,Delayed,1074.97,367.87,2697.66,1104.5
F004283,R001,2025-10-14 17:45:00,Boeing 737,160,Completed,12723.06,5061.44,2588.47,993.01
F004284,R001,2025-10-14 15:15:00,Airbus A320,180,Completed,14236.9,4964.4,1699.08,645.07
F004285,R002,2025-10-14 06:15:00,Boeing 737,160,Completed,13883.94,4805.79,2793.75,1414.23
F004286,R002,2025-10-14 21:45:00,Boeing 737,160,Completed,13508.15,5156.97,1905.94,530.4
F004287,R003,2025-10-14 07:30:00,Airbus A320,180,Completed,9820.71,3642.74,1621.15,1052.43
F004288,R003,2025-10-14 13:00:00,Boeing 737,160,Completed,11096.87,3636.7,2906.58,1207.35
F004289,R004,2025-10-14 11:00:00,Airbus A320,180,Completed,10711.3,3615.19,2454.65,1087.66
F004290,R005,2025-10-14 22:15:00,Airbus A320,180,Delayed,3449.85,1235.51,2235.55,1294.59
F004291,R006,2025-10-14 12:15:00,Airbus A320,180,Completed,3397.17,1154.38,2628.01,1319.92
F004292,R007,2025-10-14 12:15:00,Airbus A320,180,Cancelled,3539.62,1245.58,2127.35,1246.18
F004293,R007,2025-10-14 11:00:00,Airbus A320,180,Completed,3257.35,1219.43,2069.03,989.72
F004294,R008,2025-10-14 08:30:00,Boeing 737,160,Completed,3803.33,1298.24,2930.64,1196.91
F004295,R009,2025-10-14 18:30:00,Boeing 737,160,Completed,1105.55,357.85,2853.91,976.4
F004296,R009,2025-10-14 09:00:00,Airbus A320,180,Completed,962.99,376.26,2339.15,565.49
F004297,R010,2025-10-14 13:00:00,Airbus A320,180,Completed,936.29,378.59,2761.94,967.07
F004298,R010,2025-10-14 13:00:00,Boeing 737,160,Completed,1051.6,392.29,2833.63,775.16
F004299,R001,2025-10-15 15:30:00,Boeing 737,160,Completed,14684.41,5082.26,2526.55,953.87
F004300,R002,2025-10-15 06:15:00,Airbus A320,180,Completed,13732.59,4711.68,2411.24,972.07
F004301,R002,2025-10-15 11:00:00,Airbus A320,180,Cancelled,12483.73,4780.03,2629.76,1022.45
F004302,R003,2025-10-15 17:15:00,Boeing 737,160,Completed,10348.36,3744.86,1985.02,913.53
F004303,R003,2025-10-15 07:15:00,Boeing 737,160,Completed,9563.53,3807.51,2716.04,1406.93
F004304,R004,2025-10-15 17:00:00,Airbus A320,180,Completed,9870.3,3798.91,1544.33,667.35
F004305,R004,2025-10-15 06:00:00,Airbus A320,180,Completed,10891.58,3834.51,1924.51,567.04
F004306,R005,2025-10-15 06:15:00,Airbus A320,180,Completed,3019.86,1154.86,1536.03,943.7
F004307,R005,2025-10-15 19:45:00,Airbus A320,180,Completed,3277.24,1221.43,1986.81,1182.77
F004308,R006,2025-10-15 06:30:00,Boeing 737,160,Completed,3138.71,1133.72,2427.92,1408.73
F004309,R006,2025-10-15 11:15:00,Airbus A320,180,Completed,3209.7,1163.2,2090.02,945.31
F004310,R007,2025-10-15 16:00:00,Boeing 737,160,Completed,3376.04,1306.33,1559.04,1293.23
F004311,R007,2025-10-15 13:30:00,Airbus A320,180,Completed,3816.92,1305.33,2533.16,1406.66
F004312,R008,2025-10-15 09:45:00,Airbus A320,180,Completed,3356.83,1242.69,1943.84,1369.82
F004313,R009,2025-10-15 09:45:00,Airbus A320,180,Completed,1018.04,391.53,2162.43,1394.41
F004314,R009,2025-10-15 19:30:00,Airbus A320,180,Delayed,1017.5,378.51,2936.6,586.04
F004315,R010,2025-10-15 19:45:00,Boeing 737,160,Completed,1126.89,366.13,1637.47,947.6
F004316,R010,2025-10-15 13:45:00,Airbus A320,180,Completed,970.21,372.98,1608.72,660.11
F004317,R001,2025-10-16 09:45:00,Airbus A320,180,Completed,13221.48,5034.15,2282.31,647.22
F004318,R002,2025-10-16 13:45:00,Boeing 737,160,Completed,12987.43,4703.86,1558.92,1128.27
F004319,R002,2025-10-16 12:45:00,Airbus A320,180,Completed,12437.12,4954.44,2170.58,893.91
F004320,R003,2025-10-16 19:15:00,Boeing 737,160,Completed,10830.57,3792.96,2910.71,720.58
F004321,R004,2025-10-16 21:15:00,Airbus A320,180,Completed,10714.08,3550.9,2046.31,1391.03
F004322,R005,2025-10-16 08:15:00,Boeing 737,160,Completed,2943.48,1194.24,2012.12,1159.73
F004323,R006,2025-10-16 09:30:00,Boeing 737,160,Completed,3032.99,1164.83,2010.63,888.36
F004324,R006,2025-10-16 06:00:00,Boeing 737,160,Completed,3512.33,1168.24,2236.66,1037.69
F004325,R007,2025-10-16 07:15:00,Boeing 737,160,Delayed,3315.51,1334.57,1609.76,1410.22
F004326,R007,2025-10-16 13:45:00,Airbus A320,180,Completed,3634.25,1233.93,2273.37,933.68
F004327,R008,2025-10-16 20:45:00,Boeing 737,160,Completed,3692.16,1320.62,2139.29,524.89
F004328,R008,2025-10-16 14:45:00,Boeing 737,160,Completed,3759.29,1318.82,1871.28,945.14
F004329,R009,2025-10-16 14:00:00,Airbus A320,180,Completed,1129.67,388.65,1925.57,887.52
F004330,R010,2025-10-16 08:45:00,Boeing 737,160,Completed,1029.27,381.57,2154.99,1374.99
F004331,R010,2025-10-16 17:45:00,Airbus A320,180,Cancelled,1090.21,386.43,2608.58,754.97
F004332,R001,2025-10-17 22:45:00,Airbus A320,180,Completed,12583.23,4776.37,2640.47,1224.43
F004333,R001,2025-10-17 15:00:00,Airbus A320,180,Completed,12715.0,4952.92,2823.57,1127.77
F004334,R002,2025-10-17 09:45:00,Boeing 737,160,Completed,13389.98,5053.36,2529.07,672.03
F004335,R002,2025-10-17 11:15:00,Boeing 737,160,Completed,14194.45,4987.74,2377.85,1301.0
F004336,R003,2025-10-17 09:30:00,Boeing 737,160,Completed,9166.73,3765.35,1684.39,1361.17
F004337,R004,2025-10-17 06:30:00,Airbus A320,180,Completed,11062.86,3602.86,2670.85,919.91
F004338,R005,2025-10-17 08:30:00,Airbus A320,180,Completed,3012.48,1241.53,2474.86,879.87
F004339,R005,2025-10-17 06:30:00,Airbus A320,180,Completed,3213.22,1198.58,1846.01,584.52
F004340,R006,2025-10-17 18:30:00,Airbus A320,180,Completed,3227.91,1176.2,2880.94,1319.24
F004341,R007,2025-10-17 18:30:00,Airbus A320,180,Completed,3680.32,1267.24,2791.99,980.66
F004342,R007,2025-10-17 18:00:00,Airbus A320,180,Completed,3261.6,1282.02,2606.09,842.02
F004343,R008,2025-10-17 19:30:00,Airbus A320,180,Delayed,3793.77,1336.69,1605.91,863.76
F004344,R009,2025-10-17 22:45:00,Boeing 737,160,Completed,1047.69,374.05,2994.1,968.02
F004345,R009,2025-10-17 15:30:00,Boeing 737,160,Completed,959.92,371.42,2530.41,1054.01
F004346,R010,2025-10-17 19:15:00,Airbus A320,180,Completed,1086.84,363.98,2289.28,1285.12
F004347,R001,2025-10-18 07:00:00,Airbus A320,180,Completed,14430.36,4771.65,2122.33,1460.09
F004348,R001,2025-10-18 12:00:00,Boeing 737,160,Completed,12692.91,5131.53,1885.41,555.61
F004349,R002,2025-10-18 12:15:00,Boeing 737,160,Completed,14485.87,5146.43,1662.74,612.04
F004350,R003,2025-10-18 06:45:00,Airbus A320,180,Completed,9648.58,3703.73,2014.71,998.15
F004351,R003,2025-10-18 17:15:00,Airbus A320,180,Completed,9859.54,3717.66,1656.51,574.82
F004352,R004,2025-10-18 19:45:00,Airbus A320,180,Completed,9841.19,3768.61,2284.92,817.38
F004353,R005,2025-10-18 12:45:00,Boeing 737,160,Completed,3369.41,1167.59,2953.32,1455.24
F004354,R005,2025-10-18 19:15:00,Boeing 737,160,Completed,3468.17,1193.06,2708.42,855.4
F004355,R006,2025-10-18 14:00:00,Airbus A320,180,Completed,3367.18,1238.3,1990.53,1182.52
F004356,R006,2025-10-18 07:00:00,Boeing 737,160,Completed,3446.63,1237.44,2148.25,763.74
F004357,R007,2025-10-18 15:45:00,Airbus A320,180,Completed,3669.12,1239.45,1793.89,1301.71
F004358,R007,2025-10-18 15:15:00,Airbus A320,180,Completed,3543.28,1264.29,1675.38,1466.1
F004359,R008,2025-10-18 12:45:00,Airbus A320,180,Completed,3571.04,1325.39,2829.67,548.61
F004360,R008,2025-10-18 06:15:00,Airbus A320,180,Completed,3746.33,1295.68,1587.19,1286.63
F004361,R009,2025-10-18 10:00:00,Boeing 737,160,Delayed,1036.73,380.0,1738.27,1415.11
F004362,R009,2025-10-18 09:30:00,Boeing 737,160,Completed,1043.34,379.01,2848.56,1231.01
F004363,R010,2025-10-18 11:30:00,Airbus A320,180,Completed,1011.44,362.14,1553.48,890.69
F004364,R010,2025-10-18 19:45:00,Boeing 737,160,Completed,1055.69,364.12,1818.21,1178.11
F004365,R001,2025-10-19 22:15:00,Airbus A320,180,Completed,12764.74,4767.58,1692.34,740.58
F004366,R002,2025-10-19 14:00:00,Boeing 737,160,Completed,12397.32,4947.29,1970.05,1355.13
F004367,R003,2025-10-19 08:30:00,Boeing 737,160,Completed,9262.15,3833.83,2293.83,689.63
F004368,R003,2025-10-19 17:00:00,Airbus A320,180,Delayed,9706.31,3512.75,2932.14,1100.25
F004369,R004,2025-10-19 11:00:00,Airbus A320,180,Completed,9187.33,3605.24,1505.86,1427.87
F004370,R005,2025-10-19 08:00:00,Boeing 737,160,Completed,3246.13,1140.03,2335.89,735.61
F004371,R006,2025-10-19 13:15:00,Airbus A320,180,Completed,3250.48,1205.0,2234.28,854.6
F004372,R006,2025-10-19 14:45:00,Airbus A320,180,Completed,2982.69,1143.72,2035.45,1447.01
F004373,R007,2025-10-19 16:30:00,Boeing 737,160,Completed,3376.09,1338.1,1769.59,889.63
F004374,R007,2025-10-19 19:00:00,Airbus A320,180,Completed,3801.42,1249.57,1825.73,1271.9
F004375,R008,2025-10-19 14:15:00,Airbus A320,180,Completed,3672.02,1324.6,2942.58,845.75
F004376,R009,2025-10-19 12:30:00,Boeing 737,160,Completed,1056.6,376.6,2155.0,972.55
F004377,R010,2025-10-19 22:15:00,Airbus A320,180,Completed,1092.75,373.0,1822.83,1384.57
F004378,R010,2025-10-19 08:15:00,Boeing 737,160,Completed,971.12,389.67,2532.98,609.64
F004379,R001,2025-10-20 17:15:00,Airbus A320,180,Completed,13109.0,5033.14,1631.3,787.82
F004380,R001,2025-10-20 11:00:00,Boeing 737,160,Completed,13398.57,5035.8,2974.54,533.6
F004381,R002,2025-10-20 16:00:00,Boeing 737,160,Completed,12261.75,4839.17,1877.14,893.87
F004382,R002,2025-10-20 12:45:00,Airbus A320,180,Completed,13041.05,4806.58,1740.55,1278.14
F004383,R003,2025-10-20 08:30:00,Boeing 737,160,Completed,9455.1,3788.05,2884.91,507.46
F004384,R003,2025-10-20 07:45:00,Boeing 737,160,Completed,9473.05,3835.69,2162.16,1217.8
F004385,R004,2025-10-20 16:15:00,Airbus A320,180,Completed,10170.49,3820.18,2260.91,1382.5
F004386,R005,2025-10-20 16:45:00,Boeing 737,160,Completed,2977.14,1237.42,1782.53,1250.61
F004387,R005,2025-10-20 12:00:00,Boeing 737,160,Completed,2968.79,1133.75,1590.0,923.0
F004388,R006,2025-10-20 16:45:00,Airbus A320,180,Completed,3549.16,1233.7,1925.53,869.68
F004389,R007,2025-10-20 09:45:00,Boeing 737,160,Completed,3562.69,1257.52,2193.78,527.81
F004390,R007,2025-10-20 15:30:00,Airbus A320,180,Completed,3622.61,1246.13,2567.61,1320.05
F004391,R008,2025-10-20 19:30:00,Boeing 737,160,Completed,3408.58,1313.87,2602.27,832.9
F004392,R008,2025-10-20 20:30:00,Airbus A320,180,Completed,3316.8,1342.62,2634.45,1317.63
F004393,R009,2025-10-20 09:45:00,Airbus A320,180,Completed,1042.67,369.76,2555.45,1066.32
F004394,R009,2025-10-20 19:30:00,Airbus A320,180,Completed,928.24,384.68,2460.85,1269.13
F004395,R010,2025-10-20 13:45:00,Airbus A320,180,Completed,957.21,376.59,2092.74,772.05
F004396,R001,2025-10-21 10:00:00,Boeing 737,160,Cancelled,13786.61,4793.59,2830.95,826.07
F004397,R001,2025-10-21 14:30:00,Airbus A320,180,Completed,13557.93,4993.5,2052.4,1220.34
F004398,R002,2025-10-21 10:15:00,Airbus A320,180,Completed,13330.72,4724.81,1605.13,643.92
F004399,R002,2025-10-21 19:30:00,Boeing 737,160,Completed,12407.57,5008.82,2207.8,1045.12
F004400,R003,2025-10-21 21:15:00,Boeing 737,160,Completed,10336.44,3560.1,1524.21,1279.16
F004401,R004,2025-10-21 10:30:00,Boeing 737,160,Completed,10368.47,3568.76,2456.94,532.94
F004402,R004,2025-10-21 15:45:00,Boeing 737,160,Completed,10268.73,3516.84,2707.89,1176.87
F004403,R005,2025-10-21 12:00:00,Airbus A320,180,Completed,3292.15,1153.84,2998.08,794.06
F004404,R005,2025-10-21 21:45:00,Airbus A320,180,Completed,3389.21,1131.46,2926.33,938.3
F004405,R006,2025-10-21 15:30:00,Airbus A320,180,Completed,3221.88,1175.19,2411.35,1187.83
F004406,R007,2025-10-21 19:00:00,Airbus A320,180,Completed,3321.28,1270.27,1738.15,1182.28
F004407,R008,2025-10-21 06:30:00,Airbus A320,180,Completed,3581.4,1260.74,2449.82,665.17
F004408,R008,2025-10-21 21:15:00,Airbus A320,180,Completed,3441.12,1314.15,1719.51,1307.19
F004409,R009,2025-10-21 16:45:00,Boeing 737,160,Completed,1026.0,378.94,1956.26,1327.91
F004410,R010,2025-10-21 11:45:00,Boeing 737,160,Completed,1075.33,365.42,1765.25,1280.96
F004411,R010,2025-10-21 13:30:00,Airbus A320,180,Completed,1105.69,391.88,2124.28,605.36
F004412,R001,2025-10-22 09:30:00,Airbus A320,180,Completed,12487.93,4726.36,2067.64,1013.2
F004413,R001,2025-10-22 11:45:00,Airbus A320,180,Completed,14817.61,5007.46,1754.12,1471.86
F004414,R002,2025-10-22 06:15:00,Airbus A320,180,Completed,12478.26,5176.25,2432.37,824.01
F004415,R002,2025-10-22 08:15:00,Airbus A320,180,Completed,12994.69,5123.3,2962.53,727.86
F004416,R003,2025-10-22 09:15:00,Boeing 737,160,Completed,9384.02,3721.28,1785.92,968.92
F004417,R004,2025-10-22 10:15:00,Airbus A320,180,Completed,11098.36,3729.83,2677.57,1131.64
F004418,R005,2025-10-22 08:15:00,Boeing 737,160,Completed,3548.21,1131.9,2078.33,595.8
F004419,R006,2025-10-22 11:00:00,Boeing 737,160,Completed,3350.1,1157.17,1649.11,651.9
F004420,R006,2025-10-22 08:15:00,Boeing 737,160,Completed,3471.96,1175.52,2639.79,716.85
F004421,R007,2025-10-22 15:00:00,Boeing 737,160,Completed,3229.04,1280.08,1775.39,622.19
F004422,R008,2025-10-22 21:15:00,Boeing 737,160,Completed,3760.82,1241.35,2021.53,518.17
F004423,R008,2025-10-22 13:00:00,Airbus A320,180,Delayed,3515.6,1258.95,2856.07,1197.49
F004424,R009,2025-10-22 06:00:00,Boeing 737,160,Completed,1060.62,379.19,2627.72,579.18
F004425,R010,2025-10-22 18:30:00,Boeing 737,160,Completed,1094.49,361.81,1941.04,808.91
F004426,R010,2025-10-22 13:30:00,Boeing 737,160,Completed,1086.95,374.39,2667.18,613.73
F004427,R001,2025-10-23 16:30:00,Airbus A320,180,Completed,13080.1,5008.81,1670.35,1476.37
F004428,R002,2025-10-23 20:00:00,Boeing 737,160,Completed,13565.22,4966.35,1779.56,533.18
F004429,R003,2025-10-23 07:00:00,Boeing 737,160,Completed,10471.38,3777.94,2279.51,1361.05
F004430,R003,2025-10-23 12:30:00,Boeing 737,160,Completed,9500.61,3583.05,1669.88,1166.07
F004431,R004,2025-10-23 06:30:00,Boeing 737,160,Completed,9499.04,3765.06,2319.58,638.83
F004432,R005,2025-10-23 11:45:00,Airbus A320,180,Completed,3044.96,1146.13,2803.42,1384.06
F004433,R005,2025-10-23 08:15:00,Boeing 737,160,Completed,3004.81,1184.12,2019.48,790.13
F004434,R006,2025-10-23 11:45:00,Airbus A320,180,Completed,3384.37,1140.66,2636.19,900.89
F004435,R007,2025-10-23 09:45:00,Airbus A320,180,Completed,3733.27,1313.02,2117.15,635.7
F004436,R008,2025-10-23 11:30:00,Boeing 737,160,Cancelled,3407.81,1282.92,2812.01,1254.01
F004437,R009,2025-10-23 20:15:00,Boeing 737,160,Completed,960.75,356.83,2360.06,583.67
F004438,R009,2025-10-23 16:15:00,Boeing 737,160,Completed,983.85,380.5,2041.52,697.39
F004439,R010,2025-10-23 08:00:00,Airbus A320,180,Completed,931.3,367.36,1979.59,1027.62
F004440,R010,2025-10-23 22:30:00,Boeing 737,160,Completed,1038.32,370.74,2234.08,562.28
F004441,R001,2025-10-24 22:30:00,Airbus A320,180,Completed,13482.05,4946.11,2600.75,1059.13
F004442,R001,2025-10-24 13:00:00,Airbus A320,180,Completed,13320.38,5029.14,2746.17,839.74
F004443,R002,2025-10-24 16:30:00,Boeing 737,160,Completed,12480.51,5149.37,2162.8,954.56
F004444,R003,2025-10-24 13:15:00,Boeing 737,160,Completed,10284.4,3550.89,2534.41,1407.77
F004445,R003,2025-10-24 10:00:00,Airbus A320,180,Completed,9356.88,3784.82,1594.82,693.28
F004446,R004,2025-10-24 19:15:00,Airbus A320,180,Delayed,10222.37,3534.35,2426.93,539.54
F004447,R005,2025-10-24 11:30:00,Boeing 737,160,Completed,3202.46,1136.23,2511.61,1138.04
F004448,R006,2025-10-24 21:00:00,Boeing 737,160,Completed,3241.44,1207.99,1907.27,851.64
F004449,R006,2025-10-24 20:45:00,Airbus A320,180,Completed,3562.42,1203.53,1634.35,1394.23
F004450,R007,2025-10-24 07:45:00,Boeing 737,160,Completed,3390.05,1256.07,2527.11,1440.03
F004451,R007,2025-10-24 22:00:00,Boeing 737,160,Completed,3817.35,1230.69,2629.6,1344.52
F004452,R008,2025-10-24 19:45:00,Airbus A320,180,Completed,3500.63,1271.24,1606.84,1360.51
F004453,R008,2025-10-24 10:30:00,Airbus A320,180,Cancelled,3693.17,1230.26,1558.52,653.28
F004454,R009,2025-10-24 20:45:00,Airbus A320,180,Completed,993.76,390.16,2224.76,1447.63
F004455,R010,2025-10-24 10:15:00,Boeing 737,160,Completed,1039.84,364.71,2977.76,1457.25
F004456,R001,2025-10-25 20:15:00,Airbus A320,180,Completed,13504.82,4769.81,2793.06,1228.53
F004457,R001,2025-10-25 07:30:00,Boeing 737,160,Completed,13699.93,4961.95,2333.44,1283.84
F004458,R002,2025-10-25 22:45:00,Boeing 737,160,Completed,14915.13,5176.37,2429.1,1376.41
F004459,R002,2025-10-25 12:15:00,Airbus A320,180,Completed,14158.6,5143.92,2440.52,663.41
F004460,R003,2025-10-25 06:15:00,Airbus A320,180,Completed,10490.04,3579.56,2409.64,1028.51
F004461,R003,2025-10-25 18:30:00,Airbus A320,180,Delayed,9678.99,3757.47,1872.69,1057.24
F004462,R004,2025-10-25 18:30:00,Boeing 737,160,Completed,10579.65,3729.96,2329.61,1052.86
F004463,R004,2025-10-25 20:45:00,Boeing 737,160,Completed,10739.91,3564.82,1873.39,1473.31
F004464,R005,2025-10-25 13:30:00,Boeing 737,160,Completed,3553.89,1203.54,1584.78,604.36
F004465,R006,2025-10-25 12:15:00,Airbus A320,180,Completed,3449.65,1142.46,2536.73,633.19
F004466,R006,2025-10-25 17:45:00,Boeing 737,160,Completed,3107.2,1210.46,2015.05,1472.29
F004467,R007,2025-10-25 12:45:00,Boeing 737,160,Completed,3736.83,1285.61,2129.39,1386.89
F004468,R007,2025-10-25 12:30:00,Airbus A320,180,Completed,3195.62,1253.28,2045.71,1299.21
F004469,R008,2025-10-25 15:15:00,Airbus A320,180,Delayed,3787.28,1337.64,1626.08,605.25
F004470,R009,2025-10-25 14:30:00,Airbus A320,180,Completed,1129.63,367.73,2462.32,666.7
F004471,R009,2025-10-25 08:30:00,Boeing 737,160,Completed,1101.79,384.03,2067.85,1005.67
F004472,R010,2025-10-25 08:15:00,Boeing 737,160,Completed,950.95,389.33,1909.67,991.12
F004473,R010,2025-10-25 11:30:00,Airbus A320,180,Completed,984.95,377.24,2817.66,1490.7
F004474,R001,2025-10-26 14:45:00,Boeing 737,160,Completed,13131.19,5025.15,2432.66,1028.31
F004475,R002,2025-10-26 17:00:00,Airbus A320,180,Completed,12904.28,4703.54,2197.08,1309.52
F004476,R002,2025-10-26 14:30:00,Boeing 737,160,Completed,14420.91,4811.52,1916.94,1383.44
F004477,R003,2025-10-26 13:00:00,Airbus A320,180,Completed,11082.73,3807.47,2336.56,760.08
F004478,R004,2025-10-26 08:00:00,Boeing 737,160,Completed,9422.62,3656.74,1949.79,1450.14
F004479,R005,2025-10-26 18:15:00,Airbus A320,180,Completed,3074.63,1134.24,2726.96,571.01
F004480,R005,2025-10-26 14:45:00,Boeing 737,160,Delayed,3218.5,1216.08,2385.51,614.23
F004481,R006,2025-10-26 18:45:00,Boeing 737,160,Completed,3430.32,1237.08,2410.7,1380.95
F004482,R007,2025-10-26 08:45:00,Boeing 737,160,Completed,3444.95,1219.05,1616.29,1272.74
F004483,R008,2025-10-26 08:30:00,Boeing 737,160,Completed,3245.13,1333.33,1977.63,638.79
F004484,R008,2025-10-26 12:00:00,Airbus A320,180,Completed,3204.04,1334.53,2642.31,687.25
F004485,R009,2025-10-26 11:45:00,Boeing 737,160,Completed,1057.07,359.52,1758.98,1054.18
F004486,R009,2025-10-26 08:30:00,Airbus A320,180,Completed,954.66,356.67,2193.14,895.03
F004487,R010,2025-10-26 20:30:00,Boeing 737,160,Completed,932.32,357.61,1601.17,584.78
F004488,R010,2025-10-26 14:15:00,Airbus A320,180,Completed,1006.34,379.3,1834.26,988.34
F004489,R001,2025-10-27 19:00:00,Airbus A320,180,Completed,13827.07,4786.48,2556.95,1343.06
F004490,R002,2025-10-27 20:30:00,Airbus A320,180,Completed,14150.27,4808.1,2630.28,989.78
F004491,R002,2025-10-27 22:15:00,Boeing 737,160,Completed,12329.43,4858.12,2216.79,969.23
F004492,R003,2025-10-27 18:45:00,Airbus A320,180,Completed,9169.92,3622.55,2438.6,540.36
F004493,R004,2025-10-27 14:00:00,Airbus A320,180,Completed,9146.72,3611.05,2770.46,1069.8
F004494,R005,2025-10-27 16:45:00,Boeing 737,160,Cancelled,3511.75,1191.65,2651.25,1132.67
F004495,R006,2025-10-27 19:00:00,Airbus A320,180,Completed,3078.48,1165.1,2202.0,1417.25
F004496,R006,2025-10-27 06:45:00,Airbus A320,180,Completed,3492.59,1223.31,1630.61,588.6
F004497,R007,2025-10-27 10:45:00,Boeing 737,160,Completed,3640.63,1266.58,2757.69,785.71
F004498,R007,2025-10-27 09:00:00,Boeing 737,160,Completed,3775.53,1262.16,1940.09,1001.71
F004499,R008,2025-10-27 16:45:00,Airbus A320,180,Completed,3342.46,1238.09,1914.63,744.17
F004500,R009,2025-10-27 16:00:00,Airbus A320,180,Completed,1074.32,370.91,2522.71,862.52
F004501,R009,2025-10-27 16:45:00,Boeing 737,160,Completed,1025.59,387.45,2340.2,1249.48
F004502,R010,2025-10-27 10:30:00,Boeing 737,160,Completed,960.71,390.57,2907.32,1244.47
F004503,R010,2025-10-27 15:45:00,Airbus A320,180,Completed,1088.79,386.93,1577.07,1159.67
F004504,R001,2025-10-28 11:15:00,Airbus A320,180,Completed,13854.77,5016.6,1762.73,773.75
F004505,R001,2025-10-28 19:30:00,Boeing 737,160,Completed,12820.32,5011.47,2244.53,1178.64
F004506,R002,2025-10-28 10:00:00,Boeing 737,160,Completed,14061.1,4870.51,1557.07,500.92
F004507,R003,2025-10-28 08:30:00,Boeing 737,160,Completed,11049.19,3611.84,2122.28,1239.8
F004508,R003,2025-10-28 21:30:00,Boeing 737,160,Completed,10837.63,3708.01,1603.79,1493.19
F004509,R004,2025-10-28 18:15:00,Airbus A320,180,Delayed,9464.68,3612.37,1605.48,630.84
F004510,R004,2025-10-28 19:15:00,Boeing 737,160,Completed,9688.24,3696.11,1711.11,897.87
F004511,R005,2025-10-28 12:30:00,Airbus A320,180,Completed,2990.11,1191.23,2247.27,996.03
F004512,R006,2025-10-28 10:15:00,Airbus A320,180,Completed,3529.62,1247.0,2839.65,688.59
F004513,R006,2025-10-28 12:00:00,Airbus A320,180,Completed,3007.21,1241.99,1598.94,585.03
F004514,R007,2025-10-28 07:15:00,Boeing 737,160,Completed,3867.77,1312.51,2516.06,561.16
F004515,R007,2025-10-28 17:30:00,Airbus A320,180,Completed,3234.18,1301.24,1874.7,1152.69
F004516,R008,2025-10-28 07:15:00,Boeing 737,160,Completed,3617.49,1335.59,1630.74,971.23
F004517,R008,2025-10-28 07:15:00,Boeing 737,160,Completed,3195.1,1248.71,2123.26,1224.87
F004518,R009,2025-10-28 21:45:00,Airbus A320,180,Completed,1019.23,387.21,2013.1,1454.13
F004519,R009,2025-10-28 18:30:00,Airbus A320,180,Completed,997.36,367.67,2828.44,708.03
F004520,R010,2025-10-28 16:30:00,Boeing 737,160,Completed,999.34,382.94,1666.56,1401.74
F004521,R001,2025-10-29 18:15:00,Airbus A320,180,Completed,13262.56,4818.84,1573.97,1118.27
F004522,R002,2025-10-29 12:15:00,Boeing 737,160,Completed,14028.5,5137.5,1808.66,1178.71
F004523,R003,2025-10-29 15:30:00,Airbus A320,180,Completed,10653.97,3517.92,1534.26,876.52
F004524,R004,2025-10-29 19:15:00,Airbus A320,180,Completed,9166.55,3669.85,2575.95,819.83
F004525,R005,2025-10-29 15:30:00,Airbus A320,180,Completed,3225.82,1141.35,2904.39,1478.58
F004526,R006,2025-10-29 13:30:00,Boeing 737,160,Completed,3236.4,1233.0,2837.22,953.61
F004527,R006,2025-10-29 07:15:00,Airbus A320,180,Completed,2975.37,1195.93,2737.58,1418.23
F004528,R007,2025-10-29 11:00:00,Boeing 737,160,Completed,3334.34,1320.15,2936.68,1007.25
F004529,R007,2025-10-29 12:45:00,Airbus A320,180,Completed,3714.76,1238.52,2319.3,1037.01
F004530,R008,2025-10-29 15:30:00,Boeing 737,160,Completed,3443.77,1310.87,2437.41,567.22
F004531,R009,2025-10-29 16:45:00,Airbus A320,180,Completed,1131.03,371.48,2651.18,644.38
F004532,R009,2025-10-29 06:00:00,Airbus A320,180,Completed,940.57,369.15,1954.74,656.21
F004533,R010,2025-10-29 21:30:00,Airbus A320,180,Completed,978.24,388.61,2681.19,1002.11
F004534,R010,2025-10-29 21:45:00,Airbus A320,180,Completed,1082.91,359.97,2527.28,875.75
F004535,R001,2025-10-30 13:45:00,Airbus A320,180,Completed,12641.26,5020.13,2015.57,544.46
F004536,R002,2025-10-30 22:00:00,Boeing 737,160,Completed,14422.33,4855.75,1615.08,983.56
F004537,R003,2025-10-30 21:15:00,Airbus A320,180,Completed,10561.26,3663.7,2509.38,605.85
F004538,R004,2025-10-30 13:30:00,Boeing 737,160,Cancelled,10653.6,3724.27,1691.25,1185.23
F004539,R005,2025-10-30 18:30:00,Airbus A320,180,Completed,3254.87,1228.75,2231.69,788.58
F004540,R006,2025-10-30 22:15:00,Boeing 737,160,Completed,3437.07,1218.23,2234.83,1399.11
F004541,R007,2025-10-30 08:30:00,Boeing 737,160,Completed,3471.14,1331.29,2281.6,1008.09
F004542,R007,2025-10-30 17:30:00,Airbus A320,180,Completed,3250.38,1259.58,2753.78,1177.34
F004543,R008,2025-10-30 19:45:00,Airbus A320,180,Completed,3864.2,1290.42,2130.87,1246.27
F004544,R009,2025-10-30 14:45:00,Boeing 737,160,Completed,995.92,388.31,1970.38,1195.6
F004545,R009,2025-10-30 09:00:00,Boeing 737,160,Completed,968.24,367.8,2976.23,687.37
F004546,R010,2025-10-30 17:00:00,Boeing 737,160,Completed,1002.42,378.0,1601.06,628.66
F004547,R010,2025-10-30 10:45:00,Airbus A320,180,Completed,1099.6,388.66,2337.06,1259.81
F004548,R001,2025-10-31 21:30:00,Airbus A320,180,Completed,13805.98,5112.0,2441.21,1490.4
F004549,R001,2025-10-31 12:00:00,Airbus A320,180,Completed,14782.4,4731.44,1743.05,1126.97
F004550,R002,2025-10-31 12:45:00,Boeing 737,160,Completed,12742.47,4874.53,2345.1,578.58
F004551,R002,2025-10-31 14:15:00,Boeing 737,160,Completed,12263.02,4762.15,2224.02,905.37
F004552,R003,2025-10-31 09:45:00,Airbus A320,180,Completed,9551.54,3547.24,2408.91,1070.67
F004553,R004,2025-10-31 13:45:00,Boeing 737,160,Completed,10837.02,3641.35,2018.85,1312.3
F004554,R004,2025-10-31 06:45:00,Boeing 737,160,Completed,9490.57,3511.86,1782.84,917.18
F004555,R005,2025-10-31 17:45:00,Airbus A320,180,Completed,3184.48,1202.3,1934.0,1266.35
F004556,R006,2025-10-31 08:00:00,Airbus A320,180,Delayed,3515.21,1228.17,2564.9,717.09
F004557,R006,2025-10-31 11:45:00,Boeing 737,160,Completed,2952.37,1217.98,1962.81,1023.76
F004558,R007,2025-10-31 15:45:00,Boeing 737,160,Completed,3700.47,1259.55,2525.27,729.27
F004559,R007,2025-10-31 16:45:00,Boeing 737,160,Completed,3254.7,1283.9,2629.19,512.87
F004560,R008,2025-10-31 06:45:00,Airbus A320,180,Completed,3529.43,1344.17,2949.88,1161.32
F004561,R009,2025-10-31 12:00:00,Boeing 737,160,Completed,944.96,390.09,2253.77,578.6
F004562,R009,2025-10-31 21:00:00,Boeing 737,160,Completed,1056.79,371.15,2089.87,892.28
F004563,R010,2025-10-31 21:15:00,Boeing 737,160,Completed,1059.36,361.22,2927.49,826.37
F004564,R010,2025-10-31 22:30:00,Airbus A320,180,Completed,927.74,362.82,2525.8,1111.11
F004565,R001,2025-11-01 14:00:00,Boeing 737,160,Completed,13586.82,4810.76,2449.41,697.94
F004566,R002,2025-11-01 12:15:00,Airbus A320,180,Completed,14264.92,4764.94,2533.91,1452.85
F004567,R003,2025-11-01 19:45:00,Boeing 737,160,Completed,10319.61,3633.78,2719.94,1328.33
F004568,R003,2025-11-01 13:00:00,Airbus A320,180,Completed,9955.64,3675.3,1592.38,1289.69
F004569,R004,2025-11-01 18:30:00,Boeing 737,160,Completed,9714.47,3822.81,1938.16,1041.81
F004570,R005,2025-11-01 22:30:00,Boeing 737,160,Completed,3462.58,1199.81,2258.0,1007.68
F004571,R006,2025-11-01 06:00:00,Airbus A320,180,Completed,3019.23,1198.35,2162.58,913.66
F004572,R007,2025-11-01 13:45:00,Boeing 737,160,Completed,3460.78,1263.03,2120.9,846.38
F004573,R008,2025-11-01 10:45:00,Boeing 737,160,Completed,3765.01,1301.94,2484.82,1208.43
F004574,R009,2025-11-01 10:30:00,Airbus A320,180,Completed,1045.04,366.39,2506.35,1244.68
F004575,R010,2025-11-01 16:45:00,Airbus A320,180,Completed,1097.13,392.2,2795.16,576.82
F004576,R010,2025-11-01 13:45:00,Airbus A320,180,Completed,1054.28,355.92,2605.2,1381.59
F004577,R001,2025-11-02 08:30:00,Airbus A320,180,Completed,14212.17,5071.18,2273.35,641.65
F004578,R002,2025-11-02 17:15:00,Airbus A320,180,Completed,14448.49,5159.72,2368.76,784.78
F004579,R003,2025-11-02 20:00:00,Airbus A320,180,Completed,9915.14,3714.86,1990.77,729.74
F004580,R004,2025-11-02 22:45:00,Boeing 737,160,Completed,11158.65,3669.24,1501.08,639.85
F004581,R005,2025-11-02 12:00:00,Boeing 737,160,Completed,3043.5,1218.69,2366.76,926.92
F004582,R006,2025-11-02 19:15:00,Airbus A320,180,Completed,3047.39,1130.67,2470.3,723.55
F004583,R006,2025-11-02 14:15:00,Airbus A320,180,Completed,3176.57,1185.98,2190.0,600.64
F004584,R007,2025-11-02 17:45:00,Airbus A320,180,Completed,3518.72,1254.69,2792.98,693.79
F004585,R008,2025-11-02 21:45:00,Boeing 737,160,Completed,3396.92,1268.04,2175.89,1101.04
F004586,R008,2025-11-02 08:45:00,Airbus A320,180,Completed,3684.71,1218.62,2919.41,1494.57
F004587,R009,2025-11-02 19:45:00,Boeing 737,160,Completed,1073.48,357.17,2030.68,1468.11
F004588,R009,2025-11-02 19:00:00,Boeing 737,160,Completed,1100.46,367.66,2971.53,636.6
F004589,R010,2025-11-02 19:45:00,Boeing 737,160,Completed,990.7,392.12,2666.03,1394.59
F004590,R001,2025-11-03 16:00:00,Airbus A320,180,Completed,12289.72,4747.36,1940.82,622.15
F004591,R002,2025-11-03 20:00:00,Boeing 737,160,Completed,12320.88,5156.1,2507.28,1466.18
F004592,R002,2025-11-03 07:45:00,Boeing 737,160,Completed,13664.37,5166.9,1886.45,941.03
F004593,R003,2025-11-03 15:45:00,Airbus A320,180,Completed,9633.19,3655.78,2358.68,1320.28
F004594,R004,2025-11-03 14:00:00,Boeing 737,160,Completed,9355.61,3703.49,2919.47,877.96
F004595,R005,2025-11-03 22:15:00,Boeing 737,160,Completed,3011.66,1242.54,2025.23,625.85
F004596,R006,2025-11-03 11:30:00,Boeing 737,160,Completed,3007.97,1243.42,2374.39,541.85
F004597,R006,2025-11-03 17:30:00,Boeing 737,160,Completed,3317.85,1148.33,2366.12,563.05
F004598,R007,2025-11-03 16:45:00,Boeing 737,160,Completed,3686.75,1247.16,2657.4,746.9
F004599,R008,2025-11-03 19:45:00,Airbus A320,180,Delayed,3774.11,1222.55,2449.13,1331.39
F004600,R008,2025-11-03 22:30:00,Boeing 737,160,Completed,3803.48,1318.04,2747.17,516.7
F004601,R009,2025-11-03 21:15:00,Airbus A320,180,Completed,984.64,380.33,2478.71,521.35
F004602,R010,2025-11-03 22:15:00,Airbus A320,180,Completed,974.77,381.13,2352.71,704.53
F004603,R001,2025-11-04 06:15:00,Airbus A320,180,Completed,14298.87,4822.47,1750.27,504.41
F004604,R001,2025-11-04 09:30:00,Airbus A320,180,Completed,13773.78,4975.21,1675.83,723.26
F004605,R002,2025-11-04 08:45:00,Airbus A320,180,Completed,12405.02,4919.17,2173.61,1342.22
F004606,R003,2025-11-04 08:15:00,Boeing 737,160,Completed,10687.53,3830.29,1588.61,656.09
F004607,R003,2025-11-04 20:30:00,Airbus A320,180,Completed,9685.59,3639.4,2436.37,1408.15
F004608,R004,2025-11-04 06:15:00,Airbus A320,180,Completed,9164.02,3669.07,2294.8,610.76
F004609,R005,2025-11-04 14:45:00,Boeing 737,160,Completed,3187.29,1169.18,2820.67,564.14
F004610,R006,2025-11-04 15:45:00,Airbus A320,180,Completed,3559.74,1211.52,1642.12,1245.1
F004611,R006,2025-11-04 16:15:00,Airbus A320,180,Completed,3173.17,1149.71,2165.1,800.45
F004612,R007,2025-11-04 22:15:00,Airbus A320,180,Completed,3271.31,1271.65,2765.45,1103.54
F004613,R007,2025-11-04 07:00:00,Airbus A320,180,Completed,3841.58,1315.58,1654.54,612.22
F004614,R008,2025-11-04 21:15:00,Boeing 737,160,Completed,3556.13,1262.04,1979.65,927.82
F004615,R008,2025-11-04 19:45:00,Boeing 737,160,Completed,3630.57,1225.63,2120.56,1365.66
F004616,R009,2025-11-04 12:15:00,Boeing 737,160,Completed,1102.45,363.65,2150.88,1202.55
F004617,R010,2025-11-04 21:30:00,Airbus A320,180,Completed,936.27,389.77,1948.79,1245.55
F004618,R001,2025-11-05 18:15:00,Boeing 737,160,Completed,14576.57,5087.33,2367.13,744.21
F004619,R001,2025-11-05 17:15:00,Airbus A320,180,Completed,14345.69,4926.27,2008.5,816.79
F004620,R002,2025-11-05 21:15:00,Airbus A320,180,Completed,12775.0,4971.74,2735.83,702.53
F004621,R002,2025-11-05 11:30:00,Boeing 737,160,Completed,13514.46,4889.38,2497.64,1247.44
F004622,R003,2025-11-05 11:45:00,Airbus A320,180,Completed,11084.2,3600.05,2126.95,1305.43
F004623,R003,2025-11-05 12:45:00,Boeing 737,160,Completed,9562.33,3712.86,2477.18,779.11
F004624,R004,2025-11-05 11:45:00,Boeing 737,160,Completed,10296.76,3827.8,2877.01,1296.53
F004625,R004,2025-11-05 10:15:00,Airbus A320,180,Delayed,9321.02,3800.61,2944.52,1433.16
F004626,R005,2025-11-05 10:00:00,Airbus A320,180,Completed,3061.46,1157.19,2369.65,1367.54
F004627,R006,2025-11-05 22:30:00,Airbus A320,180,Completed,3163.58,1161.65,2764.97,1112.92
F004628,R007,2025-11-05 22:15:00,Boeing 737,160,Completed,3357.18,1218.36,2835.81,847.16
F004629,R007,2025-11-05 13:00:00,Boeing 737,160,Completed,3810.77,1238.22,1725.99,974.84
F004630,R008,2025-11-05 15:00:00,Airbus A320,180,Completed,3866.67,1292.2,2632.51,1451.22
F004631,R008,2025-11-05 17:45:00,Boeing 737,160,Cancelled,3473.77,1319.59,2376.32,936.69
F004632,R009,2025-11-05 08:15:00,Boeing 737,160,Completed,1085.99,384.99,1589.52,917.83
F004633,R010,2025-11-05 16:45:00,Airbus A320,180,Completed,1123.21,363.17,2157.38,550.54
F004634,R010,2025-11-05 22:15:00,Boeing 737,160,Completed,929.82,361.66,2042.25,939.36
F004635,R001,2025-11-06 18:45:00,Boeing 737,160,Completed,13321.01,4741.13,1803.54,516.45
F004636,R001,2025-11-06 15:45:00,Boeing 737,160,Completed,12532.02,4780.56,2091.2,1392.16
F004637,R002,2025-11-06 13:15:00,Airbus A320,180,Completed,13099.57,4726.81,2738.06,783.98
F004638,R003,2025-11-06 15:00:00,Boeing 737,160,Completed,10017.17,3876.13,1881.19,1152.0
F004639,R003,2025-11-06 13:00:00,Boeing 737,160,Completed,11052.12,3529.94,2926.12,597.92
F004640,R004,2025-11-06 13:45:00,Airbus A320,180,Completed,9501.02,3784.94,1715.52,774.12
F004641,R004,2025-11-06 16:30:00,Boeing 737,160,Completed,9726.79,3508.38,2453.49,953.71
F004642,R005,2025-11-06 10:15:00,Airbus A320,180,Completed,2989.93,1228.1,2450.78,1011.45
F004643,R005,2025-11-06 22:45:00,Boeing 737,160,Completed,2964.07,1215.46,2661.21,1247.46
F004644,R006,2025-11-06 11:45:00,Boeing 737,160,Completed,3133.83,1198.83,2455.71,942.2
F004645,R007,2025-11-06 12:00:00,Airbus A320,180,Completed,3801.34,1235.09,1968.4,572.59
F004646,R007,2025-11-06 06:45:00,Airbus A320,180,Completed,3614.69,1287.86,1931.84,1486.75
F004647,R008,2025-11-06 10:00:00,Airbus A320,180,Delayed,3419.13,1330.06,2866.76,773.81
F004648,R009,2025-11-06 22:15:00,Airbus A320,180,Completed,980.38,364.81,2753.19,960.92
F004649,R010,2025-11-06 06:45:00,Boeing 737,160,Completed,1052.47,369.32,1753.4,1161.22
F004650,R001,2025-11-07 17:00:00,Airbus A320,180,Completed,13432.06,4749.17,2311.33,733.98
F004651,R002,2025-11-07 12:00:00,Airbus A320,180,Completed,14331.13,4828.59,2362.37,816.79
F004652,R003,2025-11-07 08:15:00,Boeing 737,160,Completed,9732.07,3787.41,1766.66,505.79
F004653,R003,2025-11-07 11:00:00,Airbus A320,180,Completed,10734.03,3574.22,2263.52,1359.53
F004654,R004,2025-11-07 10:00:00,Airbus A320,180,Delayed,10910.29,3709.55,1680.3,1315.35
F004655,R004,2025-11-07 19:45:00,Boeing 737,160,Completed,9816.25,3524.19,1991.41,557.05
F004656,R005,2025-11-07 10:30:00,Boeing 737,160,Completed,3091.68,1199.97,1857.91,747.06
F004657,R006,2025-11-07 17:00:00,Boeing 737,160,Completed,3258.08,1199.92,2721.13,1288.33
F004658,R007,2025-11-07 13:30:00,Airbus A320,180,Completed,3206.28,1334.89,2923.21,1469.46
F004659,R008,2025-11-07 21:45:00,Airbus A320,180,Completed,3354.08,1294.32,2387.81,654.36
F004660,R009,2025-11-07 22:00:00,Boeing 737,160,Completed,971.88,356.28,2116.33,754.66
F004661,R009,2025-11-07 09:30:00,Airbus A320,180,Completed,1060.46,386.32,2386.17,546.81
F004662,R010,2025-11-07 06:30:00,Boeing 737,160,Completed,1080.74,365.49,2506.61,1354.94
F004663,R010,2025-11-07 09:30:00,Boeing 737,160,Completed,1097.67,359.71,1687.89,711.4
F004664,R001,2025-11-08 11:00:00,Boeing 737,160,Completed,13923.65,4941.73,1933.41,970.52
F004665,R001,2025-11-08 13:00:00,Boeing 737,160,Completed,13535.36,4942.29,1877.14,1214.26
F004666,R002,2025-11-08 12:30:00,Airbus A320,180,Completed,13325.23,5038.9,2256.19,777.04
F004667,R003,2025-11-08 16:45:00,Boeing 737,160,Completed,10110.08,3795.65,2398.31,904.86
F004668,R003,2025-11-08 06:45:00,Boeing 737,160,Completed,9582.65,3647.12,1587.08,792.18
F004669,R004,2025-11-08 14:00:00,Boeing 737,160,Completed,9151.26,3546.4,1502.36,936.36
F004670,R004,2025-11-08 12:15:00,Airbus A320,180,Completed,10843.8,3556.41,2300.22,1444.12
F004671,R005,2025-11-08 06:30:00,Boeing 737,160,Completed,3319.84,1220.52,1675.45,518.21
F004672,R005,2025-11-08 18:30:00,Airbus A320,180,Completed,3576.89,1172.97,2534.91,930.56
F004673,R006,2025-11-08 07:15:00,Boeing 737,160,Completed,3219.53,1176.17,2284.86,959.93
F004674,R006,2025-11-08 10:30:00,Boeing 737,160,Completed,3102.67,1157.6,2078.21,767.63
F004675,R007,2025-11-08 13:00:00,Boeing 737,160,Completed,3847.25,1315.7,2036.84,1099.42
F004676,R008,2025-11-08 18:00:00,Airbus A320,180,Completed,3305.65,1294.83,2338.28,967.99
F004677,R009,2025-11-08 15:00:00,Boeing 737,160,Completed,942.95,378.47,2403.62,1335.77
F004678,R010,2025-11-08 20:30:00,Airbus A320,180,Completed,1075.3,362.84,2804.14,949.53
F004679,R010,2025-11-08 20:00:00,Airbus A320,180,Completed,1082.16,390.93,1559.78,1482.93
F004680,R001,2025-11-09 08:30:00,Airbus A320,180,Completed,14491.54,4895.23,2790.28,1074.96
F004681,R001,2025-11-09 20:15:00,Airbus A320,180,Completed,12507.42,5162.58,2494.99,1273.31
F004682,R002,2025-11-09 06:30:00,Airbus A320,180,Delayed,12810.98,5146.52,2312.15,1348.92
F004683,R002,2025-11-09 09:00:00,Boeing 737,160,Completed,13049.86,4756.71,2511.64,1466.38
F004684,R003,2025-11-09 19:30:00,Boeing 737,160,Completed,9202.06,3823.25,2867.86,1305.12
F004685,R003,2025-11-09 22:45:00,Airbus A320,180,Completed,10765.99,3757.51,2136.52,1423.2
F004686,R004,2025-11-09 18:30:00,Airbus A320,180,Completed,9505.32,3658.84,1962.3,570.14
F004687,R005,2025-11-09 14:30:00,Airbus A320,180,Completed,3591.56,1237.56,2129.37,1433.04
F004688,R006,2025-11-09 10:45:00,Airbus A320,180,Completed,3469.04,1211.08,2323.83,566.68
F004689,R007,2025-11-09 09:15:00,Airbus A320,180,Completed,3707.51,1297.87,2771.8,1008.89
F004690,R008,2025-11-09 14:00:00,Airbus A320,180,Completed,3191.16,1285.82,1649.88,1195.69
F004691,R009,2025-11-09 17:15:00,Airbus A320,180,Completed,1072.37,357.61,2692.2,714.5
F004692,R009,2025-11-09 19:15:00,Boeing 737,160,Completed,1034.59,369.08,2105.34,994.02
F004693,R010,2025-11-09 09:45:00,Airbus A320,180,Completed,978.16,381.85,2771.09,770.98
F004694,R010,2025-11-09 15:00:00,Boeing 737,160,Completed,937.81,382.76,1554.31,944.56
F004695,R001,2025-11-10 07:15:00,Boeing 737,160,Completed,14359.08,5194.95,1576.37,922.81
F004696,R001,2025-11-10 07:45:00,Airbus A320,180,Cancelled,12683.87,4906.01,2610.88,676.46
F004697,R002,2025-11-10 15:15:00,Airbus A320,180,Completed,14766.65,5070.11,1887.93,1088.69
F004698,R002,2025-11-10 21:15:00,Airbus A320,180,Completed,12564.09,5124.58,2879.55,980.44
F004699,R003,2025-11-10 19:45:00,Airbus A320,180,Completed,11151.62,3671.83,2909.47,1008.73
F004700,R004,2025-11-10 13:45:00,Boeing 737,160,Completed,10986.07,3817.35,1983.92,1473.92
F004701,R004,2025-11-10 10:30:00,Boeing 737,160,Completed,10754.25,3763.33,2243.35,620.37
F004702,R005,2025-11-10 12:45:00,Boeing 737,160,Completed,3442.01,1141.29,1934.21,724.4
F004703,R005,2025-11-10 06:30:00,Boeing 737,160,Completed,3569.53,1147.35,2065.53,1293.27
F004704,R006,2025-11-10 15:00:00,Boeing 737,160,Delayed,3528.61,1177.19,2095.27,994.2
F004705,R007,2025-11-10 10:45:00,Boeing 737,160,Completed,3481.66,1344.9,2822.02,1075.65
F004706,R007,2025-11-10 20:00:00,Airbus A320,180,Completed,3476.13,1312.93,1988.69,910.43
F004707,R008,2025-11-10 11:45:00,Boeing 737,160,Completed,3574.48,1295.78,1535.27,794.11
F004708,R008,2025-11-10 22:00:00,Airbus A320,180,Completed,3813.5,1270.1,2096.46,1432.92
F004709,R009,2025-11-10 20:00:00,Boeing 737,160,Completed,1077.51,366.97,2926.13,896.27
F004710,R010,2025-11-10 08:30:00,Airbus A320,180,Cancelled,1130.45,365.5,2223.74,835.46
F004711,R001,2025-11-11 15:45:00,Airbus A320,180,Cancelled,14943.34,4956.12,2971.62,544.8
F004712,R002,2025-11-11 19:00:00,Airbus A320,180,Completed,14139.86,4755.71,2565.04,1202.94
F004713,R003,2025-11-11 11:45:00,Boeing 737,160,Completed,9620.09,3518.3,2435.75,1490.7
F004714,R004,2025-11-11 08:15:00,Boeing 737,160,Completed,10747.89,3755.51,2723.31,1212.21
F004715,R005,2025-11-11 20:45:00,Airbus A320,180,Completed,3574.19,1162.63,1506.38,734.31
F004716,R005,2025-11-11 11:30:00,Boeing 737,160,Delayed,3350.12,1206.05,2537.41,911.87
F004717,R006,2025-11-11 13:30:00,Boeing 737,160,Completed,3398.51,1240.87,2250.87,934.34
F004718,R006,2025-11-11 08:45:00,Boeing 737,160,Completed,3179.24,1234.27,1859.64,1467.02
F004719,R007,2025-11-11 16:45:00,Boeing 737,160,Completed,3304.66,1246.56,2663.65,943.58
F004720,R008,2025-11-11 15:30:00,Airbus A320,180,Completed,3759.71,1235.0,1665.32,619.14
F004721,R008,2025-11-11 20:00:00,Airbus A320,180,Completed,3642.26,1343.76,1512.6,1464.02
F004722,R009,2025-11-11 17:00:00,Airbus A320,180,Completed,1035.0,388.57,1900.4,592.61
F004723,R010,2025-11-11 16:45:00,Boeing 737,160,Completed,1117.52,367.19,2095.72,650.47
F004724,R001,2025-11-12 13:30:00,Airbus A320,180,Completed,12319.19,4892.02,1780.63,1165.51
F004725,R001,2025-11-12 08:30:00,Boeing 737,160,Completed,13565.04,5079.38,2381.07,1255.29
F004726,R002,2025-11-12 08:15:00,Airbus A320,180,Completed,14640.23,4826.48,2001.86,566.92
F004727,R002,2025-11-12 11:45:00,Boeing 737,160,Delayed,12978.48,5132.31,2710.85,834.23
F004728,R003,2025-11-12 08:45:00,Airbus A320,180,Completed,10534.18,3548.75,2906.88,916.88
F004729,R004,2025-11-12 18:30:00,Airbus A320,180,Completed,9293.94,3562.3,2549.87,1415.94
F004730,R005,2025-11-12 13:15:00,Boeing 737,160,Completed,3023.61,1208.81,1892.56,1378.75
F004731,R005,2025-11-12 20:00:00,Boeing 737,160,Completed,3580.78,1128.89,1904.66,1190.99
F004732,R006,2025-11-12 20:00:00,Airbus A320,180,Completed,2968.76,1228.4,2401.64,1467.44
F004733,R007,2025-11-12 13:45:00,Airbus A320,180,Completed,3563.44,1315.88,2796.8,1227.41
F004734,R007,2025-11-12 09:15:00,Airbus A320,180,Completed,3536.31,1280.4,2888.93,749.74
F004735,R008,2025-11-12 22:00:00,Airbus A320,180,Completed,3536.07,1321.28,2412.04,511.92
F004736,R009,2025-11-12 09:30:00,Boeing 737,160,Completed,965.27,365.87,2759.03,839.92
F004737,R010,2025-11-12 09:00:00,Airbus A320,180,Cancelled,1003.13,390.79,1832.03,1457.2
F004738,R001,2025-11-13 07:15:00,Boeing 737,160,Completed,14369.06,5197.33,1645.82,1201.66
F004739,R001,2025-11-13 15:45:00,Boeing 737,160,Completed,14673.48,5178.1,1612.63,1412.59
F004740,R002,2025-11-13 19:45:00,Airbus A320,180,Completed,14363.31,4773.87,1672.13,1205.65
F004741,R002,2025-11-13 17:15:00,Airbus A320,180,Completed,14367.52,4728.03,2727.37,767.48
F004742,R003,2025-11-13 16:00:00,Boeing 737,160,Completed,9927.18,3825.64,1722.95,744.69
F004743,R003,2025-11-13 08:30:00,Airbus A320,180,Completed,9887.89,3865.01,2030.93,1215.43
F004744,R004,2025-11-13 19:45:00,Airbus A320,180,Completed,10134.66,3825.14,2268.44,596.55
F004745,R005,2025-11-13 15:30:00,Boeing 737,160,Completed,3138.42,1238.74,2354.71,1253.8
F004746,R006,2025-11-13 09:45:00,Airbus A320,180,Completed,3170.11,1191.37,1716.25,1224.11
F004747,R006,2025-11-13 16:15:00,Boeing 737,160,Completed,3442.68,1229.23,1534.45,1496.18
F004748,R007,2025-11-13 21:45:00,Airbus A320,180,Delayed,3239.25,1241.79,1648.11,717.57
F004749,R007,2025-11-13 17:30:00,Airbus A320,180,Completed,3350.14,1287.65,1677.86,1245.87
F004750,R008,2025-11-13 22:15:00,Boeing 737,160,Completed,3393.15,1341.53,2277.12,868.99
F004751,R008,2025-11-13 14:15:00,Airbus A320,180,Completed,3536.05,1263.14,2318.59,1009.95
F004752,R009,2025-11-13 06:45:00,Airbus A320,180,Completed,1002.35,378.23,1766.67,1164.3
F004753,R010,2025-11-13 10:45:00,Airbus A320,180,Completed,1067.24,360.49,2121.48,735.96
F004754,R010,2025-11-13 11:45:00,Airbus A320,180,Completed,973.1,364.81,2298.64,1113.02
F004755,R001,2025-11-14 16:45:00,Boeing 737,160,Completed,12689.57,5178.64,2892.47,1350.2
F004756,R001,2025-11-14 10:00:00,Boeing 737,160,Completed,14595.03,4948.58,2516.92,526.74
F004757,R002,2025-11-14 15:30:00,Boeing 737,160,Completed,12614.76,4893.85,2637.6,786.26
F004758,R003,2025-11-14 13:30:00,Boeing 737,160,Completed,9701.34,3874.38,2758.41,781.87
F004759,R003,2025-11-14 13:00:00,Boeing 737,160,Completed,10646.4,3576.17,1857.5,1200.22
F004760,R004,2025-11-14 19:45:00,Boeing 737,160,Completed,10941.76,3663.21,2229.53,1244.69
F004761,R004,2025-11-14 21:45:00,Boeing 737,160,Completed,10663.0,3770.43,1646.39,1161.87
F004762,R005,2025-11-14 15:00:00,Boeing 737,160,Cancelled,3273.07,1157.93,2202.41,1057.81
F004763,R006,2025-11-14 06:00:00,Airbus A320,180,Completed,3246.6,1185.11,2431.31,845.79
F004764,R006,2025-11-14 13:15:00,Airbus A320,180,Completed,3033.39,1167.15,2387.21,1441.18
F004765,R007,2025-11-14 10:30:00,Boeing 737,160,Completed,3426.84,1315.87,2215.34,1269.96
F004766,R008,2025-11-14 20:30:00,Airbus A320,180,Delayed,3487.35,1261.37,1747.28,606.65
F004767,R008,2025-11-14 22:30:00,Boeing 737,160,Completed,3238.69,1337.85,1922.96,809.01
F004768,R009,2025-11-14 13:45:00,Boeing 737,160,Completed,1034.93,377.08,2094.35,1265.86
F004769,R010,2025-11-14 22:30:00,Boeing 737,160,Completed,1092.54,355.89,2622.12,1167.15
F004770,R010,2025-11-14 20:30:00,Boeing 737,160,Completed,1001.45,374.11,2391.09,947.07
F004771,R001,2025-11-15 07:45:00,Boeing 737,160,Completed,14109.27,4790.44,2010.5,630.8
F004772,R001,2025-11-15 07:15:00,Airbus A320,180,Completed,13096.55,4742.7,2129.53,1165.16
F004773,R002,2025-11-15 15:45:00,Airbus A320,180,Completed,14006.84,4962.54,2689.66,1019.82
F004774,R002,2025-11-15 22:45:00,Boeing 737,160,Completed,14204.86,5071.91,1617.64,724.83
F004775,R003,2025-11-15 15:30:00,Boeing 737,160,Delayed,10567.78,3531.27,2568.51,835.32
F004776,R003,2025-11-15 20:15:00,Boeing 737,160,Completed,11072.57,3630.04,2445.55,587.38
F004777,R004,2025-11-15 20:15:00,Airbus A320,180,Completed,10127.45,3663.39,2101.54,696.7
F004778,R004,2025-11-15 18:30:00,Airbus A320,180,Completed,10692.71,3715.16,2433.42,993.46
F004779,R005,2025-11-15 08:45:00,Boeing 737,160,Completed,3469.61,1222.96,1530.49,1050.14
F004780,R005,2025-11-15 09:00:00,Boeing 737,160,Completed,3003.95,1158.96,2256.91,907.8
F004781,R006,2025-11-15 07:45:00,Boeing 737,160,Completed,3149.22,1166.83,1985.04,840.19
F004782,R006,2025-11-15 14:00:00,Airbus A320,180,Completed,3231.26,1203.74,2676.75,1490.89
F004783,R007,2025-11-15 22:00:00,Boeing 737,160,Completed,3675.81,1298.82,2029.56,1194.63
F004784,R008,2025-11-15 14:15:00,Boeing 737,160,Completed,3514.06,1304.23,2461.67,1376.57
F004785,R009,2025-11-15 19:30:00,Boeing 737,160,Completed,1053.01,385.82,1797.56,544.87
F004786,R009,2025-11-15 17:00:00,Airbus A320,180,Completed,951.22,372.68,2614.41,563.95
F004787,R010,2025-11-15 14:15:00,Boeing 737,160,Completed,993.03,390.63,2194.94,1175.51
F004788,R001,2025-11-16 21:45:00,Boeing 737,160,Completed,12933.76,5059.98,2731.17,888.0
F004789,R001,2025-11-16 16:45:00,Airbus A320,180,Completed,12382.17,5031.98,1513.61,1208.86
F004790,R002,2025-11-16 08:30:00,Boeing 737,160,Completed,13531.68,4938.8,2444.32,1185.72
F004791,R002,2025-11-16 11:00:00,Airbus A320,180,Completed,12483.59,5029.38,2364.63,535.23
F004792,R003,2025-11-16 18:45:00,Airbus A320,180,Completed,10364.69,3691.09,2502.76,974.57
F004793,R003,2025-11-16 08:45:00,Boeing 737,160,Completed,10662.07,3570.27,2652.07,868.25
F004794,R004,2025-11-16 22:15:00,Boeing 737,160,Completed,9580.42,3635.98,1795.84,1430.24
F004795,R004,2025-11-16 17:15:00,Airbus A320,180,Completed,9799.52,3671.87,2603.89,879.76
F004796,R005,2025-11-16 16:00:00,Airbus A320,180,Completed,3573.83,1218.8,2619.18,1161.19
F004797,R006,2025-11-16 22:15:00,Airbus A320,180,Completed,3470.66,1228.53,1902.04,1226.02
F004798,R007,2025-11-16 11:45:00,Boeing 737,160,Completed,3356.49,1307.34,2683.01,704.61
F004799,R008,2025-11-16 13:00:00,Airbus A320,180,Completed,3297.09,1341.24,2162.1,894.46
F004800,R008,2025-11-16 15:30:00,Boeing 737,160,Delayed,3581.97,1315.6,2374.6,563.63
F004801,R009,2025-11-16 18:45:00,Boeing 737,160,Completed,1131.11,357.61,2090.8,890.07
F004802,R009,2025-11-16 09:00:00,Airbus A320,180,Completed,1065.28,369.84,1584.73,1010.42
F004803,R010,2025-11-16 15:00:00,Boeing 737,160,Completed,967.71,379.76,2647.72,1392.0
F004804,R001,2025-11-17 21:15:00,Airbus A320,180,Completed,13244.66,4781.75,2882.87,1386.84
F004805,R002,2025-11-17 18:45:00,Airbus A320,180,Completed,13527.59,4732.79,2040.81,1016.83
F004806,R002,2025-11-17 07:45:00,Boeing 737,160,Completed,14934.79,5045.73,2879.9,884.18
F004807,R003,2025-11-17 16:30:00,Boeing 737,160,Completed,11115.41,3854.74,1514.2,1156.86
F004808,R004,2025-11-17 12:00:00,Boeing 737,160,Completed,11128.93,3651.79,2357.89,970.97
F004809,R005,2025-11-17 19:00:00,Boeing 737,160,Completed,2982.34,1180.23,2317.53,1035.74
F004810,R005,2025-11-17 08:30:00,Airbus A320,180,Completed,3255.26,1210.95,2612.77,1490.83
F004811,R006,2025-11-17 11:30:00,Boeing 737,160,Completed,3412.34,1170.56,2120.51,584.97
F004812,R006,2025-11-17 19:30:00,Airbus A320,180,Completed,3304.88,1147.19,1830.17,868.6
F004813,R007,2025-11-17 16:45:00,Boeing 737,160,Delayed,3786.12,1333.06,1792.44,1283.83
F004814,R008,2025-11-17 10:15:00,Boeing 737,160,Completed,3735.18,1263.64,1715.58,1353.86
F004815,R009,2025-11-17 09:30:00,Boeing 737,160,Completed,997.8,389.16,2473.38,800.32
F004816,R009,2025-11-17 11:45:00,Airbus A320,180,Completed,1100.6,373.96,2118.54,1175.89
F004817,R010,2025-11-17 07:45:00,Boeing 737,160,Completed,1110.14,364.48,2637.29,1423.3
F004818,R010,2025-11-17 09:30:00,Boeing 737,160,Completed,1033.92,357.14,2309.76,816.09
F004819,R001,2025-11-18 17:00:00,Airbus A320,180,Completed,13729.39,5024.5,1980.09,510.54
F004820,R001,2025-11-18 06:45:00,Airbus A320,180,Completed,13869.89,5100.34,1889.99,999.55
F004821,R002,2025-11-18 12:45:00,Airbus A320,180,Completed,13277.44,5113.39,2678.71,795.68
F004822,R003,2025-11-18 13:15:00,Boeing 737,160,Completed,9747.59,3671.4,1914.75,1074.08
F004823,R003,2025-11-18 13:15:00,Airbus A320,180,Completed,10309.68,3825.14,1734.33,1365.31
F004824,R004,2025-11-18 11:00:00,Boeing 737,160,Completed,9838.11,3574.34,2227.38,706.74
F004825,R004,2025-11-18 21:15:00,Airbus A320,180,Completed,11141.79,3525.96,2945.45,615.3
F004826,R005,2025-11-18 06:30:00,Boeing 737,160,Completed,3105.28,1144.11,2125.06,1124.31
F004827,R005,2025-11-18 19:15:00,Boeing 737,160,Completed,3116.51,1241.4,2230.22,736.24
F004828,R006,2025-11-18 18:00:00,Airbus A320,180,Completed,3319.66,1200.65,1639.7,1251.38
F004829,R006,2025-11-18 21:15:00,Airbus A320,180,Completed,3225.08,1152.95,2161.83,1028.72
F004830,R007,2025-11-18 22:45:00,Airbus A320,180,Completed,3529.71,1294.26,2519.96,1403.16
F004831,R007,2025-11-18 17:45:00,Boeing 737,160,Completed,3345.52,1320.43,2418.11,753.17
F004832,R008,2025-11-18 14:45:00,Boeing 737,160,Completed,3820.81,1249.07,2346.73,681.09
F004833,R008,2025-11-18 21:30:00,Airbus A320,180,Completed,3509.09,1253.5,2157.88,657.81
F004834,R009,2025-11-18 13:30:00,Airbus A320,180,Completed,1017.06,369.64,2722.23,1285.45
F004835,R010,2025-11-18 22:45:00,Airbus A320,180,Completed,1002.44,377.46,2503.22,1348.34
F004836,R001,2025-11-19 10:15:00,Boeing 737,160,Completed,13991.61,4716.59,1589.6,1089.19
F004837,R002,2025-11-19 15:30:00,Boeing 737,160,Completed,13444.11,4890.49,2325.79,784.38
F004838,R002,2025-11-19 16:00:00,Boeing 737,160,Completed,13006.06,5160.65,1935.67,625.69
F004839,R003,2025-11-19 09:15:00,Boeing 737,160,Completed,10376.5,3598.58,2825.02,555.32
F004840,R003,2025-11-19 19:30:00,Boeing 737,160,Completed,9548.24,3831.29,1792.12,1213.68
F004841,R004,2025-11-19 16:00:00,Airbus A320,180,Completed,11163.29,3565.15,1778.86,1203.93
F004842,R004,2025-11-19 18:00:00,Airbus A320,180,Completed,10275.12,3789.43,1987.82,970.69
F004843,R005,2025-11-19 21:15:00,Airbus A320,180,Completed,3496.96,1179.08,1571.1,1431.97
F004844,R006,2025-11-19 13:15:00,Airbus A320,180,Completed,3492.78,1177.54,2353.83,1157.35
F004845,R006,2025-11-19 21:30:00,Airbus A320,180,Completed,3578.07,1222.57,2631.12,1186.12
F004846,R007,2025-11-19 14:30:00,Boeing 737,160,Completed,3485.8,1235.91,2099.59,1445.15
F004847,R007,2025-11-19 06:00:00,Boeing 737,160,Completed,3828.04,1296.38,2566.01,1189.74
F004848,R008,2025-11-19 18:30:00,Boeing 737,160,Completed,3489.29,1238.2,1934.47,737.6
F004849,R009,2025-11-19 15:00:00,Airbus A320,180,Completed,1013.15,359.83,2188.22,819.49
F004850,R009,2025-11-19 20:15:00,Airbus A320,180,Completed,1090.53,367.11,1635.84,1379.27
F004851,R010,2025-11-19 07:30:00,Boeing 737,160,Delayed,1027.44,381.92,2647.22,1190.68
F004852,R010,2025-11-19 06:30:00,Boeing 737,160,Completed,1078.21,367.97,2439.98,641.94
F004853,R001,2025-11-20 17:00:00,Airbus A320,180,Completed,14267.97,5184.5,2023.8,1297.5
F004854,R002,2025-11-20 19:45:00,Airbus A320,180,Completed,12745.85,5088.34,2302.09,817.57
F004855,R003,2025-11-20 20:00:00,Boeing 737,160,Completed,10119.51,3856.05,2905.3,724.39
F004856,R004,2025-11-20 09:30:00,Boeing 737,160,Completed,9767.55,3589.62,1655.14,741.33
F004857,R005,2025-11-20 12:00:00,Airbus A320,180,Completed,3287.06,1132.56,2338.9,1183.47
F004858,R005,2025-11-20 22:15:00,Airbus A320,180,Completed,3448.88,1219.24,2893.3,923.38
F004859,R006,2025-11-20 12:45:00,Airbus A320,180,Completed,3159.82,1177.76,2901.46,974.8
F004860,R007,2025-11-20 17:30:00,Airbus A320,180,Completed,3726.22,1312.13,2630.11,827.14
F004861,R007,2025-11-20 09:00:00,Airbus A320,180,Completed,3838.17,1314.97,2503.63,941.92
F004862,R008,2025-11-20 17:00:00,Airbus A320,180,Completed,3200.52,1259.98,2737.62,1248.76
F004863,R009,2025-11-20 06:30:00,Airbus A320,180,Completed,1034.38,360.96,2013.92,1003.85
F004864,R010,2025-11-20 21:15:00,Boeing 737,160,Completed,1033.93,361.02,2911.8,516.42
F004865,R010,2025-11-20 15:00:00,Airbus A320,180,Completed,937.84,372.76,2924.97,1262.73
F004866,R001,2025-11-21 09:45:00,Airbus A320,180,Completed,12288.76,5034.7,2142.18,1180.53
F004867,R002,2025-11-21 08:30:00,Airbus A320,180,Completed,13965.57,5182.26,1634.0,1147.9
F004868,R003,2025-11-21 14:45:00,Airbus A320,180,Completed,9229.16,3522.7,2743.89,835.72
F004869,R004,2025-11-21 07:15:00,Boeing 737,160,Completed,10409.25,3515.93,2811.21,1070.68
F004870,R004,2025-11-21 07:45:00,Airbus A320,180,Completed,10370.24,3621.02,1862.99,937.09
F004871,R005,2025-11-21 22:00:00,Boeing 737,160,Completed,3455.51,1175.38,2343.63,903.45
F004872,R005,2025-11-21 21:15:00,Boeing 737,160,Completed,3139.2,1167.23,2264.98,1243.8
F004873,R006,2025-11-21 07:15:00,Boeing 737,160,Completed,3168.65,1221.54,2659.19,1371.18
F004874,R006,2025-11-21 11:30:00,Airbus A320,180,Completed,3362.99,1232.19,2418.86,1329.8
F004875,R007,2025-11-21 18:15:00,Boeing 737,160,Completed,3716.17,1311.44,1889.77,711.72
F004876,R007,2025-11-21 06:30:00,Airbus A320,180,Completed,3522.55,1239.14,1974.27,801.59
F004877,R008,2025-11-21 09:45:00,Boeing 737,160,Completed,3571.07,1282.25,2171.73,573.52
F004878,R008,2025-11-21 06:00:00,Airbus A320,180,Completed,3856.64,1340.88,2866.55,602.65
F004879,R009,2025-11-21 13:30:00,Airbus A320,180,Completed,1049.63,380.71,2324.27,864.83
F004880,R010,2025-11-21 18:30:00,Airbus A320,180,Completed,979.36,370.59,2992.99,869.69
F004881,R001,2025-11-22 09:15:00,Airbus A320,180,Completed,12847.58,4755.96,2162.06,1093.5
F004882,R002,2025-11-22 18:15:00,Boeing 737,160,Completed,14392.86,5169.83,2376.01,1427.88
F004883,R002,2025-11-22 15:45:00,Airbus A320,180,Completed,13241.86,4977.41,2446.31,1147.56
F004884,R003,2025-11-22 09:45:00,Boeing 737,160,Completed,10461.71,3540.46,2005.28,996.04
F004885,R003,2025-11-22 19:00:00,Airbus A320,180,Completed,9487.96,3853.64,2740.47,765.06
F004886,R004,2025-11-22 20:00:00,Airbus A320,180,Completed,9813.83,3820.54,1893.74,604.79
F004887,R004,2025-11-22 11:45:00,Airbus A320,180,Completed,9714.25,3634.77,2489.4,1239.86
F004888,R005,2025-11-22 19:30:00,Airbus A320,180,Completed,3108.19,1206.99,2758.92,1298.16
F004889,R006,2025-11-22 13:45:00,Boeing 737,160,Completed,3106.45,1188.71,2742.74,635.04
F004890,R007,2025-11-22 12:45:00,Boeing 737,160,Completed,3591.94,1337.24,2603.91,812.46
F004891,R008,2025-11-22 21:45:00,Boeing 737,160,Completed,3670.07,1280.19,2489.84,621.07
F004892,R009,2025-11-22 14:30:00,Boeing 737,160,Completed,1089.54,371.58,1685.96,852.3
F004893,R009,2025-11-22 15:15:00,Airbus A320,180,Completed,998.31,369.71,2335.48,643.38
F004894,R010,2025-11-22 10:00:00,Boeing 737,160,Completed,1035.36,390.41,2794.63,860.09
F004895,R010,2025-11-22 08:00:00,Airbus A320,180,Completed,981.84,360.26,2951.61,862.03
F004896,R001,2025-11-23 21:30:00,Boeing 737,160,Completed,13252.56,5149.29,2254.98,561.76
F004897,R002,2025-11-23 22:15:00,Boeing 737,160,Completed,13445.34,4935.55,1726.95,688.15
F004898,R002,2025-11-23 15:00:00,Boeing 737,160,Completed,14038.78,4807.39,2294.25,605.32
F004899,R003,2025-11-23 10:45:00,Airbus A320,180,Completed,9459.26,3598.76,1731.98,909.43
F004900,R004,2025-11-23 20:45:00,Airbus A320,180,Completed,9729.46,3833.07,2003.61,1006.61
F004901,R004,2025-11-23 22:00:00,Airbus A320,180,Delayed,10685.66,3705.82,2169.52,1206.38
F004902,R005,2025-11-23 10:30:00,Airbus A320,180,Completed,3336.98,1151.63,1609.39,917.08
F004903,R005,2025-11-23 17:45:00,Boeing 737,160,Completed,3585.98,1227.12,2625.4,903.29
F004904,R006,2025-11-23 06:30:00,Boeing 737,160,Completed,3204.49,1178.82,2158.71,1001.4
F004905,R006,2025-11-23 11:00:00,Boeing 737,160,Completed,2989.72,1143.26,2569.75,1277.04
F004906,R007,2025-11-23 21:45:00,Boeing 737,160,Completed,3413.77,1256.67,2872.71,1054.58
F004907,R008,2025-11-23 12:15:00,Boeing 737,160,Completed,3634.22,1319.88,2497.12,1387.04
F004908,R009,2025-11-23 22:00:00,Boeing 737,160,Completed,1007.52,365.76,2726.71,657.52
F004909,R010,2025-11-23 10:00:00,Boeing 737,160,Completed,1104.88,363.61,2292.76,1193.12
F004910,R010,2025-11-23 17:15:00,Boeing 737,160,Completed,948.35,365.62,2827.94,1394.09
F004911,R001,2025-11-24 09:30:00,Airbus A320,180,Completed,12921.18,5103.01,2790.38,1079.8
F004912,R001,2025-11-24 08:00:00,Airbus A320,180,Completed,14360.92,4708.59,2130.36,683.35
F004913,R002,2025-11-24 17:00:00,Airbus A320,180,Completed,13332.57,5173.03,2115.6,1488.86
F004914,R002,2025-11-24 11:15:00,Airbus A320,180,Completed,14600.29,4947.26,2458.65,631.83
F004915,R003,2025-11-24 09:15:00,Airbus A320,180,Delayed,11090.46,3544.06,2688.11,744.71
F004916,R003,2025-11-24 07:45:00,Boeing 737,160,Completed,9269.81,3702.84,1549.75,823.08
F004917,R004,2025-11-24 21:00:00,Airbus A320,180,Completed,9413.76,3734.51,2285.18,537.17
F004918,R004,2025-11-24 21:30:00,Boeing 737,160,Completed,10898.76,3663.44,2093.49,1432.78
F004919,R005,2025-11-24 12:45:00,Boeing 737,160,Completed,3438.71,1194.79,2714.29,1432.86
F004920,R006,2025-11-24 15:00:00,Airbus A320,180,Completed,3563.52,1184.56,1793.95,1025.45
F004921,R007,2025-11-24 08:30:00,Boeing 737,160,Completed,3580.9,1242.9,1515.02,1393.66
F004922,R007,2025-11-24 10:00:00,Boeing 737,160,Completed,3413.59,1319.24,2497.44,677.08
F004923,R008,2025-11-24 21:00:00,Boeing 737,160,Completed,3867.44,1337.86,2238.66,1013.67
F004924,R009,2025-11-24 20:15:00,Boeing 737,160,Cancelled,973.17,372.57,2299.42,1389.76
F004925,R009,2025-11-24 11:15:00,Boeing 737,160,Completed,961.22,376.8,2505.93,674.65
F004926,R010,2025-11-24 14:00:00,Boeing 737,160,Completed,986.68,380.39,2513.96,1050.67
F004927,R010,2025-11-24 15:45:00,Airbus A320,180,Completed,985.64,379.27,2258.79,901.82
F004928,R001,2025-11-25 17:30:00,Airbus A320,180,Completed,13737.95,4730.93,2720.99,1331.16
F004929,R001,2025-11-25 11:30:00,Airbus A320,180,Completed,12841.18,4905.99,2397.98,1023.24
F004930,R002,2025-11-25 17:30:00,Airbus A320,180,Completed,14016.31,4841.17,2877.17,1044.15
F004931,R002,2025-11-25 21:30:00,Boeing 737,160,Delayed,12288.31,5069.63,2621.52,1469.31
F004932,R003,2025-11-25 12:00:00,Airbus A320,180,Completed,10740.95,3542.47,2818.22,1293.6
F004933,R004,2025-11-25 22:00:00,Airbus A320,180,Completed,9529.5,3594.71,2709.28,874.76
F004934,R004,2025-11-25 19:45:00,Airbus A320,180,Completed,9175.04,3525.4,1968.57,530.99
F004935,R005,2025-11-25 12:30:00,Boeing 737,160,Completed,2944.96,1239.79,1749.57,674.15
F004936,R006,2025-11-25 07:15:00,Boeing 737,160,Completed,3586.96,1216.9,1695.68,886.33
F004937,R006,2025-11-25 13:15:00,Boeing 737,160,Completed,3188.03,1163.39,2856.21,1453.44
F004938,R007,2025-11-25 09:00:00,Boeing 737,160,Completed,3508.13,1306.5,1681.61,1293.95
F004939,R008,2025-11-25 16:45:00,Airbus A320,180,Completed,3205.53,1315.64,2405.58,1136.84
F004940,R008,2025-11-25 17:00:00,Boeing 737,160,Completed,3594.61,1308.89,1508.52,1330.05
F004941,R009,2025-11-25 19:45:00,Boeing 737,160,Delayed,1056.82,361.18,2125.79,725.83
F004942,R009,2025-11-25 17:00:00,Airbus A320,180,Completed,1090.16,364.22,1773.18,609.43
F004943,R010,2025-11-25 10:15:00,Airbus A320,180,Completed,1024.17,358.96,2095.28,826.53
F004944,R001,2025-11-26 06:15:00,Airbus A320,180,Completed,13833.35,5181.1,2049.5,945.75
F004945,R001,2025-11-26 20:30:00,Boeing 737,160,Completed,14059.79,4989.59,2050.81,585.45
F004946,R002,2025-11-26 12:15:00,Boeing 737,160,Completed,14193.36,5130.05,2436.07,1118.14
F004947,R002,2025-11-26 21:30:00,Boeing 737,160,Completed,13323.28,4762.9,2290.39,1443.88
F004948,R003,2025-11-26 18:15:00,Boeing 737,160,Completed,10107.01,3546.49,2798.65,613.33
F004949,R004,2025-11-26 14:15:00,Airbus A320,180,Completed,9373.27,3615.49,2708.95,811.75
F004950,R005,2025-11-26 15:45:00,Airbus A320,180,Completed,3081.98,1237.34,2902.85,943.67
F004951,R005,2025-11-26 21:30:00,Boeing 737,160,Completed,3314.94,1238.14,2523.59,902.29
F004952,R006,2025-11-26 15:30:00,Boeing 737,160,Completed,3294.93,1185.1,2721.59,692.06
F004953,R006,2025-11-26 06:00:00,Boeing 737,160,Completed,3550.01,1176.51,2859.53,961.51
F004954,R007,2025-11-26 09:15:00,Boeing 737,160,Completed,3252.88,1304.06,2177.9,1032.26
F004955,R007,2025-11-26 08:00:00,Airbus A320,180,Completed,3287.41,1338.09,2947.21,970.13
F004956,R008,2025-11-26 17:45:00,Airbus A320,180,Completed,3181.56,1226.06,1595.74,1274.59
F004957,R008,2025-11-26 16:30:00,Boeing 737,160,Completed,3723.74,1310.56,2564.41,1373.15
F004958,R009,2025-11-26 15:00:00,Boeing 737,160,Completed,1012.28,365.78,1906.85,1188.5
F004959,R010,2025-11-26 08:00:00,Airbus A320,180,Completed,1106.36,372.99,2816.48,1158.88
F004960,R010,2025-11-26 19:15:00,Airbus A320,180,Completed,1112.75,375.05,1690.39,1452.33
F004961,R001,2025-11-27 19:30:00,Boeing 737,160,Completed,14272.28,5096.81,2134.09,1011.21
F004962,R002,2025-11-27 07:15:00,Airbus A320,180,Completed,12517.5,5049.84,2420.07,738.07
F004963,R002,2025-11-27 19:45:00,Airbus A320,180,Cancelled,12651.08,5121.02,2242.87,924.69
F004964,R003,2025-11-27 12:15:00,Boeing 737,160,Completed,11059.79,3785.06,1905.5,1292.51
F004965,R003,2025-11-27 06:45:00,Boeing 737,160,Delayed,10719.8,3745.75,1931.99,596.13
F004966,R004,2025-11-27 21:00:00,Boeing 737,160,Completed,10441.06,3614.69,2137.94,1384.8
F004967,R005,2025-11-27 09:00:00,Airbus A320,180,Completed,3295.31,1229.32,1568.27,983.53
F004968,R006,2025-11-27 16:45:00,Airbus A320,180,Completed,2975.27,1194.82,2648.94,727.42
F004969,R006,2025-11-27 06:30:00,Boeing 737,160,Completed,3394.74,1166.94,2788.0,778.31
F004970,R007,2025-11-27 21:30:00,Airbus A320,180,Completed,3342.49,1252.19,1834.34,1485.73
F004971,R007,2025-11-27 21:15:00,Airbus A320,180,Completed,3708.16,1279.16,1640.67,926.57
F004972,R008,2025-11-27 10:30:00,Boeing 737,160,Cancelled,3226.89,1321.57,2553.58,1297.02
F004973,R008,2025-11-27 16:00:00,Airbus A320,180,Completed,3866.41,1319.84,1821.4,518.54
F004974,R009,2025-11-27 22:30:00,Airbus A320,180,Completed,1040.23,381.35,1903.0,517.85
F004975,R010,2025-11-27 11:00:00,Airbus A320,180,Completed,1074.63,379.88,2031.46,1098.96
F004976,R010,2025-11-27 21:15:00,Boeing 737,160,Completed,1034.8,372.01,1729.98,898.22
F004977,R001,2025-11-28 18:15:00,Boeing 737,160,Completed,13035.38,4913.38,2453.17,590.39
F004978,R002,2025-11-28 14:00:00,Airbus A320,180,Completed,12734.5,4944.04,2469.12,1392.46
F004979,R002,2025-11-28 06:00:00,Airbus A320,180,Completed,13618.77,4802.19,2643.21,650.09
F004980,R003,2025-11-28 20:30:00,Boeing 737,160,Completed,10920.97,3562.23,2739.0,660.19
F004981,R004,2025-11-28 08:15:00,Airbus A320,180,Completed,9929.99,3691.4,2019.32,1324.56
F004982,R005,2025-11-28 22:30:00,Airbus A320,180,Completed,3020.86,1149.37,2190.74,616.13
F004983,R006,2025-11-28 08:15:00,Airbus A320,180,Completed,3457.24,1187.62,2562.59,688.63
F004984,R006,2025-11-28 12:30:00,Airbus A320,180,Completed,3092.23,1186.82,1881.57,1408.2
F004985,R007,2025-11-28 15:15:00,Boeing 737,160,Completed,3602.5,1241.63,2158.93,738.46
F004986,R008,2025-11-28 14:00:00,Airbus A320,180,Completed,3630.9,1276.28,2426.42,1116.44
F004987,R008,2025-11-28 10:30:00,Boeing 737,160,Completed,3862.21,1302.83,2994.56,635.94
F004988,R009,2025-11-28 13:00:00,Airbus A320,180,Completed,999.47,387.03,2525.81,991.7
F004989,R009,2025-11-28 13:45:00,Airbus A320,180,Completed,1063.76,362.11,1816.28,1084.97
F004990,R010,2025-11-28 10:15:00,Boeing 737,160,Completed,1012.51,380.77,2856.72,627.66
F004991,R010,2025-11-28 10:00:00,Boeing 737,160,Completed,991.6,359.11,2832.22,573.65
F004992,R001,2025-11-29 07:00:00,Boeing 737,160,Completed,13545.59,4795.42,2918.31,1176.4
F004993,R002,2025-11-29 14:45:00,Airbus A320,180,Completed,14850.36,5114.48,2718.76,1211.47
F004994,R003,2025-11-29 11:15:00,Boeing 737,160,Completed,10808.43,3553.96,1842.22,670.13
F004995,R004,2025-11-29 21:15:00,Airbus A320,180,Completed,10937.8,3824.95,2211.77,1441.13
F004996,R005,2025-11-29 12:00:00,Boeing 737,160,Completed,3253.96,1245.5,2962.42,1061.86
F004997,R005,2025-11-29 20:15:00,Airbus A320,180,Completed,3344.08,1143.32,2924.79,611.61
F004998,R006,2025-11-29 10:45:00,Boeing 737,160,Completed,3277.37,1201.93,2714.56,709.14
F004999,R007,2025-11-29 17:00:00,Boeing 737,160,Completed,3225.49,1275.48,2315.18,769.96
F005000,R008,2025-11-29 06:15:00,Airbus A320,180,Completed,3622.77,1344.13,2156.51,1240.43
F005001,R009,2025-11-29 09:00:00,Boeing 737,160,Delayed,1088.76,371.96,2506.72,1074.86
F005002,R010,2025-11-29 11:30:00,Airbus A320,180,Completed,990.07,356.47,2784.48,1382.33
F005003,R010,2025-11-29 06:00:00,Airbus A320,180,Completed,1113.61,389.64,1982.86,1443.33
F005004,R001,2025-11-30 12:30:00,Boeing 737,160,Completed,14067.53,5088.13,1541.15,1055.41
F005005,R002,2025-11-30 13:30:00,Boeing 737,160,Completed,14445.51,4769.96,2866.05,780.33
F005006,R003,2025-11-30 11:30:00,Airbus A320,180,Completed,10632.87,3588.32,1605.23,871.1
F005007,R003,2025-11-30 15:00:00,Airbus A320,180,Completed,10933.26,3805.29,1852.29,1243.51
F005008,R004,2025-11-30 06:45:00,Airbus A320,180,Completed,9982.62,3836.62,1591.28,1390.17
F005009,R004,2025-11-30 18:15:00,Boeing 737,160,Completed,9321.69,3718.98,2980.37,1218.63
F005010,R005,2025-11-30 09:30:00,Airbus A320,180,Completed,3426.14,1131.64,1867.35,705.56
F005011,R006,2025-11-30 12:30:00,Boeing 737,160,Delayed,3090.82,1187.16,1615.76,966.51
F005012,R007,2025-11-30 21:15:00,Boeing 737,160,Delayed,3464.98,1321.84,2371.06,1379.12
F005013,R008,2025-11-30 15:30:00,Boeing 737,160,Completed,3204.74,1236.35,1644.75,682.51
F005014,R009,2025-11-30 20:30:00,Boeing 737,160,Completed,987.06,376.2,2897.52,743.83
F005015,R009,2025-11-30 17:30:00,Boeing 737,160,Completed,1083.58,390.64,2751.72,1075.53
F005016,R010,2025-11-30 16:15:00,Airbus A320,180,Completed,1091.66,390.46,2436.41,619.65
F005017,R001,2025-12-01 20:15:00,Boeing 737,160,Completed,13943.01,4938.46,2719.06,1469.69
F005018,R002,2025-12-01 13:30:00,Airbus A320,180,Delayed,12281.67,5186.86,1648.07,1104.49
F005019,R003,2025-12-01 14:30:00,Airbus A320,180,Completed,10021.89,3858.68,2170.05,1496.86
F005020,R003,2025-12-01 08:45:00,Airbus A320,180,Completed,9735.56,3575.87,2954.6,760.3
F005021,R004,2025-12-01 08:30:00,Airbus A320,180,Completed,9990.2,3801.86,1920.91,1063.98
F005022,R004,2025-12-01 11:00:00,Boeing 737,160,Completed,10618.71,3745.9,2698.34,1101.42
F005023,R005,2025-12-01 07:00:00,Boeing 737,160,Completed,3086.71,1159.19,2441.51,803.22
F005024,R006,2025-12-01 17:00:00,Airbus A320,180,Delayed,3351.99,1130.87,1608.24,754.84
F005025,R007,2025-12-01 19:30:00,Airbus A320,180,Completed,3539.0,1218.61,1573.54,540.2
F005026,R007,2025-12-01 15:00:00,Boeing 737,160,Completed,3379.47,1270.76,2773.88,751.92
F005027,R008,2025-12-01 18:15:00,Airbus A320,180,Completed,3688.94,1286.55,2161.08,670.4
F005028,R008,2025-12-01 19:00:00,Airbus A320,180,Completed,3873.48,1288.61,2407.52,1359.68
F005029,R009,2025-12-01 19:15:00,Airbus A320,180,Completed,1016.87,357.56,2949.28,1030.34
F005030,R009,2025-12-01 21:30:00,Boeing 737,160,Completed,943.99,374.27,1755.96,1392.45
F005031,R010,2025-12-01 17:15:00,Airbus A320,180,Completed,937.97,380.55,2052.2,829.9
F005032,R010,2025-12-01 06:30:00,Boeing 737,160,Completed,948.04,390.46,2158.79,1338.18
F005033,R001,2025-12-02 21:30:00,Boeing 737,160,Completed,13971.74,5040.96,2221.54,1303.95
F005034,R002,2025-12-02 12:00:00,Boeing 737,160,Completed,14131.9,5144.39,2665.34,656.31
F005035,R002,2025-12-02 13:00:00,Airbus A320,180,Completed,13345.7,4731.17,2043.33,1463.41
F005036,R003,2025-12-02 19:30:00,Airbus A320,180,Delayed,9702.34,3726.6,1924.28,1261.08
F005037,R004,2025-12-02 14:30:00,Boeing 737,160,Completed,11049.46,3707.6,1777.83,1394.73
F005038,R005,2025-12-02 08:15:00,Airbus A320,180,Completed,3353.72,1160.9,2618.82,1180.7
F005039,R006,2025-12-02 11:45:00,Airbus A320,180,Completed,3580.07,1139.57,2788.79,1415.45
F005040,R006,2025-12-02 15:30:00,Boeing 737,160,Completed,3521.22,1196.84,1964.3,839.76
F005041,R007,2025-12-02 18:15:00,Boeing 737,160,Completed,3627.29,1254.97,2612.18,1300.55
F005042,R007,2025-12-02 21:00:00,Airbus A320,180,Completed,3703.15,1279.23,2499.12,1173.57
F005043,R008,2025-12-02 19:30:00,Airbus A320,180,Completed,3825.33,1275.94,1567.93,748.23
F005044,R008,2025-12-02 10:30:00,Boeing 737,160,Completed,3569.85,1327.51,2181.87,923.45
F005045,R009,2025-12-02 15:45:00,Airbus A320,180,Completed,1091.59,371.48,2541.3,900.28
F005046,R009,2025-12-02 07:00:00,Boeing 737,160,Completed,1049.36,388.74,1745.52,1338.6
F005047,R010,2025-12-02 16:15:00,Boeing 737,160,Completed,1017.87,387.64,2244.33,1428.35
F005048,R001,2025-12-03 22:30:00,Airbus A320,180,Delayed,14298.64,4924.01,2362.74,526.16
F005049,R002,2025-12-03 19:15:00,Airbus A320,180,Delayed,13571.49,5029.98,2783.58,1285.1
F005050,R002,2025-12-03 21:45:00,Boeing 737,160,Delayed,12990.93,4878.44,2175.42,1347.45
F005051,R003,2025-12-03 10:30:00,Boeing 737,160,Completed,10553.46,3640.3,2944.07,756.05
F005052,R004,2025-12-03 07:30:00,Airbus A320,180,Completed,10787.04,3556.2,2084.16,1129.93
F005053,R004,2025-12-03 21:30:00,Airbus A320,180,Cancelled,11033.86,3710.3,2035.4,1232.56
F005054,R005,2025-12-03 18:45:00,Boeing 737,160,Completed,3098.44,1168.79,1907.23,683.74
F005055,R005,2025-12-03 16:00:00,Airbus A320,180,Completed,3562.35,1221.31,2528.74,660.55
F005056,R006,2025-12-03 10:15:00,Airbus A320,180,Completed,3194.52,1167.45,2261.26,1056.31
F005057,R006,2025-12-03 07:30:00,Boeing 737,160,Completed,3420.8,1205.24,2139.57,903.08
F005058,R007,2025-12-03 19:45:00,Boeing 737,160,Completed,3728.54,1241.92,2197.03,1181.34
F005059,R008,2025-12-03 14:15:00,Airbus A320,180,Completed,3311.53,1264.1,1584.95,981.95
F005060,R008,2025-12-03 18:00:00,Airbus A320,180,Completed,3423.18,1279.21,2806.0,967.03
F005061,R009,2025-12-03 10:30:00,Airbus A320,180,Completed,947.49,392.47,2346.38,564.63
F005062,R009,2025-12-03 09:45:00,Boeing 737,160,Completed,1120.0,371.32,2000.51,1354.53
F005063,R010,2025-12-03 11:30:00,Boeing 737,160,Completed,996.47,359.01,2409.66,848.68
F005064,R010,2025-12-03 21:00:00,Airbus A320,180,Completed,1054.19,360.61,1580.21,1169.89
F005065,R001,2025-12-04 22:00:00,Boeing 737,160,Completed,12838.65,5123.23,1961.81,1236.96
F005066,R002,2025-12-04 10:15:00,Airbus A320,180,Completed,13067.05,4790.54,2980.84,1074.22
F005067,R003,2025-12-04 14:30:00,Boeing 737,160,Completed,10259.0,3540.73,2069.0,1077.22
F005068,R004,2025-12-04 09:00:00,Boeing 737,160,Completed,10299.94,3618.35,2851.67,539.43
F005069,R004,2025-12-04 08:00:00,Boeing 737,160,Completed,10261.23,3874.2,2858.52,763.17
F005070,R005,2025-12-04 17:00:00,Boeing 737,160,Completed,3367.31,1131.87,1782.85,730.49
F005071,R005,2025-12-04 07:30:00,Airbus A320,180,Completed,3583.16,1209.38,2469.46,753.81
F005072,R006,2025-12-04 15:15:00,Boeing 737,160,Completed,3411.41,1171.04,2792.67,1245.85
F005073,R007,2025-12-04 11:30:00,Airbus A320,180,Completed,3343.82,1310.14,1861.98,1127.81
F005074,R007,2025-12-04 16:00:00,Boeing 737,160,Completed,3179.81,1343.68,1768.97,948.55
F005075,R008,2025-12-04 08:45:00,Boeing 737,160,Delayed,3746.92,1269.31,2036.62,1448.79
F005076,R009,2025-12-04 17:15:00,Boeing 737,160,Completed,1012.97,378.39,1718.53,1361.92
F005077,R009,2025-12-04 15:15:00,Airbus A320,180,Completed,955.19,390.99,2578.04,1262.3
F005078,R010,2025-12-04 13:30:00,Boeing 737,160,Completed,1090.48,387.28,2951.28,942.44
F005079,R010,2025-12-04 22:45:00,Airbus A320,180,Completed,978.54,384.79,2075.32,1116.58
F005080,R001,2025-12-05 15:00:00,Airbus A320,180,Completed,13284.17,5134.13,2676.48,1096.81
F005081,R002,2025-12-05 16:15:00,Airbus A320,180,Completed,12524.4,4859.29,1830.6,1165.72
F005082,R002,2025-12-05 07:15:00,Boeing 737,160,Completed,13028.96,4833.12,2556.55,507.95
F005083,R003,2025-12-05 08:15:00,Airbus A320,180,Completed,9644.03,3761.59,2184.59,1488.38
F005084,R004,2025-12-05 19:30:00,Airbus A320,180,Cancelled,10212.11,3544.21,2430.49,722.02
F005085,R005,2025-12-05 16:00:00,Boeing 737,160,Completed,3320.87,1172.56,2853.96,1161.72
F005086,R005,2025-12-05 06:00:00,Airbus A320,180,Completed,3274.29,1172.48,2164.38,725.25
F005087,R006,2025-12-05 13:45:00,Boeing 737,160,Completed,3394.02,1214.6,2573.74,1487.1
F005088,R007,2025-12-05 14:15:00,Boeing 737,160,Completed,3811.2,1275.72,2122.28,527.77
F005089,R007,2025-12-05 21:15:00,Boeing 737,160,Completed,3303.31,1231.19,2899.86,1498.23
F005090,R008,2025-12-05 12:45:00,Boeing 737,160,Completed,3339.39,1294.25,2716.93,1158.97
F005091,R008,2025-12-05 08:00:00,Boeing 737,160,Completed,3638.69,1338.93,2348.52,913.73
F005092,R009,2025-12-05 11:15:00,Airbus A320,180,Completed,928.85,355.3,1616.02,1024.22
F005093,R010,2025-12-05 14:45:00,Airbus A320,180,Completed,936.55,389.54,1969.64,585.01
F005094,R010,2025-12-05 14:15:00,Airbus A320,180,Completed,1037.24,356.85,1915.12,970.96
F005095,R001,2025-12-06 06:00:00,Airbus A320,180,Completed,13174.07,4743.54,1973.75,742.42
F005096,R002,2025-12-06 09:30:00,Airbus A320,180,Completed,12409.48,5179.74,2222.88,1100.43
F005097,R003,2025-12-06 14:45:00,Airbus A320,180,Completed,10370.18,3661.41,2771.02,756.67
F005098,R004,2025-12-06 18:15:00,Airbus A320,180,Completed,10096.54,3510.44,1910.05,679.46
F005099,R004,2025-12-06 18:30:00,Boeing 737,160,Completed,9923.12,3831.09,2494.39,1192.25
F005100,R005,2025-12-06 09:45:00,Airbus A320,180,Completed,3497.48,1233.12,2608.1,659.36
F005101,R005,2025-12-06 21:00:00,Boeing 737,160,Completed,3136.39,1194.9,2683.1,882.68
F005102,R006,2025-12-06 06:00:00,Airbus A320,180,Completed,3378.84,1231.1,2031.18,990.11
F005103,R006,2025-12-06 11:45:00,Airbus A320,180,Completed,3422.52,1173.91,2936.21,1387.59
F005104,R007,2025-12-06 14:30:00,Boeing 737,160,Delayed,3809.17,1334.07,1918.49,637.4
F005105,R007,2025-12-06 14:15:00,Airbus A320,180,Completed,3521.05,1298.56,2295.05,560.59
F005106,R008,2025-12-06 07:00:00,Airbus A320,180,Completed,3750.53,1247.04,2503.62,1157.93
F005107,R008,2025-12-06 11:45:00,Airbus A320,180,Completed,3791.86,1339.35,2166.37,793.31
F005108,R009,2025-12-06 08:45:00,Boeing 737,160,Delayed,986.29,387.99,2890.36,945.29
F005109,R009,2025-12-06 18:00:00,Airbus A320,180,Completed,1060.05,356.95,2302.31,1401.67
F005110,R010,2025-12-06 19:30:00,Airbus A320,180,Completed,957.36,390.15,2393.95,1150.56
F005111,R001,2025-12-07 18:45:00,Boeing 737,160,Completed,14111.18,4857.38,1682.25,958.99
F005112,R001,2025-12-07 08:30:00,Boeing 737,160,Completed,12331.01,4947.19,1520.85,1187.81
F005113,R002,2025-12-07 17:00:00,Boeing 737,160,Completed,12266.07,4924.64,2209.88,750.42
F005114,R002,2025-12-07 22:30:00,Airbus A320,180,Completed,13238.4,4918.72,2294.21,927.89
F005115,R003,2025-12-07 21:00:00,Airbus A320,180,Completed,10006.53,3555.85,1638.51,1226.13
F005116,R003,2025-12-07 11:15:00,Airbus A320,180,Completed,10328.03,3550.71,1807.95,1450.68
F005117,R004,2025-12-07 09:30:00,Boeing 737,160,Completed,10056.5,3572.64,2045.32,985.28
F005118,R005,2025-12-07 12:45:00,Airbus A320,180,Completed,3535.93,1161.91,2532.17,1395.31
F005119,R006,2025-12-07 11:00:00,Airbus A320,180,Cancelled,3327.77,1224.64,2712.2,1188.07
F005120,R007,2025-12-07 06:00:00,Boeing 737,160,Completed,3646.19,1239.08,2633.01,1297.6
F005121,R007,2025-12-07 07:15:00,Airbus A320,180,Completed,3240.67,1219.77,2339.03,538.3
F005122,R008,2025-12-07 21:00:00,Boeing 737,160,Completed,3772.22,1330.07,1752.6,547.27
F005123,R008,2025-12-07 18:15:00,Airbus A320,180,Completed,3216.86,1333.48,2890.62,1119.05
F005124,R009,2025-12-07 16:00:00,Airbus A320,180,Completed,1015.77,369.47,1615.33,1205.28
F005125,R010,2025-12-07 18:30:00,Airbus A320,180,Completed,1115.65,383.21,2078.64,1486.88
F005126,R001,2025-12-08 17:15:00,Airbus A320,180,Completed,13649.07,4795.56,1716.44,560.61
F005127,R002,2025-12-08 11:30:00,Airbus A320,180,Completed,13230.23,5101.01,2991.26,1413.71
F005128,R003,2025-12-08 14:00:00,Airbus A320,180,Completed,10273.11,3851.29,2729.07,1322.36
F005129,R003,2025-12-08 21:00:00,Boeing 737,160,Completed,10429.16,3613.55,1675.9,555.93
F005130,R004,2025-12-08 06:45:00,Airbus A320,180,Completed,9792.8,3615.53,1930.79,1460.15
F005131,R005,2025-12-08 13:00:00,Boeing 737,160,Completed,3121.07,1135.96,2552.34,813.18
F005132,R006,2025-12-08 06:45:00,Boeing 737,160,Completed,3191.08,1195.75,2773.68,744.98
F005133,R006,2025-12-08 17:00:00,Airbus A320,180,Completed,3124.99,1233.57,2966.29,1135.45
F005134,R007,2025-12-08 13:00:00,Airbus A320,180,Completed,3504.27,1234.12,2482.28,1076.95
F005135,R007,2025-12-08 11:45:00,Airbus A320,180,Completed,3358.31,1232.46,1782.11,1185.63
F005136,R008,2025-12-08 16:00:00,Boeing 737,160,Completed,3804.03,1287.82,2926.35,1415.56
F005137,R009,2025-12-08 15:45:00,Boeing 737,160,Completed,1111.38,374.3,1500.36,782.75
F005138,R009,2025-12-08 21:30:00,Boeing 737,160,Completed,1004.39,374.39,2252.06,1284.06
F005139,R010,2025-12-08 11:30:00,Airbus A320,180,Completed,971.66,355.79,2540.2,1462.06
F005140,R010,2025-12-08 17:00:00,Airbus A320,180,Completed,1098.89,388.9,1675.6,829.48
F005141,R001,2025-12-09 20:00:00,Boeing 737,160,Completed,14431.91,4976.16,2210.98,1260.77
F005142,R001,2025-12-09 17:00:00,Airbus A320,180,Completed,12583.63,5189.28,2433.54,1191.63
F005143,R002,2025-12-09 08:00:00,Airbus A320,180,Completed,14289.47,5109.25,1652.74,522.07
F005144,R002,2025-12-09 06:45:00,Airbus A320,180,Completed,13971.73,4723.15,1912.27,1477.42
F005145,R003,2025-12-09 16:45:00,Boeing 737,160,Completed,9576.86,3792.31,2209.23,1200.16
F005146,R004,2025-12-09 18:30:00,Airbus A320,180,Completed,9596.87,3679.25,2417.63,542.04
F005147,R005,2025-12-09 17:15:00,Boeing 737,160,Completed,3334.12,1173.21,1576.85,912.78
F005148,R006,2025-12-09 07:45:00,Boeing 737,160,Completed,3037.47,1227.14,2771.48,703.59
F005149,R006,2025-12-09 12:30:00,Boeing 737,160,Completed,3029.75,1165.78,2982.7,569.52
F005150,R007,2025-12-09 19:45:00,Airbus A320,180,Completed,3786.13,1273.11,1811.34,927.52
F005151,R008,2025-12-09 08:30:00,Airbus A320,180,Completed,3661.57,1294.33,2688.3,872.83
F005152,R009,2025-12-09 09:30:00,Boeing 737,160,Delayed,1080.78,377.13,2988.35,1416.15
F005153,R009,2025-12-09 18:15:00,Boeing 737,160,Completed,1035.52,378.39,2368.41,1377.41
F005154,R010,2025-12-09 13:00:00,Boeing 737,160,Completed,966.48,365.82,2715.67,710.19
F005155,R001,2025-12-10 22:15:00,Boeing 737,160,Completed,14051.95,4893.86,2652.77,824.4
F005156,R002,2025-12-10 21:00:00,Airbus A320,180,Completed,12266.95,5087.72,1867.74,1335.04
F005157,R003,2025-12-10 18:45:00,Airbus A320,180,Completed,10086.6,3807.11,2478.48,888.7
F005158,R003,2025-12-10 11:45:00,Airbus A320,180,Completed,10105.55,3694.3,2127.7,926.62
F005159,R004,2025-12-10 22:00:00,Airbus A320,180,Completed,9554.3,3874.96,1790.3,557.88
F005160,R004,2025-12-10 22:15:00,Boeing 737,160,Completed,9523.33,3822.86,2346.36,529.54
F005161,R005,2025-12-10 15:45:00,Airbus A320,180,Completed,2973.22,1210.27,2042.91,1023.64
F005162,R006,2025-12-10 10:00:00,Boeing 737,160,Delayed,3308.45,1207.04,2814.39,1156.14
F005163,R006,2025-12-10 19:15:00,Airbus A320,180,Completed,3241.12,1239.62,2528.39,1005.49
F005164,R007,2025-12-10 19:45:00,Boeing 737,160,Completed,3182.66,1317.26,2848.08,1353.52
F005165,R008,2025-12-10 11:45:00,Boeing 737,160,Cancelled,3392.64,1328.87,2054.23,1044.3
F005166,R009,2025-12-10 18:30:00,Boeing 737,160,Completed,1012.52,384.33,2516.42,1096.78
F005167,R009,2025-12-10 11:30:00,Boeing 737,160,Completed,1062.61,378.1,2184.51,1104.5
F005168,R010,2025-12-10 12:00:00,Boeing 737,160,Completed,1040.35,375.17,1896.61,1224.88
F005169,R001,2025-12-11 14:30:00,Airbus A320,180,Completed,13751.29,4724.54,2729.89,1445.5
F005170,R001,2025-12-11 13:15:00,Airbus A320,180,Completed,13385.11,5096.48,2308.78,1417.94
F005171,R002,2025-12-11 10:45:00,Boeing 737,160,Completed,12748.92,4809.69,2504.95,1004.35
F005172,R002,2025-12-11 06:45:00,Airbus A320,180,Completed,14286.85,4907.94,1584.17,1421.9
F005173,R003,2025-12-11 15:15:00,Boeing 737,160,Completed,10216.36,3775.0,1512.92,1202.71
F005174,R003,2025-12-11 20:15:00,Airbus A320,180,Completed,10571.38,3817.88,2158.22,626.72
F005175,R004,2025-12-11 06:30:00,Boeing 737,160,Delayed,9815.18,3859.87,2229.92,1450.46
F005176,R004,2025-12-11 09:15:00,Airbus A320,180,Completed,9544.4,3536.13,2727.82,1473.07
F005177,R005,2025-12-11 21:30:00,Airbus A320,180,Completed,3582.06,1160.69,2391.3,775.54
F005178,R006,2025-12-11 13:15:00,Boeing 737,160,Completed,3264.9,1193.3,2174.37,1222.41
F005179,R006,2025-12-11 07:30:00,Airbus A320,180,Delayed,3207.22,1144.62,2291.82,1324.91
F005180,R007,2025-12-11 22:30:00,Airbus A320,180,Completed,3351.39,1219.64,1672.39,942.22
F005181,R007,2025-12-11 15:45:00,Airbus A320,180,Completed,3270.9,1294.81,2546.96,1011.0
F005182,R008,2025-12-11 19:30:00,Boeing 737,160,Completed,3395.83,1261.95,2781.05,649.69
F005183,R008,2025-12-11 16:45:00,Airbus A320,180,Completed,3493.36,1296.12,2358.83,554.83
F005184,R009,2025-12-11 11:15:00,Airbus A320,180,Completed,1022.78,365.45,2150.18,523.47
F005185,R009,2025-12-11 16:30:00,Boeing 737,160,Completed,972.48,361.42,2575.9,1427.82
F005186,R010,2025-12-11 22:15:00,Boeing 737,160,Completed,1052.39,385.35,2751.47,1166.41
F005187,R010,2025-12-11 22:45:00,Boeing 737,160,Completed,957.56,379.49,1879.33,1149.18
F005188,R001,2025-12-12 11:45:00,Airbus A320,180,Completed,14927.35,4732.4,2040.6,872.93
F005189,R001,2025-12-12 14:00:00,Airbus A320,180,Completed,12797.85,5025.15,1618.8,805.41
F005190,R002,2025-12-12 19:15:00,Airbus A320,180,Completed,12882.36,4883.49,2471.29,531.45
F005191,R003,2025-12-12 10:45:00,Airbus A320,180,Completed,10887.62,3823.2,2455.05,536.38
F005192,R004,2025-12-12 08:30:00,Boeing 737,160,Completed,10288.17,3823.86,1509.53,1097.29
F005193,R004,2025-12-12 19:45:00,Airbus A320,180,Completed,10832.3,3726.29,1984.61,839.82
F005194,R005,2025-12-12 13:00:00,Boeing 737,160,Delayed,3003.08,1233.75,2803.93,1354.21
F005195,R005,2025-12-12 10:45:00,Airbus A320,180,Completed,3503.66,1205.92,1734.41,1322.26
F005196,R006,2025-12-12 11:15:00,Airbus A320,180,Completed,3374.95,1193.93,2259.67,1392.92
F005197,R006,2025-12-12 12:00:00,Airbus A320,180,Delayed,3445.85,1152.16,1663.51,1491.85
F005198,R007,2025-12-12 18:00:00,Boeing 737,160,Completed,3701.41,1225.48,2298.32,1167.84
F005199,R007,2025-12-12 08:00:00,Airbus A320,180,Completed,3238.67,1303.66,1879.24,1139.33
F005200,R008,2025-12-12 07:00:00,Airbus A320,180,Completed,3363.14,1236.83,2187.57,920.53
F005201,R008,2025-12-12 14:15:00,Airbus A320,180,Completed,3759.63,1300.76,2644.18,913.9
F005202,R009,2025-12-12 19:30:00,Boeing 737,160,Completed,1099.95,391.7,1926.67,1388.76
F005203,R010,2025-12-12 08:00:00,Airbus A320,180,Completed,928.71,374.31,2551.68,1377.22
F005204,R010,2025-12-12 12:45:00,Airbus A320,180,Completed,999.53,379.21,2341.41,1423.04
F005205,R001,2025-12-13 07:30:00,Boeing 737,160,Delayed,14083.78,5138.89,1745.48,1289.36
F005206,R002,2025-12-13 13:00:00,Boeing 737,160,Completed,13338.52,5168.5,2592.8,520.47
F005207,R003,2025-12-13 10:45:00,Airbus A320,180,Completed,10569.09,3616.28,2661.81,727.26
F005208,R004,2025-12-13 15:30:00,Airbus A320,180,Completed,10204.37,3857.66,2872.77,1193.23
F005209,R005,2025-12-13 07:30:00,Airbus A320,180,Delayed,3556.52,1143.98,2454.44,1264.52
F005210,R005,2025-12-13 14:45:00,Boeing 737,160,Completed,3454.59,1222.36,2708.21,711.09
F005211,R006,2025-12-13 09:00:00,Airbus A320,180,Completed,3234.78,1235.27,2488.66,574.48
F005212,R006,2025-12-13 07:45:00,Airbus A320,180,Completed,3130.81,1149.24,2261.79,1078.94
F005213,R007,2025-12-13 08:45:00,Airbus A320,180,Completed,3265.41,1234.4,1689.97,855.5
F005214,R008,2025-12-13 21:00:00,Boeing 737,160,Completed,3373.33,1293.81,1502.65,1143.25
F005215,R008,2025-12-13 21:00:00,Airbus A320,180,Completed,3713.78,1324.18,2615.07,728.59
F005216,R009,2025-12-13 18:30:00,Boeing 737,160,Completed,1059.49,392.47,1834.43,704.58
F005217,R009,2025-12-13 14:30:00,Boeing 737,160,Completed,1073.08,372.78,1540.24,1272.17
F005218,R010,2025-12-13 12:00:00,Boeing 737,160,Completed,1047.2,378.13,1938.69,822.68
F005219,R010,2025-12-13 20:30:00,Airbus A320,180,Completed,1053.06,383.07,1813.91,1190.97
F005220,R001,2025-12-14 10:15:00,Boeing 737,160,Completed,13985.96,5095.6,1773.73,808.57
F005221,R002,2025-12-14 09:00:00,Airbus A320,180,Completed,12948.28,5082.74,2962.02,1005.22
F005222,R003,2025-12-14 20:45:00,Boeing 737,160,Completed,10127.81,3643.98,1542.39,525.14
F005223,R004,2025-12-14 06:45:00,Boeing 737,160,Completed,9919.14,3587.63,2165.68,679.31
F005224,R004,2025-12-14 14:15:00,Boeing 737,160,Completed,10005.6,3674.65,1504.97,1268.99
F005225,R005,2025-12-14 14:45:00,Boeing 737,160,Completed,3254.76,1202.44,2686.72,1347.71
F005226,R006,2025-12-14 20:45:00,Airbus A320,180,Completed,3373.87,1147.97,2955.78,690.81
F005227,R007,2025-12-14 12:45:00,Boeing 737,160,Completed,3744.62,1256.43,1915.67,607.63
F005228,R007,2025-12-14 13:30:00,Airbus A320,180,Completed,3859.08,1332.04,1730.42,665.58
F005229,R008,2025-12-14 06:00:00,Airbus A320,180,Completed,3739.34,1263.01,1973.52,1223.5
F005230,R009,2025-12-14 11:45:00,Airbus A320,180,Delayed,1017.46,385.26,2746.76,1493.9
F005231,R009,2025-12-14 09:30:00,Airbus A320,180,Completed,1076.75,362.52,1807.17,1476.02
F005232,R010,2025-12-14 13:00:00,Boeing 737,160,Completed,1057.53,385.87,1994.2,882.92
F005233,R010,2025-12-14 08:45:00,Boeing 737,160,Completed,1102.42,369.49,2445.67,642.5
F005234,R001,2025-12-15 06:00:00,Boeing 737,160,Completed,13608.99,4912.45,2494.37,1271.11
F005235,R002,2025-12-15 22:45:00,Boeing 737,160,Completed,14343.35,4876.26,2454.75,1442.3
F005236,R002,2025-12-15 13:00:00,Airbus A320,180,Completed,12777.46,5006.46,1504.19,1400.34
F005237,R003,2025-12-15 18:15:00,Boeing 737,160,Delayed,10620.41,3680.06,2363.32,1328.05
F005238,R003,2025-12-15 11:45:00,Airbus A320,180,Completed,10509.42,3800.34,2662.06,678.99
F005239,R004,2025-12-15 16:15:00,Boeing 737,160,Completed,9293.47,3832.95,1745.28,760.15
F005240,R004,2025-12-15 12:45:00,Boeing 737,160,Delayed,10882.48,3517.11,1987.76,1102.59
F005241,R005,2025-12-15 15:30:00,Airbus A320,180,Completed,3367.71,1160.4,2674.5,615.04
F005242,R006,2025-12-15 14:30:00,Airbus A320,180,Completed,3055.17,1159.81,1803.76,777.95
F005243,R006,2025-12-15 10:45:00,Airbus A320,180,Completed,3555.31,1137.45,2032.12,1353.72
F005244,R007,2025-12-15 19:30:00,Boeing 737,160,Cancelled,3629.19,1225.44,2510.86,1395.7
F005245,R008,2025-12-15 17:00:00,Boeing 737,160,Completed,3730.2,1338.11,1634.47,1031.25
F005246,R009,2025-12-15 10:00:00,Airbus A320,180,Completed,998.7,359.24,1916.73,1241.82
F005247,R009,2025-12-15 19:45:00,Boeing 737,160,Completed,1053.03,385.45,2592.3,1186.3
F005248,R010,2025-12-15 08:30:00,Boeing 737,160,Completed,1073.01,364.07,2992.21,1268.7
F005249,R001,2025-12-16 11:45:00,Airbus A320,180,Delayed,13182.79,4889.85,1956.15,870.14
F005250,R002,2025-12-16 17:45:00,Boeing 737,160,Completed,14225.38,4993.53,2214.91,1474.15
F005251,R002,2025-12-16 08:00:00,Airbus A320,180,Completed,12258.64,4959.73,2421.46,1292.27
F005252,R003,2025-12-16 13:15:00,Boeing 737,160,Completed,10380.34,3617.04,2808.68,1260.76
F005253,R004,2025-12-16 09:30:00,Airbus A320,180,Completed,10430.11,3826.32,2756.79,1337.7
F005254,R005,2025-12-16 13:45:00,Boeing 737,160,Completed,3486.78,1222.51,1982.97,1276.03
F005255,R005,2025-12-16 15:15:00,Boeing 737,160,Completed,3561.64,1212.87,1605.45,1390.96
F005256,R006,2025-12-16 10:15:00,Boeing 737,160,Completed,3550.94,1224.01,2066.75,851.62
F005257,R006,2025-12-16 07:45:00,Boeing 737,160,Completed,3501.32,1134.6,2097.12,897.31
F005258,R007,2025-12-16 13:45:00,Airbus A320,180,Completed,3213.62,1291.77,1903.79,619.62
F005259,R008,2025-12-16 20:45:00,Boeing 737,160,Completed,3246.22,1291.65,1927.64,943.16
F005260,R008,2025-12-16 18:00:00,Airbus A320,180,Completed,3364.13,1271.77,1603.84,648.72
F005261,R009,2025-12-16 06:45:00,Airbus A320,180,Delayed,1072.14,372.22,2344.78,1008.44
F005262,R010,2025-12-16 14:15:00,Airbus A320,180,Completed,997.28,370.38,2296.54,891.71
F005263,R001,2025-12-17 11:45:00,Airbus A320,180,Completed,14757.57,4795.26,2544.04,512.21
F005264,R001,2025-12-17 07:45:00,Boeing 737,160,Completed,14699.82,4829.89,2721.56,1090.41
F005265,R002,2025-12-17 06:00:00,Boeing 737,160,Completed,14570.89,5099.42,1824.12,952.33
F005266,R002,2025-12-17 10:00:00,Boeing 737,160,Completed,14525.33,4891.52,2647.08,1021.88
F005267,R003,2025-12-17 14:00:00,Boeing 737,160,Completed,10978.02,3574.78,1940.66,1332.26
F005268,R004,2025-12-17 09:15:00,Airbus A320,180,Completed,9299.6,3799.85,1583.9,778.55
F005269,R004,2025-12-17 11:15:00,Boeing 737,160,Completed,9896.54,3717.87,2458.03,969.18
F005270,R005,2025-12-17 13:00:00,Boeing 737,160,Completed,3178.52,1189.5,1611.84,741.31
F005271,R006,2025-12-17 06:30:00,Airbus A320,180,Completed,3328.51,1164.7,2600.49,781.42
F005272,R007,2025-12-17 07:30:00,Boeing 737,160,Completed,3404.65,1295.44,1834.11,754.96
F005273,R007,2025-12-17 10:45:00,Boeing 737,160,Completed,3877.81,1308.07,2965.54,1122.25
F005274,R008,2025-12-17 19:00:00,Boeing 737,160,Completed,3612.67,1326.09,2138.93,1178.16
F005275,R009,2025-12-17 22:00:00,Airbus A320,180,Completed,989.07,358.32,2844.72,926.64
F005276,R009,2025-12-17 18:00:00,Boeing 737,160,Completed,1023.75,372.75,1728.17,1109.32
F005277,R010,2025-12-17 06:45:00,Airbus A320,180,Completed,935.97,391.54,2013.43,1018.88
F005278,R001,2025-12-18 10:30:00,Boeing 737,160,Completed,12945.34,5023.03,2226.79,1184.17
F005279,R001,2025-12-18 16:45:00,Boeing 737,160,Delayed,13026.81,4705.85,1845.71,697.3
F005280,R002,2025-12-18 08:45:00,Boeing 737,160,Completed,13469.09,4994.29,2413.29,678.07
F005281,R002,2025-12-18 10:30:00,Airbus A320,180,Completed,13976.41,4934.28,1895.95,1459.7
F005282,R003,2025-12-18 17:15:00,Boeing 737,160,Completed,11158.97,3535.19,2358.88,582.75
F005283,R003,2025-12-18 10:45:00,Boeing 737,160,Completed,9568.7,3851.59,2752.59,1483.31
F005284,R004,2025-12-18 21:45:00,Boeing 737,160,Completed,10216.97,3720.52,2775.5,665.42
F005285,R004,2025-12-18 22:15:00,Boeing 737,160,Completed,10390.58,3781.91,2612.09,763.92
F005286,R005,2025-12-18 14:15:00,Boeing 737,160,Completed,3097.8,1203.87,1675.78,813.35
F005287,R005,2025-12-18 16:45:00,Airbus A320,180,Completed,3333.66,1221.11,2508.3,870.66
F005288,R006,2025-12-18 12:30:00,Airbus A320,180,Delayed,3466.93,1158.11,2858.49,704.78
F005289,R007,2025-12-18 06:15:00,Airbus A320,180,Completed,3343.73,1277.24,2845.84,1315.81
F005290,R007,2025-12-18 10:15:00,Boeing 737,160,Completed,3369.5,1250.09,1717.12,1238.76
F005291,R008,2025-12-18 21:45:00,Airbus A320,180,Completed,3837.96,1239.15,1509.73,697.28
F005292,R008,2025-12-18 13:30:00,Boeing 737,160,Completed,3181.63,1308.85,2785.03,825.7
F005293,R009,2025-12-18 22:00:00,Airbus A320,180,Completed,1086.49,361.68,2838.47,541.67
F005294,R009,2025-12-18 11:45:00,Boeing 737,160,Completed,1000.8,368.29,2161.03,679.7
F005295,R010,2025-12-18 20:00:00,Airbus A320,180,Completed,1105.98,361.18,2459.69,1368.93
F005296,R001,2025-12-19 12:45:00,Boeing 737,160,Completed,13676.69,4884.26,2307.74,1326.42
F005297,R001,2025-12-19 10:45:00,Boeing 737,160,Completed,14308.73,5166.35,2496.59,1471.96
F005298,R002,2025-12-19 17:00:00,Boeing 737,160,Completed,12480.91,4800.49,1703.52,1441.13
F005299,R002,2025-12-19 06:15:00,Airbus A320,180,Completed,14339.35,5113.07,2811.62,1437.21
F005300,R003,2025-12-19 21:30:00,Airbus A320,180,Completed,10866.11,3708.55,2544.89,921.43
F005301,R003,2025-12-19 21:00:00,Boeing 737,160,Completed,11142.4,3872.02,2381.78,972.54
F005302,R004,2025-12-19 16:15:00,Boeing 737,160,Completed,10233.46,3722.76,2607.9,575.26
F005303,R005,2025-12-19 10:15:00,Airbus A320,180,Completed,3463.71,1167.82,2531.9,863.77
F005304,R006,2025-12-19 21:45:00,Airbus A320,180,Completed,3467.23,1168.06,1737.8,827.69
F005305,R007,2025-12-19 10:15:00,Boeing 737,160,Completed,3181.43,1341.57,2485.2,1284.93
F005306,R007,2025-12-19 19:30:00,Airbus A320,180,Cancelled,3737.02,1234.76,2348.67,1233.8
F005307,R008,2025-12-19 12:00:00,Airbus A320,180,Completed,3225.95,1304.79,2913.97,544.36
F005308,R009,2025-12-19 12:30:00,Airbus A320,180,Completed,940.92,390.87,2487.03,1029.28
F005309,R009,2025-12-19 22:15:00,Boeing 737,160,Completed,940.17,360.75,2373.32,1499.93
F005310,R010,2025-12-19 06:30:00,Boeing 737,160,Completed,1025.36,369.26,2243.05,1298.77
F005311,R010,2025-12-19 07:15:00,Airbus A320,180,Completed,1059.55,379.01,2040.44,1098.5
F005312,R001,2025-12-20 11:30:00,Boeing 737,160,Completed,14120.47,4892.24,1950.12,640.17
F005313,R001,2025-12-20 16:15:00,Boeing 737,160,Completed,14095.37,5169.41,2834.38,1259.7
F005314,R002,2025-12-20 06:00:00,Boeing 737,160,Completed,14659.02,4704.29,1649.19,1095.84
F005315,R002,2025-12-20 11:15:00,Airbus A320,180,Completed,12321.13,5088.58,2120.99,529.35
F005316,R003,2025-12-20 22:30:00,Airbus A320,180,Completed,10725.74,3607.82,2703.33,987.97
F005317,R003,2025-12-20 09:15:00,Boeing 737,160,Completed,10013.97,3799.17,2566.26,1493.58
F005318,R004,2025-12-20 12:15:00,Boeing 737,160,Completed,10589.79,3535.43,2883.35,554.82
F005319,R004,2025-12-20 15:15:00,Airbus A320,180,Completed,10555.93,3524.63,2386.91,968.98
F005320,R005,2025-12-20 16:45:00,Airbus A320,180,Delayed,3055.68,1194.57,2334.21,1460.76
F005321,R005,2025-12-20 08:45:00,Airbus A320,180,Completed,3242.6,1199.69,2570.1,1192.5
F005322,R006,2025-12-20 09:00:00,Boeing 737,160,Completed,3570.52,1170.99,2537.63,809.17
F005323,R007,2025-12-20 12:00:00,Boeing 737,160,Completed,3656.68,1231.6,1608.25,1027.82
F005324,R008,2025-12-20 06:30:00,Boeing 737,160,Completed,3668.81,1329.26,2240.9,814.71
F005325,R008,2025-12-20 08:00:00,Airbus A320,180,Completed,3603.79,1239.28,2121.76,524.31
F005326,R009,2025-12-20 09:45:00,Airbus A320,180,Completed,952.45,372.26,2815.23,589.43
F005327,R009,2025-12-20 09:00:00,Airbus A320,180,Completed,971.98,390.24,1527.9,1398.87
F005328,R010,2025-12-20 20:15:00,Airbus A320,180,Completed,938.9,370.15,2455.85,656.1
F005329,R001,2025-12-21 08:15:00,Airbus A320,180,Completed,14851.21,4789.93,2775.86,1152.67
F005330,R002,2025-12-21 15:00:00,Boeing 737,160,Completed,14607.79,5076.51,2082.25,887.52
F005331,R003,2025-12-21 18:00:00,Airbus A320,180,Delayed,10143.52,3837.64,1735.08,1132.77
F005332,R004,2025-12-21 17:00:00,Boeing 737,160,Completed,10018.79,3818.45,1807.05,1185.2
F005333,R004,2025-12-21 17:15:00,Boeing 737,160,Completed,11088.28,3641.21,1668.05,902.25
F005334,R005,2025-12-21 19:15:00,Airbus A320,180,Completed,3576.8,1132.84,2764.62,1076.19
F005335,R006,2025-12-21 09:45:00,Boeing 737,160,Completed,2963.49,1234.85,2498.31,1310.14
F005336,R006,2025-12-21 16:00:00,Boeing 737,160,Completed,3084.92,1143.52,2387.52,943.13
F005337,R007,2025-12-21 10:30:00,Boeing 737,160,Completed,3509.82,1229.87,2763.72,837.97
F005338,R008,2025-12-21 19:30:00,Boeing 737,160,Completed,3339.71,1224.3,2693.04,725.29
F005339,R008,2025-12-21 22:30:00,Airbus A320,180,Completed,3368.93,1246.27,1651.77,820.08
F005340,R009,2025-12-21 06:00:00,Airbus A320,180,Completed,946.63,360.6,2065.79,860.58
F005341,R010,2025-12-21 15:45:00,Boeing 737,160,Delayed,1059.02,365.32,2044.08,1465.09
F005342,R001,2025-12-22 13:30:00,Airbus A320,180,Completed,14612.33,4881.07,2574.91,1226.3
F005343,R002,2025-12-22 18:30:00,Boeing 737,160,Completed,12410.94,4950.99,2644.17,1414.86
F005344,R002,2025-12-22 06:15:00,Boeing 737,160,Completed,12711.85,4749.49,2966.31,605.16
F005345,R003,2025-12-22 18:00:00,Boeing 737,160,Completed,10867.05,3790.07,1548.52,1469.04
F005346,R004,2025-12-22 11:45:00,Airbus A320,180,Completed,10098.5,3638.21,1531.35,901.24
F005347,R005,2025-12-22 11:15:00,Airbus A320,180,Completed,3588.21,1215.72,2510.8,845.78
F005348,R005,2025-12-22 21:15:00,Boeing 737,160,Completed,3033.2,1129.02,2767.97,1445.7
F005349,R006,2025-12-22 08:00:00,Boeing 737,160,Completed,3190.85,1208.63,1841.22,987.89
F005350,R006,2025-12-22 15:00:00,Airbus A320,180,Completed,3130.75,1145.55,2945.74,1360.49
F005351,R007,2025-12-22 09:45:00,Airbus A320,180,Completed,3410.65,1226.16,1944.89,1080.47
F005352,R007,2025-12-22 17:00:00,Boeing 737,160,Completed,3208.02,1298.43,2846.6,1480.06
F005353,R008,2025-12-22 15:45:00,Boeing 737,160,Completed,3859.63,1272.35,2876.08,635.23
F005354,R008,2025-12-22 20:15:00,Airbus A320,180,Completed,3316.18,1298.56,1557.03,1283.32
F005355,R009,2025-12-22 22:15:00,Airbus A320,180,Completed,992.17,379.42,1674.64,1209.77
F005356,R010,2025-12-22 20:00:00,Boeing 737,160,Completed,1097.62,370.95,2159.54,612.35
F005357,R010,2025-12-22 07:45:00,Boeing 737,160,Completed,960.09,368.88,2003.44,1408.07
F005358,R001,2025-12-23 08:15:00,Airbus A320,180,Completed,14274.07,4925.3,1779.71,686.71
F005359,R002,2025-12-23 17:30:00,Boeing 737,160,Completed,13590.14,4834.12,1547.37,888.37
F005360,R003,2025-12-23 07:30:00,Airbus A320,180,Completed,10263.6,3711.83,2168.42,1113.56
F005361,R003,2025-12-23 12:45:00,Boeing 737,160,Completed,9191.11,3846.01,2644.87,1452.02
F005362,R004,2025-12-23 19:30:00,Airbus A320,180,Completed,11071.28,3557.84,1591.36,1340.74
F005363,R005,2025-12-23 15:45:00,Airbus A320,180,Completed,3411.31,1228.0,2999.96,876.02
F005364,R005,2025-12-23 20:30:00,Airbus A320,180,Completed,3051.1,1235.4,2332.62,1421.69
F005365,R006,2025-12-23 08:30:00,Boeing 737,160,Completed,3459.29,1226.99,2360.39,1064.79
F005366,R007,2025-12-23 20:00:00,Boeing 737,160,Completed,3535.82,1233.26,1716.38,844.35
F005367,R007,2025-12-23 16:00:00,Airbus A320,180,Completed,3341.06,1304.59,1729.69,1183.48
F005368,R008,2025-12-23 06:15:00,Boeing 737,160,Completed,3834.92,1304.12,2587.5,1261.23
F005369,R009,2025-12-23 09:00:00,Boeing 737,160,Completed,1085.88,362.24,2784.37,1309.32
F005370,R009,2025-12-23 07:30:00,Boeing 737,160,Cancelled,928.76,371.5,1828.97,514.97
F005371,R010,2025-12-23 07:15:00,Airbus A320,180,Completed,929.47,382.89,2456.02,963.92
F005372,R001,2025-12-24 10:00:00,Boeing 737,160,Completed,14250.8,4865.05,2766.9,1381.15
F005373,R001,2025-12-24 20:00:00,Airbus A320,180,Completed,14914.59,4847.65,2866.95,806.54
F005374,R002,2025-12-24 06:45:00,Boeing 737,160,Completed,14673.26,4824.88,2181.9,933.99
F005375,R002,2025-12-24 12:30:00,Boeing 737,160,Completed,12568.28,5044.95,2450.6,1245.11
F005376,R003,2025-12-24 19:45:00,Airbus A320,180,Completed,10372.88,3728.72,2192.76,663.5
F005377,R003,2025-12-24 18:15:00,Airbus A320,180,Completed,9597.79,3771.75,1827.66,1463.29
F005378,R004,2025-12-24 21:00:00,Boeing 737,160,Completed,10511.18,3741.73,1618.27,1166.78
F005379,R005,2025-12-24 16:45:00,Airbus A320,180,Completed,3440.01,1209.77,2963.46,1423.92
F005380,R006,2025-12-24 08:15:00,Airbus A320,180,Completed,3065.23,1234.66,2095.76,1151.88
F005381,R006,2025-12-24 13:15:00,Airbus A320,180,Completed,3191.63,1211.19,1628.77,1133.07
F005382,R007,2025-12-24 07:30:00,Boeing 737,160,Completed,3584.03,1278.26,1511.15,1180.71
F005383,R007,2025-12-24 11:15:00,Airbus A320,180,Completed,3701.32,1274.49,2593.33,715.02
F005384,R008,2025-12-24 07:00:00,Boeing 737,160,Completed,3856.89,1285.27,1894.19,787.24
F005385,R009,2025-12-24 17:45:00,Boeing 737,160,Completed,1091.2,383.34,1714.33,624.34
F005386,R010,2025-12-24 15:45:00,Airbus A320,180,Completed,1115.96,361.68,2167.85,755.34
F005387,R001,2025-12-25 13:30:00,Airbus A320,180,Completed,12580.79,5110.78,1985.43,848.99
F005388,R001,2025-12-25 19:30:00,Airbus A320,180,Completed,14708.89,5192.46,1596.32,597.71
F005389,R002,2025-12-25 22:30:00,Boeing 737,160,Completed,13352.57,4817.04,2455.63,518.83
F005390,R002,2025-12-25 22:30:00,Boeing 737,160,Completed,13745.41,4724.95,1947.32,1167.9
F005391,R003,2025-12-25 22:00:00,Airbus A320,180,Delayed,9896.17,3667.47,2278.62,1467.98
F005392,R003,2025-12-25 14:00:00,Boeing 737,160,Completed,10662.79,3755.13,1921.95,1448.0
F005393,R004,2025-12-25 22:15:00,Airbus A320,180,Completed,9270.91,3583.17,2538.72,533.98
F005394,R005,2025-12-25 12:45:00,Boeing 737,160,Cancelled,2991.39,1195.6,2534.32,1016.28
F005395,R005,2025-12-25 12:45:00,Boeing 737,160,Completed,3438.92,1198.63,1802.13,1244.43
F005396,R006,2025-12-25 15:30:00,Boeing 737,160,Completed,3364.97,1128.99,2847.15,1024.66
F005397,R007,2025-12-25 14:00:00,Boeing 737,160,Completed,3456.29,1280.73,1882.61,684.92
F005398,R008,2025-12-25 12:45:00,Boeing 737,160,Completed,3316.41,1247.88,2592.09,1148.98
F005399,R008,2025-12-25 11:45:00,Boeing 737,160,Completed,3566.58,1264.54,2847.11,1159.16
F005400,R009,2025-12-25 17:15:00,Boeing 737,160,Completed,1117.47,358.61,2096.29,563.46
F005401,R010,2025-12-25 13:15:00,Airbus A320,180,Completed,940.6,382.45,2638.84,955.08
F005402,R001,2025-12-26 10:45:00,Airbus A320,180,Completed,13878.89,4709.61,1739.8,1413.35
F005403,R002,2025-12-26 22:00:00,Boeing 737,160,Completed,13172.83,4717.49,2381.49,917.45
F005404,R002,2025-12-26 08:15:00,Boeing 737,160,Completed,13460.66,5016.18,2402.61,1040.05
F005405,R003,2025-12-26 07:15:00,Boeing 737,160,Completed,10736.08,3745.99,2275.34,773.89
F005406,R004,2025-12-26 13:30:00,Boeing 737,160,Completed,10818.09,3663.11,2274.87,648.64
F005407,R004,2025-12-26 11:00:00,Airbus A320,180,Completed,9477.61,3618.35,2267.52,599.13
F005408,R005,2025-12-26 16:45:00,Boeing 737,160,Completed,3091.37,1134.78,2542.53,998.3
F005409,R006,2025-12-26 08:30:00,Airbus A320,180,Completed,3261.26,1246.8,1915.43,1483.62
F005410,R007,2025-12-26 06:30:00,Airbus A320,180,Delayed,3481.45,1345.06,2830.46,658.46
F005411,R008,2025-12-26 19:15:00,Airbus A320,180,Completed,3559.7,1257.33,1994.59,685.82
F005412,R009,2025-12-26 19:00:00,Airbus A320,180,Completed,1116.27,385.33,1694.9,952.1
F005413,R009,2025-12-26 19:00:00,Airbus A320,180,Completed,1126.05,362.34,2814.01,1186.58
F005414,R010,2025-12-26 13:45:00,Boeing 737,160,Completed,1013.41,384.2,1937.67,1198.04
F005415,R001,2025-12-27 13:45:00,Airbus A320,180,Completed,14787.23,4823.12,1869.89,1241.34
F005416,R001,2025-12-27 17:45:00,Boeing 737,160,Delayed,14718.36,4953.56,2030.32,842.65
F005417,R002,2025-12-27 21:45:00,Airbus A320,180,Completed,13783.63,5043.06,1914.86,839.2
F005418,R002,2025-12-27 13:45:00,Boeing 737,160,Completed,13709.76,5039.66,2707.0,1411.99
F005419,R003,2025-12-27 20:30:00,Airbus A320,180,Delayed,10236.92,3716.21,1749.29,1258.58
F005420,R004,2025-12-27 07:30:00,Boeing 737,160,Completed,9683.27,3627.17,1773.62,1332.6
F005421,R004,2025-12-27 18:45:00,Boeing 737,160,Completed,9453.27,3871.47,2718.02,673.06
F005422,R005,2025-12-27 08:45:00,Boeing 737,160,Completed,3412.89,1242.95,2157.24,911.03
F005423,R005,2025-12-27 11:30:00,Boeing 737,160,Completed,3085.87,1222.72,2989.26,1226.24
F005424,R006,2025-12-27 15:15:00,Airbus A320,180,Completed,3107.22,1202.87,2155.56,1391.93
F005425,R007,2025-12-27 22:45:00,Airbus A320,180,Completed,3397.89,1233.3,2286.01,1276.7
F005426,R008,2025-12-27 20:00:00,Airbus A320,180,Completed,3770.85,1313.57,1810.47,1290.7
F005427,R009,2025-12-27 13:15:00,Airbus A320,180,Completed,932.29,380.59,2691.51,1088.05
F005428,R010,2025-12-27 17:00:00,Boeing 737,160,Completed,1108.18,370.39,2172.46,864.89
F005429,R001,2025-12-28 15:45:00,Boeing 737,160,Completed,13978.95,4977.35,2958.82,1185.49
F005430,R001,2025-12-28 21:00:00,Airbus A320,180,Completed,13324.72,5133.87,2006.08,814.55
F005431,R002,2025-12-28 22:30:00,Boeing 737,160,Completed,12389.53,4902.84,2668.22,1246.37
F005432,R003,2025-12-28 09:45:00,Boeing 737,160,Completed,10477.88,3578.91,1618.93,878.47
F005433,R003,2025-12-28 06:15:00,Airbus A320,180,Completed,9730.37,3645.67,2401.24,1202.38
F005434,R004,2025-12-28 22:00:00,Airbus A320,180,Completed,9570.06,3787.68,2844.13,1316.88
F005435,R005,2025-12-28 16:45:00,Airbus A320,180,Completed,3493.7,1171.6,2089.8,516.7
F005436,R005,2025-12-28 12:30:00,Boeing 737,160,Cancelled,3213.37,1172.88,1853.2,1024.89
F005437,R006,2025-12-28 15:45:00,Airbus A320,180,Completed,3186.74,1134.56,2556.31,1354.94
F005438,R007,2025-12-28 22:45:00,Airbus A320,180,Completed,3537.86,1222.54,1661.97,1139.42
F005439,R008,2025-12-28 19:15:00,Airbus A320,180,Delayed,3544.14,1251.24,1657.95,1302.0
F005440,R009,2025-12-28 09:15:00,Airbus A320,180,Completed,1051.63,387.69,1737.25,1242.41
F005441,R009,2025-12-28 12:00:00,Airbus A320,180,Cancelled,986.19,390.6,1605.23,663.33
F005442,R010,2025-12-28 14:30:00,Airbus A320,180,Completed,1096.67,377.99,2394.85,1419.7
F005443,R001,2025-12-29 11:30:00,Airbus A320,180,Completed,13305.84,5124.21,2633.67,985.11
F005444,R001,2025-12-29 13:00:00,Airbus A320,180,Completed,13995.38,5168.37,2022.69,1363.52
F005445,R002,2025-12-29 20:00:00,Airbus A320,180,Completed,12548.44,5092.31,1927.23,736.14
F005446,R003,2025-12-29 20:45:00,Airbus A320,180,Completed,11161.74,3731.21,2706.81,1156.43
F005447,R003,2025-12-29 12:15:00,Boeing 737,160,Completed,9688.62,3729.47,2219.16,967.91
F005448,R004,2025-12-29 21:30:00,Airbus A320,180,Completed,10720.48,3722.5,1677.4,632.18
F005449,R004,2025-12-29 15:30:00,Airbus A320,180,Completed,10498.23,3848.02,2307.14,1124.58
F005450,R005,2025-12-29 15:15:00,Boeing 737,160,Completed,3186.68,1198.46,2105.52,778.83
F005451,R005,2025-12-29 09:15:00,Airbus A320,180,Completed,3193.09,1160.62,2318.85,926.43
F005452,R006,2025-12-29 06:45:00,Airbus A320,180,Completed,3091.85,1237.05,2980.35,797.02
F005453,R006,2025-12-29 13:30:00,Boeing 737,160,Completed,3427.66,1235.42,1927.95,552.94
F005454,R007,2025-12-29 15:30:00,Airbus A320,180,Completed,3369.56,1276.62,2179.1,862.3
F005455,R007,2025-12-29 14:30:00,Boeing 737,160,Completed,3511.7,1270.71,1591.37,834.05
F005456,R008,2025-12-29 11:45:00,Airbus A320,180,Completed,3810.95,1276.41,2970.21,1372.08
F005457,R008,2025-12-29 13:00:00,Airbus A320,180,Completed,3442.18,1218.83,2173.25,668.34
F005458,R009,2025-12-29 13:30:00,Airbus A320,180,Cancelled,1033.27,377.68,2533.86,1175.96
F005459,R010,2025-12-29 17:45:00,Airbus A320,180,Completed,1020.08,388.61,2204.54,529.4
F005460,R001,2025-12-30 12:15:00,Airbus A320,180,Completed,13323.07,5172.05,2756.29,1430.33
F005461,R002,2025-12-30 15:45:00,Boeing 737,160,Completed,12501.69,5188.8,2666.56,567.05
F005462,R002,2025-12-30 18:15:00,Airbus A320,180,Completed,13357.64,4920.12,2647.85,1027.52
F005463,R003,2025-12-30 18:15:00,Boeing 737,160,Completed,10692.34,3652.25,2686.68,619.38
F005464,R004,2025-12-30 12:15:00,Airbus A320,180,Delayed,9401.32,3760.24,2422.46,921.38
F005465,R005,2025-12-30 14:45:00,Airbus A320,180,Completed,3179.62,1226.62,2350.53,952.51
F005466,R006,2025-12-30 13:45:00,Airbus A320,180,Completed,3116.08,1242.11,1872.67,756.71
F005467,R006,2025-12-30 16:30:00,Boeing 737,160,Completed,3026.52,1206.15,2070.44,548.4
F005468,R007,2025-12-30 08:15:00,Boeing 737,160,Completed,3805.24,1335.57,1745.28,509.15
F005469,R008,2025-12-30 11:00:00,Airbus A320,180,Completed,3346.47,1267.3,1538.82,1132.98
F005470,R009,2025-12-30 22:45:00,Airbus A320,180,Completed,1048.8,356.73,1619.45,669.41
F005471,R009,2025-12-30 12:15:00,Boeing 737,160,Completed,1087.25,367.12,2709.22,514.58
F005472,R010,2025-12-30 09:30:00,Airbus A320,180,Completed,992.93,381.09,2542.79,645.39
F005473,R010,2025-12-30 19:45:00,Boeing 737,160,Completed,1059.7,361.83,2173.6,1417.18
F005474,R001,2025-12-31 13:15:00,Boeing 737,160,Completed,14508.11,4918.27,2762.15,810.71
F005475,R002,2025-12-31 06:00:00,Airbus A320,180,Completed,12949.56,4861.14,2090.61,878.21
F005476,R003,2025-12-31 11:30:00,Boeing 737,160,Completed,10622.79,3611.27,1520.83,577.81
F005477,R003,2025-12-31 15:00:00,Airbus A320,180,Completed,10940.35,3754.16,2457.66,868.6
F005478,R004,2025-12-31 12:30:00,Airbus A320,180,Completed,9887.92,3837.17,2043.01,929.49
F005479,R005,2025-12-31 10:00:00,Boeing 737,160,Completed,3437.44,1192.95,2606.14,911.36
F005480,R006,2025-12-31 19:30:00,Airbus A320,180,Completed,3381.26,1137.64,2402.99,1322.1
F005481,R007,2025-12-31 22:00:00,Airbus A320,180,Completed,3652.17,1323.97,2973.12,839.65
F005482,R008,2025-12-31 11:30:00,Airbus A320,180,Completed,3261.35,1344.23,2502.53,922.84
F005483,R008,2025-12-31 06:45:00,Boeing 737,160,Completed,3762.19,1249.7,2936.03,1006.78
F005484,R009,2025-12-31 16:00:00,Boeing 737,160,Completed,1077.66,364.92,1565.05,1172.66
F005485,R009,2025-12-31 08:30:00,Boeing 737,160,Completed,1002.64,388.1,2827.05,638.56
F005486,R010,2025-12-31 07:30:00,Airbus A320,180,Completed,1083.8,370.92,2026.98,631.14
F005487,R010,2025-12-31 18:00:00,Airbus A320,180,Completed,948.0,378.65,2673.39,848.78
